id,name,anime_title,image,description,nicknames,traits,voice_actors
1,史派克·斯皮格尔,星际牛仔,https://s4.anilist.co/file/anilistcdn/character/large/b1-ChxaldmieFlQ.png,"Bebop号上的赏金猎人，李小龙般的截拳道高手。过去是火星犯罪组织""红龙""的成员，在一次背叛中假死脱身。绿色蓬松发型的太空牛仔。随身携带一包香烟。总是潇洒随意地解决事件然后大喊——""没有肉丝的青椒肉丝还叫什么青椒肉丝！""。他的故事始于一场梦也终于一场梦。See you space cowboy。",Spike Spiegel|史派克|Spike|太空牛仔,绿发|赏金猎人|截拳道|太空牛仔|Bebop|香烟|红龙过去|悲剧|SeeYouSpaceCowboy,山寺宏一
2,菲·瓦伦丁,星际牛仔,https://s4.anilist.co/file/anilistcdn/character/large/b2-0Iszg6Izgt4p.png,Bebop号上的女赏金猎人，失忆的冷冻睡眠者。实际年龄超过70岁但外表是20多岁的性感美女。擅长赌博和骗术，欠了一屁股债。被冷冻睡眠多年醒来后失去了所有记忆——为了寻找自己的过去而不断流浪。对史派克若即若离却离不开Bebop的伙伴们。,Faye Valentine|菲·瓦伦丁|Faye|フェイ,紫发|赏金猎人|失忆|冷冻睡眠|70岁外表|赌博|欠债|性感,林原惠美
3,杰特·布莱克,星际牛仔,https://s4.anilist.co/file/anilistcdn/character/large/b3-JjH9Si9UM1NZ.png,"Bebop号的船长，前ISSP警官。机械手臂是他被背叛的证明。喜欢盆栽和爵士乐。是整个Bebop团队中最可靠的成年人——但也是最被史派克坑的队友。擅长做一种叫""贝尔辣椒与牛肉没有牛肉""的料理。",Jet Black|杰特|Jet|ジェット,光头|机械臂|前警察|盆栽|爵士|船长|成年人|做饭难吃,石冢运升
5,黑崎一护,死神,https://s4.anilist.co/file/anilistcdn/character/large/b5-a7bkJgjhhigE.png,"代理死神——被露琪亚的斩魄刀刺穿后获得了死神之力。橘色头发的15岁高中生。拥有虚、死神、灭却师的混合血统。卍解·天锁斩月是动漫史上最经典的变身之一。为了保护身边的人他可以砍翻尸魂界。口头禅是""我要保护——""从来不说保护谁因为太多了数不过来。",Ichigo Kurosaki|黑崎一护|Ichigo|一护,橘发|死神|斩魄刀|卍解|天锁斩月|虚化|灭却师血统|代理死神|高中生,森田成一
6,朽木露琪亚,死神,https://s4.anilist.co/file/anilistcdn/character/large/b6-25WoBeWMZXBc.png,"尸魂界四大贵族朽木家的养女，护廷十三番队副队长。将死神之力借给一护后彻底改变了两人的命运。斩魄刀·袖白雪——尸魂界最美的斩魄刀。外表娇小但气场强大。与一护是跨越生死的搭档关系。""我并不是因为你是死神才救你——而是因为你是你。""",Rukia Kuchiki|朽木露琪亚|Rukia|露琪亚,黑发|死神|朽木家|袖白雪|副队长|娇小|一护搭档,折笠富美子
7,井上织姬,死神,https://s4.anilist.co/file/anilistcdn/character/large/b7-JdR4betokDjR.jpg,"一护的同班同学和好友。拥有""盾舜六花""——拒绝神的力量，可以否定现象进行治愈和防御。温柔的治愈系少女。对一护默默喜欢。她的""拒绝神之力""是整场千年血战中扭转战局的关键——""我拒绝""。",Orihime Inoue|井上织姬|Orihime,橘发|盾舜六花|治愈|拒绝神|温柔|暗恋一护,松冈由贵
11,爱德华·艾尔利克,钢之炼金术师,https://s4.anilist.co/file/anilistcdn/character/large/b11-TA5Nuk7EDUZG.jpg,"史上最年轻的国家炼金术师，被称为""钢之炼金术师""。12岁时与弟弟阿尔想要复活死去的母亲而进行了人体炼成，代价是失去左腿和右手。矮个子是他最在意的事（谁提跟谁急）。性格倔强但正义感极强，踏上寻找贤者之石的旅程。",Edward Elric|爱德华·艾尔利克|爱德|钢之炼金术师|Fullmetal|豆丁,金发|金色眼瞳|矮个子|国家炼金术师|机械铠|倔强|正义|天才|弟控|豆丁|人体炼成禁忌,朴璐美
12,阿尔冯斯·艾尔利克,钢之炼金术师,https://s4.anilist.co/file/anilistcdn/character/large/b12-tCKu8yK5kFL5.jpg,爱德华的弟弟，在人体炼成失败后失去了整个身体，灵魂被固定在一副巨大盔甲中。性格温柔善良，虽然外表恐怖内心却比任何人都温柔。擅长格斗术，盔甲身躯让他百毒不侵。与哥哥共同寻找恢复身体的方法。,Alphonse Elric|阿尔冯斯·艾尔利克|阿尔|Al|盔甲弟弟,无身体|盔甲|温柔|善良|格斗术|灵魂固定|爱猫|钢铁之躯|恢复身体|弟弟,钉宫理惠
13,宇智波佐助,火影忍者,https://s4.anilist.co/file/anilistcdn/character/large/b13-SISLEw1oAD7a.png,"宇智波一族的末裔，鸣人永远的对手和最好的朋友。幼时目睹全族被哥哥鼬屠杀，从此以复仇为生存意义。拥有写轮眼和千鸟。在经历了漫长的黑暗之路后最终回归木叶，成为支撑火影的""另一个火影""。",Sasuke Uchiha|佐助|うちはサスケ|宇智波佐助,黑发|写轮眼|千鸟|宇智波|复仇|轮回眼|鸣人对手|叛忍|赎罪,杉山纪彰
16,艾德,星际牛仔,https://s4.anilist.co/file/anilistcdn/character/large/b16-80wd87nl1Rue.png,Bebop号的天才黑客少女——全名爱德华·王·侯·比勃·提布鲁斯基四世。13岁的超级黑客用一台旧电脑就能黑入任何系统。性格天真古怪，整天赤脚跑来跑去。带着一只数据狗Ein。最后在Bebop甲板上画了个笑脸后潇洒离开。,Edward Wong Hau Pepelu Tivrusky IV|艾德|Ed|爱德华,红发|天才黑客|13岁|赤脚|数据狗|天真|古怪|笑脸|再见,多田葵
17,漩涡鸣人,火影忍者,https://s4.anilist.co/file/anilistcdn/character/large/b17-phjcWCkRuIhu.png,"木叶隐村的忍者，体内封印着九尾妖狐。从小被全村孤立却从未放弃成为火影的梦想。使用多重影分身之术和螺旋丸战斗。最终实现了梦想成为第七代火影，拯救了忍者世界。口头禅是""这就是我的忍道！""。",Naruto Uzumaki|鸣人|うずまきナルト|九尾人柱力|七代目火影,金发|蓝色眼瞳|火影|九尾人柱力|螺旋丸|影分身|吊车尾|永不放弃|嘴遁|仙术,竹内顺子
26,金·富力士,全职猎人,https://s4.anilist.co/file/anilistcdn/character/large/26-VpZXIwOdcz8p.jpg,小杰的父亲，世界五大念能力者之一。身为二星猎人却从不履行猎人的职责，是个彻底的不负责任父亲——把小杰留给鲸鱼岛的阿姨后就消失了。但所有认识他的人都对他赞誉有加。Greed Island的创造者之一。,Ging Freecss|金·富力士|Ging|金,黑发|二星猎人|念能力者|不负责任父亲|天才|Greed Island|世界五大,暂未收录
27,奇犽·揍敌客,全职猎人,https://s4.anilist.co/file/anilistcdn/character/large/b27-Z5O02kQUydpT.jpg,杀手家族揍敌客的继承人，小杰最好的朋友。银发的天才少年。从出生被训练成完美的杀人机器却选择背叛家族去寻找自己的人生。使用电光石火般的暗杀术和溜溜球作为武器。念能力变化系——将电转化为自己的力量。,Killua Zoldyck|奇犽|Killua|奇犽·揍敌客,银发|杀手家族|天才|溜溜球|变化系|电击|嗜甜|小杰挚友|背叛家族,伊濑茉莉也
28,酷拉皮卡,全职猎人,https://s4.anilist.co/file/anilistcdn/character/large/b28-ivA7UGnfE40a.png,"窟卢塔族最后的幸存者，全族人的眼球被幻影旅团挖走制成""火红眼""收藏品。以复仇为动力成为猎人。念能力具现化系——创造了只能对幻影旅团使用的绝对契约锁链。平时冷静理性但在面对旅团时双眼会变得火红而失去理智。",Kurapika|酷拉皮卡|クラピカ,金发|火红眼|窟卢塔族|复仇|锁链|具现化系|冷静|幻影旅团追杀者,泽城美雪
29,雷欧力·帕拉丁奈特,全职猎人,https://s4.anilist.co/file/anilistcdn/character/large/b29-RgzoSeKmDYzl.jpg,想要成为医生的猎人，四人组中最年长的成员。外表像30岁的大叔但实际只有19岁。贪财好色但内心极为善良，成为医生的动机是无法忘记因病逝去的朋友。念能力放出系——通过隔空打出的拳头进行治疗。,Leorio Paradinight|雷欧力|Leorio|大叔,黑发|大叔脸|19岁|爱财|好色|医生志愿|放出系|善良|大哥,藤原启治
30,小杰·富力士,全职猎人,https://s4.anilist.co/file/anilistcdn/character/large/b30-lyFExKyDhefc.jpg,"12岁的少年猎人，鲸鱼岛出身。拥有超强的野性直觉和无限的成长潜力。为了寻找父亲金而踏上猎人之路。性格单纯天真但面对敌人时展现出令人震惊的黑暗面——""因为我比你强""。念能力为强化系。",Gon Freecss|小杰|Gon|杰·富力士,黑发|刺猬头|12岁|强化系|猎人|正义|野性直觉|单纯|黑暗面|寻找父亲,潘惠美
40,蒙奇·D·路飞,海贼王,https://s4.anilist.co/file/anilistcdn/character/large/b40-MNypXsxSRb1R.png,草帽海贼团船长，橡胶果实能力者。梦想成为海贼王，性格天真热血、重视伙伴胜过一切。拥有霸王色霸气，悬赏金30亿贝利。东海风车村出身，爷爷是海军英雄卡普，父亲是革命军首领龙。,Monkey D Luffy|蒙奇·D·路飞|路飞|草帽小子|橡胶人|海贼王,黑发|黑色眼瞳|热血|天真|吃货|橡胶果实|霸王色霸气|四皇|悬赏金30亿|D之一族|船长|肉食系,田中真弓
61,妮可·罗宾,海贼王,https://s4.anilist.co/file/anilistcdn/character/large/b61-ywXUyyocEEqt.png,草帽海贼团的考古学家，花花果实能力者。8岁时就被世界政府悬赏7900万贝利，是全世界唯一能解读历史正文的人。性格冷静知性，梦想是了解空白的100年历史真相。擅长暗杀和关节技，能在任何地方长出身体部位。悬赏金9亿3000万贝利。,罗宾|Robin|Nico Robin|恶魔之子|花花果实,黑发|蓝色眼瞳|高挑|冷静|知性|考古学家|花花果实|历史正文|悬赏金9.3亿|恶魔果实|暗杀术|奥哈拉幸存者,山口由里子
62,罗罗诺亚·索隆,海贼王,https://s4.anilist.co/file/anilistcdn/character/large/b62-S7oAeA9WInjV.png,"罗罗诺亚·索隆是草帽海贼团的剑士，悬赏金位居团内第二。他使用三刀流剑术，梦想成为""世界第一大剑豪""。性格刚毅豪放，但方向感极差。",索隆|Zoro|Roronoa Zoro|三刀流|海贼猎人|魔兽,绿发|黑色眼瞳|肌肉发达|刚毅|豪放|路痴|剑士|三刀流|海贼猎人|悬赏金11亿|霸王色霸气|世界第一大剑豪,中井和哉
63,温莉·洛克贝尔,钢之炼金术师,https://s4.anilist.co/file/anilistcdn/character/large/63-xloedtYxiJ2E.jpg,爱德华和阿尔冯斯的青梅竹马，天才机械铠技师。从祖母那里继承了机械铠修理技术，负责维护爱德华的机械铠。性格开朗坚强，对爱德和阿尔有着深厚的感情。生气时用扳手打人毫不手软。,Winry Rockbell|温莉·洛克贝尔|Winry|机械铠天才,金发|机械铠技师|青梅竹马|扳手|开朗|坚强|天才女技师|医务者,高本惠
68,罗伊·马斯坦古,钢之炼金术师,https://s4.anilist.co/file/anilistcdn/character/large/b68-moBLY2WO2am3.png,"国家炼金术师，被称为""焰之炼金术师""。使用带有炼成阵的特制手套制造火焰。东方司令部所属，梦想成为大总统来改善这个国家。外表玩世不恭但极有野心和正义感。下雨天战斗力归零，人称""雨无能""。",Roy Mustang|罗伊·马斯坦古|Mustang|焰之炼金术师|大佐|无能大佐,黑发|焰之炼金术师|火焰|手套|大总统梦想|野心|正义|雨无能|玩世不恭|东方司令部,三木真一郎
70,莉莎·霍克艾,钢之炼金术师,https://s4.anilist.co/file/anilistcdn/character/large/b70-k4bCgDspyOdI.png,"马斯坦古的副官和贴身护卫，被称为鹰眼。枪法精准无比，百发百中。马斯坦古称她为""我的女王""。性格冷静忠诚，始终守护着马斯坦古的背后——因为""他背后有我看不到的弱点""。",Riza Hawkeye|莉莎·霍克艾|霍克艾|鹰眼|中尉,金发|短发|鹰眼|神枪手|副官|冷静|忠诚|狙击|马斯坦古背后,根谷美智子
71,L,死亡笔记,https://s4.anilist.co/file/anilistcdn/character/large/b71-1W4panC53vfs.png,世界最顶尖的侦探，真实姓名L·Lawliet。用超凡的推理能力追查基拉的真实身份。习惯蹲坐在椅子上，极度爱吃甜食。赤脚走路，黑眼圈极重。虽然外表古怪但智力不输夜神月，两人的智斗是整个故事的核心。,L Lawliet|L|L·Lawliet|世界第一侦探|龙崎,黑发|黑眼圈|甜食控|蹲坐|侦探|世界第一|推理|赤脚|孤僻|正义,山口胜平
75,琉克,死亡笔记,https://s4.anilist.co/file/anilistcdn/character/large/b75-IkEpzO21LgFy.jpg,死神界的死神，因为无聊故意将自己的死亡笔记丢到人间。喜欢吃苹果，声称苹果对死神来说就像人类的烟酒一样。以旁观者姿态观察夜神月使用死亡笔记，但偶尔也会给予关键提示。外表恐怖但性格随性。,Ryuk|琉克|Ryuk|死神|苹果死神,死神|苹果控|旁观者|随性|恐怖外表|死亡笔记原持有者|翅膀|死神之眼,中村狮童
80,夜神月,死亡笔记,https://s4.anilist.co/file/anilistcdn/character/large/b80-26EhwSsSqQ50.png,"天才高中生，在全国统考中排名第一。捡到死神琉克故意丢到人间的死亡笔记后，化名""基拉""开始制裁罪犯。拥有超凡的智慧和冷静的判断力，在追求成为""新世界的神""的过程中逐渐堕入黑暗。名言是""计划通り""。",Light Yagami|夜神月|基拉|Kira|新世界的神|Light,棕发|棕色眼瞳|天才|冷静|腹黑|基拉|死亡笔记|高中生|全国第一|新世界的神,宫野真守
81,日向雏田,火影忍者,https://s4.anilist.co/file/anilistcdn/character/large/b81-t1aMk5UB6h9p.png,"日向一族宗家长女，拥有白眼。从小性格内向害羞但一直默默暗恋着鸣人。在佩恩入侵木叶时不顾实力差距独自冲向佩恩保护鸣人——""因为我最喜欢鸣人君了""。最终成为鸣人的妻子。",Hinata Hyuuga|雏田|日向雏田|ヒナタ,黑发|白眼|日向一族|内向|暗恋鸣人|柔拳|勇敢|鸣人妻子,水树奈奈
85,旗木卡卡西,火影忍者,https://s4.anilist.co/file/anilistcdn/character/large/b85-mkVBh2yjxjmx.png,"木叶的精英上忍——拷贝忍者卡卡西。拥有从好友带土那里继承的写轮眼，能复制上千种忍术。第七班的导师，永远戴面罩看《亲热天堂》。名言是""不遵守规矩的人是废物，但不珍惜同伴的人连废物都不如""。第六代火影。",Kakashi Hatake|卡卡西|はたけカカシ|拷贝忍者,银发|面罩|写轮眼|拷贝忍者|亲热天堂|雷切|第六代火影|第七班导师,井上和彦
86,绫波丽,新世纪福音战士,https://s4.anilist.co/file/anilistcdn/character/large/86-cA1zL7fyls8E.jpg,EVA零号机驾驶员，三无少女的元祖。蓝发红瞳的人造人少女。几乎没有表情和情感——她被制造出来有无数个备用的自己。但在与真嗣的相处中第一次产生了想保护某个人的念头。她的微笑是整个EVA中最珍贵的瞬间。,Rei Ayanami|绫波丽|Rei|綾波レイ|女神,蓝发|红色眼瞳|三无|人造人|EVA驾驶员|沉默|微笑|牺牲,林原惠美
87,奇诺,奇诺之旅,https://s4.anilist.co/file/anilistcdn/character/large/b87-1sKGYKWY8EHQ.jpg,"骑着摩托车在各个国家间旅行的旅人。在每个国家只停留三天——不多也不少。用手中的枪和冷静的头脑解决旅途中遇到的各种事态。中性打扮的短发少年（女）——性别不重要因为奇诺就是奇诺。""世界并不美丽——但正因为如此才美丽。""",Kino|奇诺|キノ,短发|中性|旅人|枪手|三天|摩托车|冷静|哲学家,暂未收录
88,汉密斯,奇诺之旅,https://s4.anilist.co/file/anilistcdn/character/large/n88-yhTNhq67e5U2.png,"奇诺的摩托车——会说话的Brough Superior。奇诺唯一的旅伴和最好的朋友。总是用最毒舌的方式吐槽奇诺的各种决定但也是最可靠的伙伴。""我觉得这是个坏主意""——他每次都会这么说而奇诺每次都会继续前进。",Hermes|汉密斯|エルメス,摩托车|会说话|毒舌|伙伴|Brough Superior,暂未收录
89,碇真嗣,新世纪福音战士,https://s4.anilist.co/file/anilistcdn/character/large/b89-ZtZhXkh1rITn.png,"14岁的EVA初号机驾驶员，被父亲碇源堂抛弃多年后突然被叫来驾驶巨大的机器人战斗。极度内向自卑，渴望得到父亲的认可和别人的需要。每次驾驶EVA都会受伤但总是回来——因为他害怕不被需要的孤独比死亡更可怕。史上最经典的""废柴主角""。",Shinji Ikari|碇真嗣|Shinji|真嗣,棕发|14岁|EVA驾驶员|内向|自卑|渴望认可|S-DAT|大提琴|废柴主角,绪方惠美
94,惣流·明日香·兰格雷,新世纪福音战士,https://s4.anilist.co/file/anilistcdn/character/large/b94-d631a3Z2KPvd.png,"EVA二号机驾驶员，德日混血的天才少女。外表高傲自信但内心极度脆弱——母亲的发疯和自杀是她最深的创伤。通过成为最优秀的驾驶员来证明自己的存在价值。她的崩溃是整部作品中最令人心碎的部分之一。口头禅是""你笨蛋啊？""。",Asuka Langley Souryuu|明日香|Asuka|アスカ,红发|混血|天才少女|傲娇|EVA驾驶员|童年创伤|骄傲|崩溃|名校毕业,宫村优子
136,露易丝,零之使魔,https://s4.anilist.co/file/anilistcdn/character/large/b136-UQtsjr2SZdIO.png,"魔法学院的学生，粉色长发，性格傲娇任性。虽然出身名门贵族，却因为魔法总是失败（只会引发爆炸）而被同学嘲笑为""零之露易丝""。她召唤出了来自异世界的使魔，两人的相遇彻底改变了她的人生。她表面骄傲强势，实则内心敏感自卑。那份傲娇之下的努力与成长，令人动容。",Louise|露易丝|零之露易丝,粉色长发|粉瞳|魔法使|傲娇|贵族|平胸|召唤使魔|爆炸,Rie Kugimiya
137,平贺才人,零之使魔,https://s4.anilist.co/file/anilistcdn/character/large/137.jpg,"从现代日本被召唤到异世界的少年，成为了某位少女的使魔。黑发，性格耿直热血。他获得了""神之左手""的能力，能自如操控武器，成为了可靠的战士。他身处完全陌生的世界，却凭借勇气与正义感一次次保护身边的人。那份朴素而坚定的守护之心，是他最可贵的品质。",Saito Hiraga|才人|平贺才人,黑发|黑瞳|使魔|异世界人|剑士|后宫|耿直|守护,Satoshi Hino
145,春野樱,火影忍者,https://s4.anilist.co/file/anilistcdn/character/large/b145-IorfpI8arxeX.png,木叶的医疗忍者，第七班成员。从小暗恋佐助，后来成长为纲手亲传的顶尖医疗忍者。拥有怪力拳和百豪之术。虽然在战斗力上不如鸣人和佐助但她的医疗忍术在第四次忍界大战中拯救了无数生命。,Sakura Haruno|小樱|春野樱|春野サクラ,粉发|医疗忍者|怪力|百豪之术|纲手弟子|暗恋佐助|第七班|成长,中村千绘
147,绯村剑心,浪客剑心,https://s4.anilist.co/file/anilistcdn/character/large/b147-miunGYp6fkzb.png,"明治时代的流浪剑客——曾经的""刽子手拔刀斋""。在幕末时期是令人闻风丧胆的最强杀手。新时代他发誓不再杀任何人改用逆刃刀流浪。红色头发和十字伤疤是标志。在神谷道场找到了新的归宿——""为了保护身边的人而挥剑。""",Kenshin Himura|绯村剑心|Kenshin|拔刀斋|剣心,红发|十字疤|逆刃刀|流浪|前杀手|不杀|明治|飞天御剑流,暂未收录
148,神谷薰,浪客剑心,https://s4.anilist.co/file/anilistcdn/character/large/b148-4FiP3CHKw8IM.png,"神谷活心流道场的师范代——独自苦苦支撑着父亲留下的道场。遇到剑心后给了他一个可以停留的地方。性格坚强直率是剑心新时代的第一个支撑。""这里是你的家——不管你过去是谁。""",Kaoru Kamiya|神谷薰|Kaoru|薫,黑发|道场|师范代|坚强|剑心的归宿|直率,暂未收录
149,相乐左之助,浪客剑心,https://s4.anilist.co/file/anilistcdn/character/large/b149-YxCJj4qtMUzB.jpg,"前赤报队队员——用拳头和斩马刀战斗的豪爽汉子。最初找剑心打架打输了反而成了最好的朋友和战友。背后大大的""恶""字代表了他对所有不公的反抗。虽然外表粗犷但会为了保护小孩不惜拼命。",Sanosuke Sagara|相乐左之助|Sanosuke|左之助,黑发|斩马刀|恶字|豪爽|打架|战友|前赤报队,暂未收录
150,明神弥彦,浪客剑心,https://s4.anilist.co/file/anilistcdn/character/large/b150-TdeyGWxyLx2l.png,"神谷道场最年轻的弟子——武士家的末裔。性格倔强好胜不服任何大人。以剑心为榜样拼命练剑。""我也要成为像剑心那样强大的剑士——保护需要保护的人。""",Yahiko Myojin|明神弥彦|Yahiko|弥彦,黑发|少年|武士之魂|倔强|剑心徒弟|成长,暂未收录
235,四月一日君寻,四月一日灵异事件簿,https://s4.anilist.co/file/anilistcdn/character/large/b235-TUmZb6fdlJmL.png,"拥有吸引妖怪体质的少年——父母双亡后在侑子的店里打工来偿还""看见妖怪""的代价。家务全能但每天都在抱怨侑子使唤他。在帮助客人实现愿望的过程中逐渐看到了世界的真相。""侑子小姐——我还有多少时间？""",Kimihiro Watanuki|四月一日君寻|Watanuki,黑发|见妖|家务|打工|代价|侑子店员,Jun Fukuyama
236,壹原侑子,四月一日灵异事件簿,https://s4.anilist.co/file/anilistcdn/character/large/b236-xWbhQJYxYn2P.png,"实现愿望的魔女——""次元的魔女""。黑长直的绝美女性经营着一家只要付出代价就能实现任何愿望的店。蝴蝶、烟斗和华丽的和服是她的标志。知道所有世界的事——包括她自己的结局。""这世上没有偶然——只有必然。""",Yuuko Ichihara|壹原侑子|Yuuko|侑子,黑发|长直|魔女|蝴蝶|烟斗|和服|必然|代价,Sayaka Oohara
246,孙悟空,龙珠,https://s4.anilist.co/file/anilistcdn/character/large/246-wsRRr6z1kii8.png,来自赛亚人的战士，被送到地球后由爷爷抚养长大。黑发，性格纯真善良，却是个不折不扣的战斗狂。他对强者充满向往，在不断突破极限中成长为地球乃至宇宙的最强战士之一。他心地纯净，永远相信他人，为了保护地球和同伴不惜一切。那份天真与强大并存的魅力，让他成为一代人的偶像。,Gokuu Son|孙悟空|悟空|卡卡罗特,黑发|黑瞳|赛亚人|龟派气功|纯真|战斗狂|善良|超级赛亚人,Masako Nozawa
249,长门有希,凉宫春日的忧郁,https://s4.anilist.co/file/anilistcdn/character/large/b249-2YImP6IQTe8t.png,SOS团所属的文艺部部员，眼镜加短发的冷面少女。真实身份是宇宙统合思念体的外星人——被派来观察凉宫春日。拥有近乎无限的信息操控能力但极度寡言。唯一的爱好是看书。在某个事件中展现了对阿虚超越任务范畴的情感。眼镜和没有眼镜是有希的两个版本。,Yuki Nagato|长门有希|Yuki|大萌神|長門有希,紫发|短发|眼镜|外星人|寡言|看书|观察者|无表情|情报操控|文学少女,茅原实里
251,凉宫春日,凉宫春日的忧郁,https://s4.anilist.co/file/anilistcdn/character/large/b251-8DTaCNkSvBQ8.png,"高中一年级的少女，对""不可思议的人事物""以外的一切不感兴趣。在开学的自我介绍中说""未来人、外星人、超能力者来找我吧！""而成立SOS团。无意识中拥有改变世界的力量——她的想法能扭曲现实本身。性格唯我独尊但对团员们有着深深的依恋。",Haruhi Suzumiya|凉宫春日|Haruhi|团长|涼宮ハルヒ,棕发|黄发带|唯我独尊|神|现实扭曲者|SOS团团长|元气|任性|孤独,平野绫
252,阿虚,凉宫春日的忧郁,https://s4.anilist.co/file/anilistcdn/character/large/b252-2V9wYXSAktsX.png,"SOS团唯一的普通人（？），本名不详。被春日拉入SOS团成为她的专属吐槽役和""奴隶""。口头禅是""やれやれ""。虽然嘴上抱怨但从不缺席任何SOS团的活动，是唯一能与春日平等对话的人——也是春日最在意的人。",Kyon|阿虚|キョン|吐槽之王,棕发|普通人|吐槽役|やれやれ|旁观者|凉宫春日的吐槽对象|第一人称叙述者,杉田智和
253,朝比奈实玖瑠,凉宫春日的忧郁,https://s4.anilist.co/file/anilistcdn/character/large/b253-opGQ1w4AdkEK.jpg,"SOS团的""吉祥物""，来自未来的时间旅行者。比阿虚高一年级的前辈，被春日以""萌元素""为由强行拉入社团。性格胆小怕生，经常被春日强迫cosplay各种服装。用眼泪和可爱征服了所有团员（和读者）。实际在未来是非常干练的女性。",Mikuru Asahina|朝比奈实玖瑠|Mikuru|みくる|实玖瑠,棕发|巨乳|未来人|时间旅行|吉祥物|胆小|cosplay|写真|可爱|萌元素,后藤邑子
254,古泉一树,凉宫春日的忧郁,https://s4.anilist.co/file/anilistcdn/character/large/b254-ZyIHZUY6yz4W.png,"转学到北高的美少年，SOS团所属的超能力者（机关成员）。在春日情绪不稳定时会在闭锁空间中战斗。永远保持着优雅的微笑，无论面对什么事都能用从容的态度化解。和阿虚形成""超能力者×普通人""组合。",Itsuki Koizumi|古泉一树|Koizumi|古泉,棕发|美少年|超能力者|微笑|机关|转学生|闭锁空间|优雅,小野大辅
267,草壁皋月,龙猫,https://s4.anilist.co/file/anilistcdn/character/large/267.jpg,搬到乡下的小学生姐姐——在妈妈住院期间懂事地照顾着妹妹小梅。坚强倔强但当小梅失踪时她唯一求助的对象是森林里那个巨大的精灵。坐在龙猫肚子上的她终于可以放下所有的逞强做一个普通的小孩子。,Satsuki Kusakabe|草壁皋月|Satsuki,棕发|姐姐|小学生|懂事|坚强|龙猫|童年,暂未收录
268,草壁梅,龙猫,https://s4.anilist.co/file/anilistcdn/character/large/268.jpg,小月的妹妹——精力旺盛的4岁小女孩。第一个发现了龙猫的踪迹然后径直追进树丛的隧道。在龙猫的肚子上一蹦一跳然后趴着睡着了——全世界最治愈的画面。走丢的那一天龙猫让猫巴士载着姐姐找到了她。,Mei Kusakabe|草壁梅|Mei|メイ,棕发|4岁|妹妹|元气|发现龙猫|走丢|纯真,暂未收录
269,龙猫,龙猫,https://s4.anilist.co/file/anilistcdn/character/large/b269-sbPL4w1ygjSe.jpg,"森林的精灵——只有小孩子才能看见的巨大毛茸茸的存在。在雨夜的公交站和一把伞下与小月小梅姐妹相遇。用旋转飞翔和猫巴士载着孩子们飞过乡村的夜空。没有任何反派没有任何冲突——只有最纯粹最幸福的童年魔法。""TO-TO-RO——""",Totoro|龙猫|トトロ|多多龙,灰色|巨大|森林精灵|毛茸茸|猫巴士|童年|魔法|纯真,暂未收录
305,文斯莫克·山治,海贼王,https://s4.anilist.co/file/anilistcdn/character/large/b305-6lisPmHtCnLT.png,草帽海贼团厨师，踢技高手。金发、卷眉毛、永远叼着烟。绅士风度，绝不踢女人。梦想找到传说之海All Blue。出身于杰尔马66暗杀家族，但逃离了那个冷酷的家庭。悬赏金10亿3200万贝利。,Sanji|Vinsmoke Sanji|山治|香吉士|黑足山治|Mr. Prince,金发|卷眉毛|绅士|烟不离口|厨师|踢技|黑脚|悬赏金10亿|All Blue|杰尔马66|好色|骑士道,平田广明
309,托尼托尼·乔巴,海贼王,https://s4.anilist.co/file/anilistcdn/character/large/b309-H64NhbJ2ywIQ.jpg,托尼托尼·乔巴是草帽海贼团的船医，一只吃了人人果实的驯鹿。他是天才医生，能用蓝波球强化自身进行七段变形。天真可爱，容易被夸赞所骗。,乔巴|Chopper|Tony Tony Chopper|船医|驯鹿,棕发|棕色眼瞳|矮小|天真|单纯|容易被骗|船医|驯鹿|人人果实|蓝波球|七段变形|悬赏金100贝利,大谷育江
310,樱木花道,灌篮高手,https://s4.anilist.co/file/anilistcdn/character/large/b310-3GLKM2I3EiRf.png,"湘北高中一年级，红发的篮球天才（自称）。初中时被50个女生拒绝后对篮球产生了完全的误解——为了追求晴子加入篮球部。虽然只打了四个月篮球却拥有怪物级的体格和弹跳力。每天进行""基础练习""的罚球和篮板球一步步成为真正的篮球手。名言是""因为我是天才""。",Hanamichi Sakuragi|樱木花道|花道|天才|篮板王,红发|天才自称|弹跳力|篮板王|四个月篮球经验|搞笑|热血|晴子追求者,草尾毅
311,流川枫,灌篮高手,https://s4.anilist.co/file/anilistcdn/character/large/b311-uxwHnw9lXk4e.png,"湘北高中一年级，超级王牌选手。拥有全面的得分能力和近乎完美的篮球技术。性格极其冷淡，除了篮球和睡觉什么都不在乎。是樱木花道的头号""对手""（樱木单方面认定的）。骑车时都能睡着然后撞车的传说级睡神。",Kaede Rukawa|流川枫|Rukawa|狐狸,黑发|王牌|得分机器|冷淡|睡觉|单车睡觉撞车|樱木对手|篮球天才,绿川光
312,宫城良田,灌篮高手,https://s4.anilist.co/file/anilistcdn/character/large/b312-QZ0Jv451096U.png,湘北高中二年级，电光火石般的控球后卫。168cm的身高在篮球场上完全处于劣势但他用超高速的突破弥补了一切。暗恋经理彩子，一见到她智商就归零。是球队进攻的发起点和节奏掌控者。,Ryouta Miyagi|宫城良田|Miyagi|宫城,棕发|168cm|控球后卫|电光火石|暗恋彩子|速度快|突破|节奏,盐屋翼
313,三井寿,灌篮高手,https://s4.anilist.co/file/anilistcdn/character/large/b313-D720Nz8fAUxw.jpg,"湘北高中三年级，三分神射手。初中MVP因受伤放弃篮球堕落为不良少年，但在看到安西教练后哭着说出了那句经典台词——""教练，我想打篮球""。回归后成为湘北最稳定的三分火力点。体力差但意志力极强。",Hisashi Mitsui|三井寿|Mitsui|炎之男,黑发|三分射手|前不良|教练我想打篮球|初中MVP|体力差|意志力|咬牙坚持,置鲇龙太郎
314,赤木刚宪,灌篮高手,https://s4.anilist.co/file/anilistcdn/character/large/b314-MPvsR4ndNZDd.png,"湘北高中三年级的队长，被称为""大猩猩""（但绝对不能当面叫）。197cm的身高加上铁壁般的防守是湘北内线的绝对支柱。成绩年级前五的学霸。梦想是率领湘北称霸全国。",Takenori Akagi|赤木刚宪|Akagi|大猩猩,黑发|197cm|大猩猩|队长|中锋|防守|学霸|称霸全国|妹妹晴子,梁田清之
352,森田忍,蜂蜜与四叶草,https://s4.anilist.co/file/anilistcdn/character/large/b352-52C4b1HNO0A8.jpg,"美术大学的传奇学长——留级8年的永远是学生。天才雕刻家——作品能卖出天价但下一秒就把钱全花光然后消失几个月去旅行。他的自由让所有人羡慕又无法成为他。""如果喜欢就去追——但我可能下一秒就骑着摩托车去印度了。""",Shinobu Morita|森田忍|Morita,金发|天才|雕刻|留级|自由|旅行|神秘,暂未收录
354,竹本祐太,蜂蜜与四叶草,https://s4.anilist.co/file/anilistcdn/character/large/b354-2cjerLXRLVTE.jpg,"美术大学的学生——骑自行车从东京一路骑到了北海道只是为了想明白""什么是青春""。暗恋着花本叶久美——一个娇小的天才画家少女。他的青春是笨拙的、没有结果的但骑着自行车穿过整个日本的过程本身就是答案。""我从起点找到了终点——然后再从终点看到了新的起点。""",Yuuta Takemoto|竹本祐太|Takemoto,棕发|美术大学|暗恋|自行车|寻找青春|笨拙,暂未收录
356,山田亚由美,蜂蜜与四叶草,https://s4.anilist.co/file/anilistcdn/character/large/b356-Ww7F14AJZzID.png,"美术大学的陶艺少女——身材高挑的美丽学姐。单恋着完全不在一个频率上的真山。一次次表白一次次被拒绝却还是放不下。她的单恋是所有观众心底最熟悉的那种痛。""我知道他不喜欢我——但我就是放不下啊。""",Ayumi Yamada|山田亚由美|Ayumi,棕发|陶艺|单恋|高挑|美丽|执着|不放弃,暂未收录
384,荻野千寻,千与千寻,https://s4.anilist.co/file/anilistcdn/character/large/b384-AoWCsQyG0WI7.png,"10岁的普通少女，在搬家的路上误入神灵世界——汤屋。父母因贪吃变成了猪，她必须在汤婆婆的支配下工作才能救回父母。从胆小的爱哭鬼一步步成长为能够拯救所有人的坚强女孩。白龙告诉她——""千万不要忘记自己的名字""。宫崎骏最经典的作品主角。",Chihiro Ogino|荻野千寻|Chihiro|千|千寻,棕发|10岁|汤屋|名字|成长|勇敢|白龙|父母变猪|神隐,柊瑠美
385,赈早见琥珀主,千与千寻,https://s4.anilist.co/file/anilistcdn/character/large/b385-pKGCy3oYWxRa.png,汤屋中的白龙——汤婆婆的弟子。温柔地引导迷失在神灵世界的千寻，帮助她生存下来。他的真实身份是琥珀川的河神，千寻小时候曾掉进他的河里被他救过。在千寻的帮助下终于想起了自己真正的名字——赈早见琥珀主。,Haku|白龙|赈早见琥珀主|ハク,白发|白龙|河神|汤婆婆弟子|温柔|名字被夺|琥珀川|龙形态,入野自由
390,无幻,混沌武士,https://s4.anilist.co/file/anilistcdn/character/large/b390-30DZg8NvIrVk.png,琉球群岛出身的狂野武士——用街舞的节奏挥刀的战斗天才。被救后与仁和风结伴寻找向日葵武士。穿着随意像个流浪汉，剑法却充满Hip-hop的节奏和野性。每次打架前都会先来一段freestyle般的挑衅——然后就砍翻所有人。,Mugen|无幻|ムゲン,黑发|武士|Hip-hop|街舞|琉球|野性|剑豪|搞笑,暂未收录
391,仁,混沌武士,https://s4.anilist.co/file/anilistcdn/character/large/b391-f9fHDJEEFzn1.png,传统道场出身的冷静武士，戴眼镜的剑豪。与无幻相反——他的一切都是精确计算的。用最正统的居合术战斗。与无幻从死斗到同伴。总是面无表情但偶尔说出的冷笑话能噎死无幻。没有他，无幻早就死了十次——反过来也一样。,Jin|仁|ジン,黑发|眼镜|居合|冷静|剑豪|传统|死鱼眼|冷笑话,暂未收录
392,风,混沌武士,https://s4.anilist.co/file/anilistcdn/character/large/b392-wcJS9OT2xfvC.png,"从茶馆救下无幻和仁后雇佣两人去寻找""有向日葵味道的武士""的少女。实际上是幕府高官的女儿。虽然不会剑术但用智慧和善良让两个最危险的浪人变成了最可靠的伙伴。飞天松鼠毛毛是她的宠物。",Fuu Kasumi|风|フウ,棕发|少女|向日葵武士|寻找父亲|坚强|飞天松鼠|善良,暂未收录
417,鲁鲁修·兰佩路基,叛逆的鲁鲁修,https://s4.anilist.co/file/anilistcdn/character/large/b417-gVLmIJu9phcK.png,神圣不列颠帝国第11皇子，被父亲流放到日本后隐姓埋名。拥有极高的智慧和战略天赋，在遇到C.C.后获得了绝对服从的Geass能力。化身为Zero领导黑色骑士团对抗不列颠帝国，为了实现妹妹娜娜莉能幸福生活的世界而不惜一切代价。,Lelouch Lamperouge|鲁鲁修|Zero|Lelouch vi Britannia|黑色王子,黑发|紫瞳|高挑|天才|腹黑|战略家|Zero|Geass|皇子|复仇|妹控,福山润
422,格斯,剑风传奇,https://s4.anilist.co/file/anilistcdn/character/large/b422-XTaiTuvRohsV.png,"黑色剑士——从死尸堆中出生，在佣兵团长大的男人。背着比人还大的巨剑""龙杀""狩猎使徒。身上被刻上了牺牲烙印——每晚都会被恶魔追杀。为了复仇和找回所爱之人卡思嘉而进行无尽的战斗。动漫史上最黑暗也最坚强的男主角。",Guts|格斯|Guts|黑色剑士,黑发|黑色剑士|巨剑龙杀|佣兵|烙印|复仇|断臂|最强,暂未收录
423,卡思嘉,剑风传奇,https://s4.anilist.co/file/anilistcdn/character/large/b423-AmVFCaJJOBsc.png,鹰之团的女战士，千骑长。最初崇拜并爱慕格里菲斯。在格斯加入后两人从互看不顺眼到产生了最真挚的感情。在日蚀事件中遭受了难以承受的创伤而精神崩溃。格斯踏上复仇之路的全部理由——为了找回那个曾经的她。,Casca|卡思嘉|キャスカ,黑发|女战士|鹰之团|千骑长|精神崩溃|格斯所爱|日蚀,暂未收录
424,格里菲斯,剑风传奇,https://s4.anilist.co/file/anilistcdn/character/large/b424-Jfrsf8I7zBps.png,"鹰之团的团长——所有追随他的人都被他不可抗拒的魅力和野心所吸引。白鹰般优雅完美的外表下隐藏着任何人都无法想象的黑暗。为了实现""拥有自己的王国""的梦想牺牲了整个鹰之团成为神之手的一员。格斯的挚友和宿敌。",Griffith|格里菲斯|グリフィス|白鹰,银发|白鹰|鹰之团|神之手|野心|背叛|完美|格斯宿敌,暂未收录
425,银古,虫师,https://s4.anilist.co/file/anilistcdn/character/large/b425-khK03T5n9Umq.png,"流浪的虫师，白发绿瞳的独眼男人。走遍日本各地调查与""虫""有关的神秘现象。他不消灭虫也不崇拜虫——只是作为一个观察者和平衡者让人们与虫共存。总是叼着一根烟（其实是驱虫药）。每到一个地方一个故事，治愈也是致郁。",Ginko|银古|ギンコ,白发|绿色眼瞳|独眼|虫师|流浪|观察者|治愈|驱虫烟|虫|平衡者,中野裕斗
457,达奇,黑礁,https://s4.anilist.co/file/anilistcdn/character/large/b457-BdoXIN7tNvoz.png,黑礁商会的船长，黑色光头大汉。参加过越战的老兵。作为这群疯子的首领用铁腕和幽默维持着黑色鱼雷艇的秩序。是所有混乱中唯一的稳定锚点。,Dutch|达奇|ダッチ,光头|船长|越战老兵|黑礁|铁腕|老大哥,暂未收录
458,莱薇,黑礁,https://s4.anilist.co/file/anilistcdn/character/large/b458-tlKqPcuR287U.png,"黑礁商会的双枪女枪手——""Two-Hands Revy""。从小在暴力中长大的华裔美国人。用两把Beretta 92F解决一切问题。脏话连篇、喝酒打架、看谁不爽就开枪——但她对洛克有种她自己都不理解的温柔。短发背心的造型是经典。",Revy|莱薇|Two-Hands|レヴィ,黑发|短发|双枪|华裔|暴力|脏话|伯莱塔|黑礁商会,丰口惠美
459,洛克,黑礁,https://s4.anilist.co/file/anilistcdn/character/large/b459-QsGmozEvK0jM.png,原名冈岛绿郎——一个被公司出卖的普通日本上班族。被黑礁商会俘虏后选择加入他们。在这群亡命之徒中他是唯一用脑子和谈判解决问题的人。普通人视角见证了黑色世界的一切疯狂。虽然不会用枪但他是整个团队最危险的人。,Rokuro Okajima|洛克|Rock,黑发|上班族|普通人|谈判|黑礁商会|不能用枪最危险,暂未收录
494,清太,萤火虫之墓,https://s4.anilist.co/file/anilistcdn/character/large/b494-9sbHCvWiD9py.png,"14岁的少年——在二战末期的神户空袭中失去了母亲。带着4岁的妹妹节子独自在防空洞中生存。用萤火虫照亮黑暗的夜晚给妹妹讲父母的故事。最后在车站饿死时身边只有妹妹生前玩过的糖罐。""节子——哥哥在这里——不要怕。""",Seita|清太|せいた,黑发|14岁|哥哥|孤儿|战争|萤火虫|悲剧,暂未收录
495,节子,萤火虫之墓,https://s4.anilist.co/file/anilistcdn/character/large/b495-vzUTVQ5RMiJN.png,"清太4岁的妹妹——在战争中失去了母亲和家。她什么都不知道——只知道饿了找哥哥，怕了找哥哥，用泥巴捏饭团给哥哥吃。最后在防空洞里抱着糖罐睡去——再也没有醒来。她的死是所有反战作品中最沉默最刺骨的控诉。""哥哥——你吃——""",Setsuko|节子|せつこ,黑发|4岁|妹妹|孤儿|战争|糖罐|悲剧|无辜,暂未收录
496,卫宫士郎,Fate系列,https://s4.anilist.co/file/anilistcdn/character/large/b496-GI0waavDjyk3.png,Fate/stay night的男主角，正义的伙伴——被切嗣在冬木大火中救出的孤儿。半吊子的魔术师，擅长投影和强化魔术。理想是拯救所有人，为此不惜燃烧自己的生命。Archer的真实身份是整个故事最震撼的揭示。,Shirou Emiya|卫宫士郎|Shirou|士郎,红发|正义的伙伴|投影魔术|强化魔术|家政全能|固执|幸存者|Saber的Master,杉山纪彰
497,阿尔托莉雅·潘德拉贡,Fate系列,https://s4.anilist.co/file/anilistcdn/character/large/b497-Yg5pNmC8kxzs.png,"以Saber职阶被召唤的从者，真实身份是亚瑟王。手持誓约胜利之剑Excalibur。忠诚、正直、强大、美丽——完美的骑士王。但在圣杯战争中与卫宫士郎相遇后开始重新审视自己的人生。""我问你——你是我的Master吗？""",Artoria Pendragon|阿尔托莉雅|Saber|吾王|呆毛王,金发|骑士王|Saber|Excalibur|呆毛|正直|忠诚|最强从者,川澄绫子
498,远坂凛,Fate系列,https://s4.anilist.co/file/anilistcdn/character/large/b498-lwawtSpLyATL.png,冬木市的管理者远坂家的继承人，Archer的Master。天才魔术师使用宝石魔术。双马尾傲娇的教科书级角色。表面完美大小姐实则穷得叮当响（宝石魔术太烧钱）。每次关键时刻掉链子然后嘴硬。,Rin Tohsaka|远坂凛|Rin|凛,黑发|双马尾|傲娇|宝石魔术|大小姐|穷|天才|Archer的Master,植田佳奈
507,哈尔,哈尔的移动城堡,https://s4.anilist.co/file/anilistcdn/character/large/b507-g9yz1GTLtPla.jpg,"住在移动城堡里的魔法师——英俊得让所有少女尖叫但也虚荣到浴室里的金色染发剂被换掉就会崩溃大喊""我的人生完蛋了""。因为与火魔卡西法的契约而不断逃避国王的征召。但当一个变成老太婆的少女走进他的城堡后他不能再逃了——""苏菲——我终于找到你了。""",Howl|哈尔|ハウル,金发|魔法师|移动城堡|虚荣|逃避|卡西法|找到苏菲,暂未收录
508,苏菲,哈尔的移动城堡,https://s4.anilist.co/file/anilistcdn/character/large/b508-ONXMgE281eHe.png,"制帽店的少女——被荒野女巫诅咒变成90岁的老太婆。独自闯入哈尔的移动城堡当起了清洁工。她不在乎自己变成了什么样子因为""人老了唯一的优点就是能说自己想说的话""——于是她开始指挥哈尔的城堡、火魔和所有人。""我想一直留在你身边——不管变成什么样子。""",Sophie Hatter|苏菲|ソフィー,棕发|被诅咒|老太婆|清洁工|勇敢|爱|不在乎外表,暂未收录
518,狮堂光,魔法骑士,https://s4.anilist.co/file/anilistcdn/character/large/b518-6f794qZNytCx.png,被召唤到异世界的少女之一——短发的元气少女。操纵火之魔法的红色魔法骑士。性格直率勇敢是三人中的领袖。为了拯救被囚禁的公主而战斗。,Hikaru Shidou|狮堂光,红发|短发|火之魔法|元气|勇敢|领袖|魔法骑士,Hekiru Shiina
519,龙咲海,魔法骑士,https://s4.anilist.co/file/anilistcdn/character/large/b519-JCCrNQZ1aLKO.png,被选为魔法骑士的少女之一——剑术高超的优等生。性格冷静高傲但在伙伴遇到危险时会第一个拔剑而出。操纵水之魔法的蓝色魔法骑士。,Umi Ryuuzaki|龙咲海,蓝发|剑术|水之魔法|冷静|高傲|魔法骑士,Konami Yoshida
520,凤凰寺风,魔法骑士,https://s4.anilist.co/file/anilistcdn/character/large/b520-saKwduKX3WEx.png,被选为魔法骑士的少女之一——金发的温柔少女。操纵风之魔法的绿色魔法骑士。性格温柔善良但当需要保护朋友时毫不退缩。擅长用弓箭进行远程支援。,Fuu Hououji|凤凰寺风,金发|风之魔法|弓箭|温柔|善良|魔法骑士,Hiroko Kasahara
539,娜乌西卡,风之谷,https://s4.anilist.co/file/anilistcdn/character/large/b539-R8ZUxGrcEGGn.png,"风之谷的公主——能与巨大的王虫沟通的少女。驾驶滑翔翼在腐海上空飞翔。当整个世界的男人都在用枪炮解决腐海的威胁时她用温柔和理解化解了人类与自然之间最深的仇恨。金田伊功式的中段爆击也是为她而生的。""生命是在黑暗中闪耀的光。""",Nausicaä|娜乌西卡|ナウシカ,蓝发|公主|滑翔翼|王虫|和平|温柔|自然|腐海,暂未收录
558,卡莲·修坦费尔德,叛逆的鲁鲁修,https://s4.anilist.co/file/anilistcdn/character/large/b558-8tSMZ4a0LWrn.jpg,不列颠与日本混血儿，在校身份是不列颠贵族学生实为黑色骑士团王牌驾驶员。驾驶红莲贰式战斗力极强，对Zero(鲁鲁修)忠诚且爱慕。性格火爆冲动，是黑色骑士团最强的战斗力之一。,Kallen Stadtfeld|卡莲|红莲|黑骑士王牌,红发|混血|王牌驾驶员|红莲贰式|黑色骑士团|火爆|忠诚|贵族学生伪装|强大战力,小清水亚美
559,枢木朱雀,叛逆的鲁鲁修,https://s4.anilist.co/file/anilistcdn/character/large/b559-KRvTdc6zdCuU.jpg,日本最后的首相之子，鲁鲁修的童年好友。驾驶兰斯洛特成为不列颠的圆桌骑士，坚信从体制内部改变才是正确之道。虽然心地善良但理想主义过头，与选择革命道路的鲁鲁修成为宿命的对立面。体力怪物级别的战斗力。,Suzaku Kururugi|枢木朱雀|朱雀|白色骑士|兰斯洛特驾驶员,棕发|绿色眼瞳|体力怪物|善良|理想主义|圆桌骑士|兰斯洛特|日本人|首相之子|矛盾体,樱井孝宏
567,百目鬼静,四月一日灵异事件簿,https://s4.anilist.co/file/anilistcdn/character/large/b567-9LpNHHz8K9SW.jpg,四月一日的同班同学——弓箭名家。沉默寡言但每次四月一日遇到危险他都在场。对妖怪免疫所以看不到四月一日能看到的东西——但他从不怀疑四月一日说的话。用最沉默的方式做最忠诚的守护。,Shizuka Doumeki|百目鬼静|Doumeki,黑发|弓箭|沉默|守护|四月一日的保护者,Kazuya Nakai
568,九轩葵,四月一日灵异事件簿,https://s4.anilist.co/file/anilistcdn/character/large/568.jpg,四月一日的同班同学——笑容温柔的少女。但她身边的人总是不幸——她拒绝四月一日靠近她因为害怕他也变得不幸。在侑子的帮助下正视了自己的命运。,Himawari Kunogi|九轩葵,棕发|不幸|温柔|自卑|命运,Shizuka Itou
575,茶渡泰虎,死神,https://s4.anilist.co/file/anilistcdn/character/large/575.jpg,"一护最好的朋友——沉默的巨人。墨西哥与日本混血，身材魁梧但心地善良。力量是""巨人的右臂""和""恶魔的左臂""——来自完现术的力量。最早发现一护变化并支持他的人。那句""我会成为你的盾牌""是说给一护的承诺。",Yasutora Sado|茶渡泰虎|Chad,黑发|混血|巨人|完现术|恶魔之手|坚强|沉默|一护最好的朋友,暂未收录
671,里包恩,家庭教师REBORN,https://s4.anilist.co/file/anilistcdn/character/large/671.jpg,"世界最强杀手——外表是穿着西装的婴儿。被彭格列九代目派来日本将""废柴阿纲""训练成合格的十代目继承人。用黄色奶嘴和列恩（会变形的变色龙）教导阿纲。方式是——直接开枪。""如果你不反抗就去死吧""——他的每一枪都打出了阿纲的成长。",Reborn|里包恩|リボーン,婴儿|杀手|西装|里包恩|家庭教师|彭格列|列恩|残酷训练,暂未收录
672,坂田银时,银魂,https://s4.anilist.co/file/anilistcdn/character/large/b672-cP5VPriN67xJ.png,"万事屋的老板，银发自然卷的死鱼眼武士。曾经是被称为""白夜叉""的攘夷志士，现在则是个嗜糖如命、拖欠房租、整天看Jump的废柴大叔。但每当重要的人陷入危机时，那洞爷湖木刀便会重新展现出白夜叉的实力。名言是""与其想着怎样去死，不如想想怎样活下去""。",Gintoki Sakata|坂田银时|Gintoki|银桑|白夜叉,银发|自然卷|死鱼眼|甜食控|糖尿病边缘|白夜叉|洞爷湖|废柴大叔|万事屋|Jump读者,杉田智和
673,志村新八,银魂,https://s4.anilist.co/file/anilistcdn/character/large/b673-nScArSMt85kd.jpg,万事屋的眼镜（本体）。人类部分是附带品。剑术道场的继承人，实力意外地强——但绝大多数时候都在疯狂吐槽银时和神乐的荒唐行为。唯一清醒的常识人。最喜欢的偶像是寺门通。,Shinpachi Shimura|志村新八|Shinpachi|新八|眼镜本体,黑发|眼镜|吐槽役|剑术|寺门通粉丝|常识人|道场继承人,阪口大助
674,神乐,银魂,https://s4.anilist.co/file/anilistcdn/character/large/b674-w8wCh0A5Qa8R.png,"万事屋的夜兔族少女，宇宙最强的战斗种族后裔。外表是可爱的团子头少女但拥有恐怖的怪力。饭量无敌大吃穷银时。喜欢腌昆布，用大伞当武器。口头禅是""阿噜""。毒舌程度与银时不相上下。",Kagura|神乐|かぐら|阿噜,橘红发|团子头|夜兔族|怪力|大食量|腌昆布|伞武器|毒舌|可爱暴力,钉宫理惠
678,布尔玛,龙珠,https://s4.anilist.co/file/anilistcdn/character/large/b678-2YCe13F0tFos.jpg,天才科学家，蓝色长发，性格活泼自信。她发明了龙珠雷达，也是各种高科技装备的创造者。她聪明绝顶，勇于探索未知的世界，是最初踏上寻找龙珠旅程的人之一。她看似娇气，实则勇敢独立。那份天才的头脑与不服输的精神，让她成为团队中不可或缺的支柱。,Bulma|布尔玛|布玛,蓝色长发|蓝瞳|天才科学家|发明家|自信|勇敢|富有|活泼,Hiromi Tsuru
723,娜美,海贼王,https://s4.anilist.co/file/anilistcdn/character/large/b723-vp5hPptgnNEC.png,娜美是草帽海贼团的航海士，梦想绘制世界地图。她精通气象学和航海术，武器是天候棒。对金钱极其执着，但在关键时刻对伙伴充满信任。,Nami|娜美|小偷猫|航海士|天候棒,橘发|棕色眼瞳|苗条|聪明|贪财|航海士|天候棒|小偷猫|气象学|悬赏金3.66亿|伙伴至上|制图师,冈村明美
724,乌索普,海贼王,https://s4.anilist.co/file/anilistcdn/character/large/b724-GFGgI9AJQkfy.jpg,"乌索普是草帽海贼团的狙击手，擅长用弹弓射击。虽然胆小怕事爱吹牛，但在危急时刻总能挺身而出。梦想成为""勇敢的海上战士""。",Usopp|乌索普|狙击王|GOD乌索普|长鼻子,黑发|黑色眼瞳|长鼻子|胆小|爱吹牛|发明家|狙击手|弹弓射击|见闻色霸气|悬赏金5亿|GOD乌索普|勇敢的海上战士,山口胜平
729,浦饭幽助,幽游白书,https://s4.anilist.co/file/anilistcdn/character/large/b729-V6GlADOEZv3x.png,曾是不良少年，因一次意外丧生却又复活，成为了灵界侦探。黑发，性格热血冲动，却极重情义。他为了守护人类世界与妖怪战斗，在一次次生死考验中不断变强。他看似吊儿郎当，实则有着强烈的正义感和责任心。那份热血与真诚，让他成为了伙伴们最信赖的存在。,Yuusuke Urameshi|浦饭幽助|幽助,黑发|黑瞳|灵界侦探|不良少年|灵丸|热血|重情义|成长,Nozomu Sasaki
730,桑原和真,幽游白书,https://s4.anilist.co/file/anilistcdn/character/large/n730-H6SRWfoiFjBR.jpg,"性格热血仗义的少年，是某位灵界侦探的挚友与竞争对手。他拥有灵力，能够凝聚出""灵剑""战斗。他看似粗鲁莽撞，实则心地善良，对朋友和喜欢的女孩都无比忠诚。他重情重义，在关键时刻总能爆发出惊人的力量。那份朴素而真挚的硬汉精神，令人敬佩。",Kazuma Kuwabara|桑原和真|桑原,黑发|棕瞳|灵能力者|热血|硬汉|重义|灵剑|努力,Shigeru Chiba
731,藏马,幽游白书,https://s4.anilist.co/file/anilistcdn/character/large/b731-cv0jfjVrD09V.jpg,前世是强大的妖狐，转世后以人类的身份生活。红发，气质冷静优雅，是团队中的智囊。他擅长操纵植物战斗，尤其是玫瑰藤蔓。他兼具人类的温柔与妖狐的冷酷，在两种身份间寻找平衡。他为了保护珍视的人而战。那份优雅之下的强大与复杂，让他成为极具魅力的角色。,Kurama|藏马|南野秀一,红发|绿瞳|妖狐|妖力|玫瑰|冷静|智慧|双面,Megumi Ogata
732,飞影,幽游白书,https://s4.anilist.co/file/anilistcdn/character/large/b732-rg4H7yyv3LRo.png,"实力强大的妖怪剑士，黑发红瞳，额头生有能看穿一切的""邪眼""。他性格冷漠寡言，总是独来独往，却拥有惊人的战斗天赋。他擅长以极快的速度斩杀敌人。虽然嘴上说着不关心他人，却在关键时刻屡屡出手相助。那份冷漠之下的重情重义，是他最迷人的特质。",Hiei|飞影|飞影,黑发|红瞳|妖怪|邪眼|剑术|冷漠|强大|傲娇,Nobuyuki Hiyama
734,牡丹,幽游白书,https://s4.anilist.co/file/anilistcdn/character/large/b734-Coza0NrWAC7W.png,灵界的引路人，负责引导死者前往灵界。蓝色长发，性格开朗活泼，总是骑着船桨在天空飞行。她乐观爱笑，是团队中的开心果，也是可靠的向导。虽然身为灵界使者，却对人间充满好奇与善意。那份开朗之下的温柔，为这部充满战斗的故事带来了明亮的色彩。,Botan|牡丹|牡丹,蓝色长发|蓝瞳|灵界引路人|开朗|活泼|和服|船桨|治愈,Sanae Miyuki
745,花园静马,惊爆草莓,https://s4.anilist.co/file/anilistcdn/character/large/b745-70NKPNyV98UA.png,"圣米亚特尔女学园的明星学生，被称为""艾特瓦尔""。长发飘飘、气质高贵的白马王子型女性。全校女生的憧憬对象。与转学生苍井渚砂间产生了超越友情的羁绊。",Shizuma Hanazono|花园静马|Shizuma|艾特瓦尔,银发|长发|艾特瓦尔|白马王子|全校憧憬|高贵|深情|学姐,生天目仁美
747,天上欧蒂娜,少女革命,https://s4.anilist.co/file/anilistcdn/character/large/b747-tnzOfpAZuIEo.jpg,"穿着男生制服的少女——为了找到小时候给她一枚蔷薇戒指的""王子""而进入凤学园。但她在学园的决斗中不知不觉变成了保护蔷薇新娘的""王子""本身。""我不要再当等着被王子拯救的公主了——我要自己成为王子。""1997年至今仍是百合动画的巅峰。",Utena Tenjou|天上欧蒂娜|Utena|ウテナ,粉发|男装|王子|决斗|蔷薇|不等待被救|经典|百合,暂未收录
748,姬宫安希,少女革命,https://s4.anilist.co/file/anilistcdn/character/large/b748-UNeH8rLT7LbH.jpg,"蔷薇新娘——被决斗胜利者""拥有""的神秘少女。黑皮肤戴眼镜的温柔外表下是被整个世界欺骗和伤害的千年魔女。最初只是被动地接受一切但在欧蒂娜的坚持下第一次发出了自己的声音。""欧蒂娜——你真的是我的王子吗？""",Anthy Himemiya|姬宫安希|Anthy|アンシー,黑肤|眼镜|蔷薇新娘|魔女|被动|觉醒|欧蒂娜的拯救,暂未收录
752,有栖川树璃,少女革命,https://s4.anilist.co/file/anilistcdn/character/large/b752-yiBtyANT48mG.png,凤学园剑道部主将——蔷薇决斗者之一。性格高傲孤冷但对学妹薰有着无法言说的感情。她佩戴的橙色蔷薇代表她无法得到回报的暗恋。每次决斗时的剑法是全剧最华丽的场面。,Juri Arisugawa|有栖川树璃|Juri,棕发|剑道|高傲|暗恋|蔷薇决斗者|华丽,暂未收录
835,弥海砂,死亡笔记,https://s4.anilist.co/file/anilistcdn/character/large/b835-CiZa8y2z2gCz.png,人气偶像模特和歌手，拥有另一本死亡笔记。对基拉极度崇拜和迷恋，用死神之眼的能力换取了一半寿命来帮助夜神月。性格天真冲动，虽然智商不如夜神月和L，但死神之眼的特殊能力使她成为关键人物。,Misa Amane|弥海砂|Misa|Misa Misa|第二基拉,金发|偶像|模特|歌手|死亡笔记|死神之眼|迷恋基拉|天真|冲动|Gothic Lolita,平野绫
906,阿散井恋次,死神,https://s4.anilist.co/file/anilistcdn/character/large/b906-ImRjx5HFM8X6.png,"护廷六番队副队长，露琪亚的青梅竹马。特征是满身刺青和红发。斩魄刀·蛇尾丸——咆哮吧！为了追上朽木白哉而不断修行变强。性格热血莽撞但极其忠诚。在尸魂界篇一护的宿命对手——后来成为最可靠的战友。""我跪下了——求你救她。""",Renji Abarai|阿散井恋次|Renji|恋次,红发|刺青|死神|蛇尾丸|副队长|露琪亚青梅竹马|热血,伊藤健太郎
913,贝吉塔,龙珠,https://s4.anilist.co/file/anilistcdn/character/large/b913-NIFkKazWM8VO.png,"赛亚人的王子，自尊心极强的战士。他最初作为侵略者来到地球，却在与宿敌的竞争中逐渐改变。他高傲而固执，对""最强""有着执着的追求。虽然嘴上从不承认，却已经将地球当作了自己的归宿。他从冷酷的战士成长为守护家庭与地球的存在。那份高傲之下的改变，令人动容。",Vegeta|贝吉塔|贝吉塔王子,黑发|黑瞳|赛亚人王子|高傲|自尊|超级赛亚人|劲敌|成长,Ryou Horikawa
914,比克,龙珠,https://s4.anilist.co/file/anilistcdn/character/large/b914-KuS8AWjqBrqa.jpg,来自那美克星的外星人，绿色皮肤，曾是令人畏惧的魔王。他在与某位战士的相遇中逐渐改变，从敌人变成了可靠的盟友。他冷静智慧，是团队中的军师，也成为了年轻战士的导师。他外表冷酷，实则重情重义，为守护地球贡献了全部力量。那份蜕变与忠诚，令人肃然起敬。,Piccolo|比克|短笛|比克大魔王,绿色皮肤|黑瞳|那美克星人|魔贯光杀炮|冷静|智慧|守护|师徒,Toshio Furukawa
1111,C.C.,叛逆的鲁鲁修,https://s4.anilist.co/file/anilistcdn/character/large/b1111-UhmlFtRFrnWa.png,"拥有不老不死之力的神秘少女，被称为""魔女""。与鲁鲁修签订契约赋予他Geass的力量。真实身份跨越数百年历史，经历过无数孤独和背叛。喜欢吃披萨，尤其是必胜客。口头禅是""男人真是愚蠢""。",C.C.|C2|魔女|披萨女|不老不死的魔女,绿发|金色眼瞳|不老不死|魔女|Geass契约者|披萨控|神秘|孤独|数百年阅历|Code持有者,ゆかな
1184,千秋真一,交响情人梦,https://s4.anilist.co/file/anilistcdn/character/large/b1184-9NagJX2u9LPN.png,"音乐大学的天才指挥——目标是成为世界级的指挥家。拥有绝对音感和完美的音乐天赋但极度恐惧飞机和船所以无法出国。遇到了一个弹钢琴像暴风雨般的少女野田惠——从此他的人生和音乐被彻底颠覆。""为什么你弹琴的时候总是能让我看到——我想看到的那个世界？""",Shinichi Chiaki|千秋真一|Chiaki|千秋,棕发|指挥|天才|恐飞|完美主义|被颠覆,暂未收录
1185,野田惠,交响情人梦,https://s4.anilist.co/file/anilistcdn/character/large/b1185-1iic41JKkDab.png,"钢琴系的""变态""少女——住在垃圾堆里、三天不洗澡、用耳朵就能复制任何曲目。绰号""野田妹""。她的演奏完全无视乐谱上的所有标记——但她弹出的每一个音符都比最精确的乐谱更有灵魂。千秋说她""脏得让人无法直视""但她的钢琴让他——这个讨厌所有人的天才——第一次爱上了别人的音乐。""学长——听我弹琴！""",Megumi Noda|野田惠|Nodame|のだめ,棕发|钢琴|变态|野田妹|天才|脏|自由|灵魂,暂未收录
1186,多贺谷彩子,交响情人梦,https://s4.anilist.co/file/anilistcdn/character/large/b1186-YeWe96ypipcM.png,"千秋在音乐学院的前女友——低音提琴手。她代表了千秋想摆脱的""完美秩序""——但也是他必须面对的过去。在千秋和野田的感情线中扮演着重要的催化剂角色。",Saiko Tagaya|多贺谷彩子,黑发|低音提琴|前女友|催化剂,暂未收录
1259,葛城美里,新世纪福音战士,https://s4.anilist.co/file/anilistcdn/character/large/b1259-afTQkZ5SVMOn.png,NERV的作战部长，EVA驾驶员们的监护人。在同事面前是干练的指挥官，在家里是冰箱装满啤酒的废柴御姐。用豪放的生活方式和大吃大喝来掩盖童年的创伤——她是第二次冲击中唯一的幸存者。是真嗣亦母亦姐的存在。,Misato Katsuragi|葛城美里|Misato|美里,紫发|NERV|作战部长|啤酒|企鹅PenPen|御姐|童年创伤|真嗣监护人,三石琴乃
1262,铃原东治,新世纪福音战士,https://s4.anilist.co/file/anilistcdn/character/large/b1262-srj1373Rz8dI.png,真嗣的同学和好友，运动少年。最初因为妹妹在EVA战斗中受伤而暴打真嗣，后来成为真嗣在学校最好的朋友。EVA三号机驾驶员（那一集……不说了）。性格直率阳光，是真嗣稀有的正常人朋友。,Touji Suzuhara|铃原东治,棕发|运动员|真嗣好友|直率|EVA三号机|悲剧,暂未收录
1284,塔巴萨,零之使魔,https://s4.anilist.co/file/anilistcdn/character/large/b1284-INwSdIH21PR4.png,沉默寡言的魔法使少女，蓝色短发，实力强大。她本名夏洛特，是邻国王族，却因复杂的宫廷斗争而背负着悲惨的命运。她极少说话，总是一副无表情的模样，却有着超越常人的魔法才能。那份沉默之下的伤痛与坚强，令人心疼。,Charlotte Orléans|塔巴萨|夏洛特,蓝色短发|蓝瞳|魔法使|无口|沉默|强大|王族|悲剧,Yuka Inokuchi
1286,丘鲁克,零之使魔,https://s4.anilist.co/file/anilistcdn/character/large/b1286-1YFiNJwNl1Dx.png,热情奔放的魔法使少女，红发，擅长火系魔法。她性格直率自信，从不掩饰自己的感情，对异性展开大胆的追求。她与某位傲娇贵族少女是竞争对手，两人常常针锋相对。然而她内心也有着自己的坚持与温柔。那份火一般的热情，让她成为故事中一抹耀眼的色彩。,Kirche|丘鲁克|裘尔克,红发|棕瞳|魔法使|热情|妖艳|自信|火系魔法|直率,Nanako Inoue
1287,谢丝塔,零之使魔,https://s4.anilist.co/file/anilistcdn/character/large/1287.jpg,学院的女仆，黑色头发，性格温柔开朗。她做事勤恳，擅长料理，总是微笑着照顾他人。她的祖先也曾是来自异世界的使魔，因此对某位少年有着特殊的亲近感。她体贴入微，是学院中温暖的存在。那份温柔之下的坚强，让她在关键时刻也能挺身而出。,Siesta|谢丝塔|谢斯塔,黑发|棕瞳|女仆|温柔|料理|家世渊源|开朗|体贴,Yui Horie
1289,安丽埃塔,零之使魔,https://s4.anilist.co/file/anilistcdn/character/large/1289.jpg,托里斯汀王国的公主，紫色长发，气质高贵温柔。她与某位贵族少女是青梅竹马，两人感情深厚。她身为王族，背负着治理国家的重任，在温柔之下有着坚定的责任感。她在国家危机中逐渐成长为合格的女王。那份高贵与担当，令人敬仰。,Henrietta de Tristain|安丽埃塔|安丽埃塔公主,紫色长发|紫瞳|公主|女王|高贵|温柔|责任|成长,Ayako Kawasumi
1308,凉水玉青,惊爆草莓,https://s4.anilist.co/file/anilistcdn/character/large/b1308-KuhMOXXDYHeH.jpg,渚砂的同班同学和好友，暗恋着渚砂。温柔体贴但内心复杂，默默守护在渚砂身边。是经典的女校三角关系中的第三者角色。,Tamao Suzumi|凉水玉青,蓝发|温柔|暗恋|守护|同学|三角关系,清水爱
1313,园崎诗音,寒蝉鸣泣之时,https://s4.anilist.co/file/anilistcdn/character/large/b1313-wLhW5uDxdhqA.png,"园崎家次女，魅音的孪生妹妹。从小被家族隔离在寄宿学校——对姐姐和家族的仇恨在某些世界线中化为疯狂的杀戮冲动。""我已经回不去了""——在绝望崩坏中拿起电击枪和匕首的少女。",Shion Sonozaki|园崎诗音|Shion,绿发|双胞胎|被囚禁|黑化|电击枪|复仇,暂未收录
1353,犬夜叉,犬夜叉,https://s4.anilist.co/file/anilistcdn/character/large/b1353-xsZhvfi7IFzT.png,半妖少年，人类母亲与妖怪大统领之子。被封印在神木上50年后被穿越时空的少女日暮戈薇解开封印。使用父亲留下的妖刀铁碎牙战斗。性格暴躁粗鲁但内心温柔。最爱吃泡面和坐在树上发呆。,Inuyasha|犬夜叉|いぬやしゃ,银发|犬耳|半妖|铁碎牙|火鼠裘|粗暴|温柔|泡面控|战国时代,山口胜平
1354,日暮戈薇,犬夜叉,https://s4.anilist.co/file/anilistcdn/character/large/b1354-PuUTCSX7UzKA.png,"现代日本的初三少女，四魂之玉的转世。15岁生日那天被妖怪拉入井中穿越到战国时代。能感知四魂之玉碎片的位置，使用破魔之箭。虽然开局看似柔弱但在战斗中极其勇敢。与犬夜叉的感情线是整个故事的核心——""坐下！""",Kagome Higurashi|日暮戈薇|Kagome|戈薇,黑发|初三|现代人|破魔之箭|四魂之玉|穿越|勇敢|坐下命令,雪野五月
1355,珊瑚,犬夜叉,https://s4.anilist.co/file/anilistcdn/character/large/b1355-zPTmTwhMXQbt.png,妖怪退治村的幸存者，使用飞来骨战斗。最初被奈落欺骗而向犬夜叉复仇，得知真相后成为重要伙伴。与弥勒是一对欢喜冤家。云母是她的战斗伙伴——一只可爱的双尾妖怪猫。,Sango|珊瑚|さんご,黑发|妖怪退治|飞来骨|云母|复仇|伙伴|女战士,桑岛法子
1356,弥勒,犬夜叉,https://s4.anilist.co/file/anilistcdn/character/large/b1356-rLhVHJzPY0Mp.jpg,"好色的法师，右手上有被奈落诅咒的风穴——会不断扩大最终吞噬他自己。平时一副不正经的样子到处要求美女""给他生孩子""但内心悲壮而温柔。使用锡杖和符咒战斗。与珊瑚的感情线是本作的又一条重要线索。",Miroku|弥勒|みろく,黑发|法师|风穴|好色|锡杖|符咒|诅咒|正经时很帅,辻谷耕史
1357,七宝,犬夜叉,https://s4.anilist.co/file/anilistcdn/character/large/b1357-q81pBzC7ynld.jpg,小狐狸妖怪，犬夜叉一行人中的吉祥物担当。父亲被雷兽兄弟杀害后跟随犬夜叉一行人旅行。擅长狐狸妖术和变身术——虽然大多数时候变出来的是搞笑版本。经常因为嘲笑犬夜叉而被揍。,Shippo|七宝|しっぽ,小狐狸|妖怪|变身术|吉祥物|搞笑担当,暂未收录
1374,武藤游戏,游戏王,https://s4.anilist.co/file/anilistcdn/character/large/b1374-dZVmlraKNPp3.jpg,"性格善良温柔的少年，因为完成了千年积木而释放出另一个灵魂。黑发，原本是个有些胆小的普通学生。他在决斗中不断成长，逐渐变得坚强。他珍视友情，相信""信任与羁绊""的力量。他与体内的另一个灵魂并肩作战，共同经历无数冒险。那份善良与成长，让他成为无数人心中的经典主角。",Yuugi Mutou|武藤游戏|游戏,黑发|紫瞳|决斗者|善良|成长|拼图|伙伴|温柔,Shunsuke Kazama
1375,暗游戏,游戏王,https://s4.anilist.co/file/anilistcdn/character/large/b1375-J4lAw8j1ICi1.png,"寄宿在千年积木中的灵魂，真实身份是古代埃及的法老王。他失去了过去的记忆，因此踏上寻找记忆的旅程。黑发红瞳，气质冷峻，决斗技巧登峰造极，是当之无愧的""决斗王""。他冷静强大，却对伙伴有着深沉的情感。那份王者气度与失忆的孤独，让他成为极具魅力的角色。",Yami Yuugi|暗游戏|阿图姆|法老王,黑发|红瞳|千年积木|法老王|决斗王|冷静|强大|失忆,Shunsuke Kazama
1377,城之内克也,游戏王,https://s4.anilist.co/file/anilistcdn/character/large/b1377-QpO3YtEaEMa4.jpg,性格热血仗义的决斗者，金发，是某位少年最好的朋友。他最初是个爱逞强的少年，在决斗中逐渐成长。他重情重义，为了朋友可以赴汤蹈火。他的决斗风格豪迈直接，虽然技巧不如天才，却凭借努力与斗志一次次取胜。那份热血与真诚，让他成为最受欢迎的角色之一。,Katsuya Jonouchi|城之内克也|城之内,金发|棕瞳|决斗者|热血|重义|努力|友情|成长,Hiroki Takahashi
1378,海马濑人,游戏王,https://s4.anilist.co/file/anilistcdn/character/large/b1378-PVWGuLucDP44.jpg,"海马公司的年轻社长，天才决斗者。棕发，性格高傲自负，是某位决斗王的宿敌。他追求绝对的强大，将胜利视为一切。他钟爱""青眼白龙""，视其为最强的象征。他看似冷酷无情，实则有着自己的原则与坚持。那份高傲之下的孤独与执着，让他成为极具人气的角色。",Seto Kaiba|海马濑人|海马社长,棕发|蓝瞳|社长|天才|高傲|青眼白龙|决斗者|宿敌,Kenjirou Tsuda
1426,夏娜,灼眼的夏娜,https://s4.anilist.co/file/anilistcdn/character/large/b1426-wFIKqXY9WxOD.png,"被称为""炎发灼眼的讨伐者""的火雾战士，战斗中头发与瞳孔会化作燃烧般的赤红。她手持太刀""贽殿遮那""，实力强大，专职讨伐吞噬人类存在的""红世之徒""。平时是黑发少女，性格傲娇，最爱吃菠萝包，口头禅是""烦死了烦死了烦死了""。那份战斗中的凛然与日常中的可爱，形成鲜明反差。",Shana|夏娜|炎发灼眼的讨伐者,黑发|红瞳|炎发|火雾战士|太刀|傲娇|菠萝包|强大,Rie Kugimiya
1489,暗貘良,游戏王,https://s4.anilist.co/file/anilistcdn/character/large/b1489-dsJraGhhWx4y.png,寄宿在千年智慧轮中的邪恶灵魂，白发，是故事中潜伏的黑暗势力。他狡猾狠毒，在幕后策划着种种阴谋，企图夺取千年神器。他附身于某个少年，一次次与主角们为敌。那份深藏不露的邪恶与算计，让他成为贯穿始终的威胁。,Yami Bakura|暗貘良|暗貘良了,白发|棕瞳|千年智慧轮|邪灵|狡猾|黑暗|宿敌|阴谋,Rica Matsumoto
1534,古手梨花,寒蝉鸣泣之时,https://s4.anilist.co/file/anilistcdn/character/large/b1534-CtOvaSPOMZne.png,"雏见泽古手神社的巫女——被诅咒的六月已经轮回了超过百年。在不同世界线中一次又一次被残忍杀害的受害者。在寒蝉鸣泣之时业中做出了令所有人震惊的选择。""我已经累了——让我结束这一切吧。""",Rika Furude|古手梨花|Rika,蓝发|巫女|百年轮回|悲剧|被诅咒|黑化,暂未收录
1535,狱寺隼人,家庭教师REBORN,https://s4.anilist.co/file/anilistcdn/character/large/b1535-C3xPsU0krlGb.jpg,"彭格列十代目的岚之守护者——阿纲最忠诚的右手。银发的意大利裔少年。用炸弹战斗——""怒涛のボム！""最初不认可阿纲但在被打动后成为最忠心的追随者总是叫阿纲""十代目""。""我的命只属于十代目！""",Hayato Gokudera|狱寺隼人|Gokudera,银发|炸弹|岚之守护者|十代目狂热粉|意大利|忠诚,暂未收录
1612,北条沙都子,寒蝉鸣泣之时,https://s4.anilist.co/file/anilistcdn/character/large/b1612-lL5sulSea1fZ.png,"雏见泽的小学生——喜欢用陷阱恶作剧整蛊所有人。被叔父虐待的过去让她变得极端依赖梨花。在寒蝉鸣泣之时业的真相中展现出了令人恐惧的爱与疯狂。""只要能和梨花在一起——我愿意无限轮回。""",Satoko Houjou|北条沙都子|Satoko,金发|小学生|陷阱大师|被虐待|依赖|疯狂|轮回,暂未收录
1628,支仓令,圣母在上,https://s4.anilist.co/file/anilistcdn/character/large/1628.jpg,莉莉安女学园的黄蔷薇花蕾。性格沉稳大度，妹妹是由乃。,Rei Hasekura|支仓令,黑发|黄蔷薇|沉稳|姐姐|姐妹制度,暂未收录
1636,水野蓉子,圣母在上,https://s4.anilist.co/file/anilistcdn/character/large/1636.jpg,前红蔷薇大人，祥子的姐姐。成熟稳重，是莉莉安女学园众多学生憧憬的对象。毕业后依然关心着学校。,Youko Mizuno|水野蓉子,红发|红蔷薇|成熟|学姐|可靠,暂未收录
1638,小笠原祥子,圣母在上,https://s4.anilist.co/file/anilistcdn/character/large/b1638-2LNtpbMcCgCw.png,"莉莉安女学园高等部的红蔷薇花蕾。名门大小姐气质高贵，被全校学生仰慕。是莉莉安女学园""姐妹制度""中最具代表性的学姐。与妹妹福泽佑巳的关系是整个系列的核心。",Sachiko Ogasawara|小笠原祥子|Sachiko|红蔷薇,黑发|大小姐|红蔷薇|姐妹制度|学姐|高贵|全校仰慕,伊藤美纪
1640,岛津由乃,圣母在上,https://s4.anilist.co/file/anilistcdn/character/large/b1640-AAUH1ctNMBfs.png,莉莉安女学园黄蔷薇花蕾的妹妹。身体虚弱但性格不服输。,Yoshino Shimazu|岛津由乃,棕发|体弱|黄蔷薇|不服输|姐妹制度,暂未收录
1644,藤堂志摩子,圣母在上,https://s4.anilist.co/file/anilistcdn/character/large/b1644-XBQm4RMxqpfM.png,莉莉安女学园的白蔷薇花蕾。温柔文静像人偶般可爱的美少女。与佐藤圣之间有着一段令人心碎的感情过往。后来找到了一生的妹妹二条乃梨子。,Shimako Toudou|藤堂志摩子|Shimako|白蔷薇,黑发|白蔷薇|文静|人偶般|温柔|过去恋情|姐妹制度,能登麻美子
1742,江户川柯南,名侦探柯南,https://s4.anilist.co/file/anilistcdn/character/large/b1742-NiV278NBFOvZ.png,"名侦探柯南的主角。真实身份是高中生侦探工藤新一，被黑衣组织灌下APTX4869后身体缩小为小学生。化名江户川柯南寄住在毛利侦探事务所，一边解决各种案件一边追查黑衣组织的下落。名言是""真相只有一个""。",Conan Edogawa|江户川柯南|柯南|工藤新一|Shinichi Kudo|平成年代的福尔摩斯|银色子弹,黑发|蓝色眼瞳|小学生外表|天才|冷静|推理狂|足球高手|变声蝴蝶结|麻醉手表|黑衣组织追踪者|平成福尔摩斯,高山南
1743,灰原哀,名侦探柯南,https://s4.anilist.co/file/anilistcdn/character/large/b1743-yw1FloPUI7jO.png,原黑衣组织科学家宫野志保，代号雪莉。因姐姐被组织杀害而试图逃离，服下APTX4869后身体缩小为小学生。寄住在阿笠博士家，与柯南合作对抗黑衣组织。性格冷静傲娇，擅长化学和医学，是柯南最重要的搭档。,Ai Haibara|灰原哀|小哀|宫野志保|雪莉|Sherry|Haibara Ai,棕发|小学生外表|傲娇|冷静|科学家|化学|医学|黑衣组织|雪莉|APTX4869|柯南搭档,林原惠美
1745,服部平次,名侦探柯南,https://s4.anilist.co/file/anilistcdn/character/large/b1745-EleoviDvO7qh.jpg,"关西高中生侦探，与工藤新一齐名。大阪府警本部长之子，擅长剑道。肤色黝黑，性格热情豪爽。是新一/柯南最好的朋友和竞争对手，多次协助柯南解决棘手案件。称柯南为""工藤""，是少数知道柯南真实身份的人。",Heiji Hattori|服部平次|平次|Heiji|关西侦探|西之服部,黑发|肤色黝黑|关西腔|高中生侦探|剑道|热情|豪爽|大阪|警长之子|柯南挚友,堀川亮
1746,毛利小五郎,名侦探柯南,https://s4.anilist.co/file/anilistcdn/character/large/b1746-5I4sBSeXvCKP.png,"毛利兰的父亲，私家侦探。平时一副好酒好色的大叔模样，但在关键时刻会展现出惊人的推理能力。经常被柯南用麻醉针射晕后成为""沉睡的小五郎""进行推理。前警察，柔道高手，极度疼爱女儿。",Kogorou Mouri|毛利小五郎|小五郎|Kogoro|沉睡的小五郎,黑发|大叔|好酒|好色|私家侦探|沉睡小五郎|柔道|前警察|疼爱女儿|搞笑担当,小山力也
1747,怪盗基德,名侦探柯南,https://s4.anilist.co/file/anilistcdn/character/large/b1747-LYyYIvIZIdnE.jpg,"活跃于夜空的怪盗，真实身份是高中生黑羽快斗。白色礼服加单片眼镜是他的标志，擅长魔术和易容术。每次行动前发出预告函，以华丽的表演戏弄警方。对柯南/新一有着亦敌亦友的关系。招牌台词是""Ladies and Gentlemen！""。",Kaito Kuroba|Kaito Kid|KID|怪盗基德|黑羽快斗|月光下的魔术师|平成鲁邦,棕发|单片眼镜|白色礼服|怪盗|魔术师|易容|天才|滑翔翼|魔术快斗|预告函|亦敌亦友,山口胜平
1748,毛利兰,名侦探柯南,https://s4.anilist.co/file/anilistcdn/character/large/b1748-j3PdfbQruuOV.png,毛利小五郎的女儿，工藤新一的青梅竹马。帝丹高中空手道部主将，实力极强。性格温柔善良但有些天然呆，一直在等待新一回来。直觉非常敏锐，多次怀疑柯南的真实身份。,Ran Mouri|毛利兰|小兰|Ran|空手道主将|Angel,黑发|蓝色眼瞳|长发|温柔|善良|空手道高手|天然呆|直觉敏锐|帝丹高中|等待新一,山崎和佳奈
1795,草薙素子,攻壳机动队,https://s4.anilist.co/file/anilistcdn/character/large/b1795-vKakY5aXVyCl.jpg,"公安9课的少佐，全身义体化的最强战士。拥有超凡的战术指挥能力和格斗及黑客技能。在全身机械的外壳之下她不断追问""灵魂""的本质——一个完全义体人的人类性。赛博朋克题材中最经典的女性主角之一。",Motoko Kusanagi|草薙素子|少佐|草薙素子,紫发|全身义体|少佐|公安9课|黑客|战术天才|赛博朋克|人类本质追问,田中敦子
1810,远野贵树,秒速五厘米,https://s4.anilist.co/file/anilistcdn/character/large/b1810-mqwzwrC5XnOW.png,"从小不断转学的少年，在樱花飘落的季节与明里相遇。在漫长的铁路旁——""知道吗？樱花飘落的速度是每秒五厘米。""跨越小学、中学和成人后的三段人生，他与明里的距离从一封信变成了再也回不去的铁路道口。这个故事关于时间、距离和终究无法抵达的爱。",Takaki Tohno|远野贵树|Takaki,黑发|转学生|樱花|写信|时间|距离|无法抵达|铁路,水桥研二
1811,篠原明里,秒速五厘米,https://s4.anilist.co/file/anilistcdn/character/large/b1811-6uPM6WpVt20k.png,贵树小学时的转学生——两个总是转学的孩子在樱花季节相遇。一起看过的樱花、一起走过的雪夜铁路、还有那封从她手中飞走始终没给出去的信。13年后，在铁路道口擦肩而过的两人与樱花一起成为永恒的记忆。,Akari Shinohara|篠原明里|Akari|明里,黑发|转学生|樱花|信|错过|13年|铁路道口,近藤好美
1812,澄田花苗,秒速五厘米,https://s4.anilist.co/file/anilistcdn/character/large/1812.jpg,贵树在种子岛高中时的同学，暗恋他的冲浪少女。她总是陪在贵树身边却始终没有勇气表白——因为她知道他的心不在她这里。学会冲浪的过程也是学会放下的过程。,Kanae Sumida|澄田花苗,棕发|冲浪|暗恋|不敢表白|放下,暂未收录
1851,前原圭一,寒蝉鸣泣之时,https://s4.anilist.co/file/anilistcdn/character/large/b1851-stMK6YF2jvhS.png,"搬到雏见泽的少年——在无尽的六月轮回中不断被杀害也成为杀害者。每一篇故事中他的命运都会以不同的方式走向地狱——但在某一条世界线中他带领所有人打破了诅咒。""不要放弃——奇迹一定会发生。""",Keiichi Maebara|前原圭一|K1,棕发|转学生|轮回|悲剧|打破命运|希望,暂未收录
1858,云雀恭弥,家庭教师REBORN,https://s4.anilist.co/file/anilistcdn/character/large/b1858-eqEEzEUEzAkH.jpg,"并盛中学的风纪委员长——整个学校的实际统治者。最强守护者——云之守护者。使用拐子战斗。""我讨厌群聚""——然后在所有人的战斗中独自搞定最难的对手。对阿纲的态度从无视到嘴上不承认的认可——是标准的傲娇猛兽。",Kyouya Hibari|云雀恭弥|Hibari|雲雀,黑发|风纪委员|拐子|云之守护者|最强|独行|群聚不要,暂未收录
1861,笹川了平,家庭教师REBORN,https://s4.anilist.co/file/anilistcdn/character/large/b1861-mjcnbnpixWjR.png,"并盛中学拳击部主将——彭格列晴之守护者。每天高喊着""极限！""训练——然后在被里包恩枪打中后又""极限！""变强。头脑简单但内心纯粹。口头禅除了""极限""没有第二个词。是所有守护者中最热血最直球的笨蛋。",Ryouhei Sasagawa|笹川了平|Ryouhei,白发|拳击|晴之守护者|极限|热血|笨蛋|纯粹,暂未收录
1907,八神太一,数码宝贝,https://s4.anilist.co/file/anilistcdn/character/large/b1907-ZWmX1dVGPfqn.png,被选召的孩子之一，勇气徽章的持有者。棕发，性格热血勇敢，是孩子们中的领导者。他热爱足球，充满行动力，总是冲在最前面。他拥有强烈的责任感，为了保护同伴和数码世界而战。即使面对强大的敌人也从不退缩。那份勇气与担当，是他最鲜明的特质。,Taichi Yagami|八神太一|太一,棕发|棕瞳|被选召的孩子|勇气徽章|领导|热血|足球|守护,Toshiko Fujita
1909,石田大和,数码宝贝,https://s4.anilist.co/file/anilistcdn/character/large/b1909-BFIYnrdbeLhB.png,被选召的孩子之一，友情徽章的持有者。金发，性格冷静内敛，喜欢吹奏口琴。他看似成熟，内心却藏着孤独与不安。他与某位热血少年既是伙伴又是竞争对手。他在冒险中逐渐学会了信任与友情。那份冷静之下的成长，令人印象深刻。,Yamato Ishida|石田大和|大和|阿和,金发|蓝瞳|被选召的孩子|友情徽章|冷静|音乐|孤独|成长,Yuuto Kazama
1934,亚拉斯特尔,灼眼的夏娜,https://s4.anilist.co/file/anilistcdn/character/large/1934.jpg,寄宿在吊坠中的红世之王，是某位火雾战士的契约者。他以火焰的形态存在，无法直接行动，却拥有强大的力量与智慧。他冷静沉着，在漫长的岁月中守护着世界的平衡。他与契约者之间的羁绊，是战斗中不可或缺的支撑。那份深沉的智慧与守护意志，令人尊敬。,Alastor|亚拉斯特尔|阿拉斯托尔,红世之王|吊坠|契约者|火焰|冷静|智慧|守护|神秘,Masashi Ebara
1935,坂井悠二,灼眼的夏娜,https://s4.anilist.co/file/anilistcdn/character/large/1935.jpg,"原本是普通的高中生，却因一次意外失去了""存在""，成为了随时可能消失的""火炬""。他在迷茫中逐渐了解世界的真相，也卷入了火雾战士与红世之徒的战争。他虽然力量有限，却凭借思考与意志不断成长。那份在虚幻存在中寻找真实自我的挣扎，是故事的重要线索。",Yuuji Sakai|悠二|坂井悠二,黑发|黑瞳|火炬|存在之力|思考|成长|零时迷子|普通人,Satoshi Hino
1936,玛琼琳·朵,灼眼的夏娜,https://s4.anilist.co/file/anilistcdn/character/large/1936.jpg,"强大的火雾战士，绰号""吊唁之钟""。金发碧眼，身材妖艳，却是个嗜酒如命的酒鬼。她背负着沉重的过去，对红世之徒怀有刻骨的仇恨，为此追寻着仇敌的踪迹。她力量强大，战斗风格豪迈。那份妖艳之下的执念与伤痛，让她成为故事中极具分量的角色。",Margery Daw|玛琼琳·朵|玛琼琳,金发|蓝瞳|火雾战士|酒鬼|复仇|强大|妖艳|恶魔契约,Hitomi Nabatame
1938,威尔艾米娜·卡梅尔,灼眼的夏娜,https://s4.anilist.co/file/anilistcdn/character/large/1938.jpg,火雾战士，同时以女仆的身份守护着重要的人。棕色长发，总是一副冷静无表情的模样，说话语气平淡。她曾是传奇火雾战士的搭档，继承了那份守护的意志。她实力强大，擅长以缎带战斗。那份无表情之下的忠诚与温柔，是她最动人的特质。,Wilhelmina Carmel|威尔艾米娜|卡梅尔,棕色长发|棕瞳|火雾战士|女仆|冷静|无表情|守护|强大,Shizuka Itou
1947,黑卡蒂,灼眼的夏娜,https://s4.anilist.co/file/anilistcdn/character/large/b1947-Na7byvtOtp7F.png,"红世之徒中""三柱臣""之一，被称为""顶之座""。蓝色长发，气质冷艳神秘，是红世中举足轻重的存在。她极少言语，几乎不流露情感，却拥有惊人的力量。她的存在与世界的真相紧密相连。那份无口之下的深邃与神秘，让人难以捉摸，也令人敬畏。",Hecate|黑卡蒂|赫卡特,蓝色长发|蓝瞳|红世之王|无口|神秘|强大|三柱臣|冷艳,Mamiko Noto
1952,吉田一美,灼眼的夏娜,https://s4.anilist.co/file/anilistcdn/character/large/1952.jpg,普通的女高中生，性格温柔纯真。棕色短发，是某位少年的同班同学。她默默地喜欢着那位少年，却羞于表达。她平凡却勇敢，在知晓世界的真相后依然选择面对。那份纯真而真挚的感情，为这部充满战斗的故事增添了一抹温柔的色彩。,Kazumi Yoshida|吉田一美|一美,棕色短发|棕瞳|学生|温柔|普通|单恋|勇敢|纯真,Ayako Kawasumi
1963,八神光,数码宝贝,https://s4.anilist.co/file/anilistcdn/character/large/b1963-dOvRGlPBRIYw.png,被选召的孩子之一，光明徽章的持有者。棕发，性格温柔坚强。她是某位少年的妹妹，体弱却心地善良。她拥有感知光明的力量，是团队中治愈般的存在。虽然年纪小，却在关键时刻展现出惊人的勇气与韧性。那份温柔之下的坚强，令人动容。,Hikari Yagami|八神光|小光,棕发|棕瞳|被选召的孩子|光明徽章|温柔|坚强|善良|治愈,Kae Araki
1976,樱木花织,惊爆草莓,https://s4.anilist.co/file/anilistcdn/character/large/1976.jpg,圣米亚特尔的学生，活泼可爱的后辈。,Kaori Sakuragi|樱木花织,棕发|活泼|可爱|后辈,暂未收录
1977,苍井渚砂,惊爆草莓,https://s4.anilist.co/file/anilistcdn/character/large/b1977-VsjiVlGORxDv.jpg,转学到圣米亚特尔女学园的一年级新生。天真烂漫的少女，在入学后遇到了花园静马并被她的魅力吸引。在女校的百合世界中经历了初恋的甜蜜与苦涩。,Nagisa Aoi|苍井渚砂|Nagisa,棕发|转校生|天真|烂漫|一年级|初恋|百合,中原麻衣
1978,六条深雪,惊爆草莓,https://s4.anilist.co/file/anilistcdn/character/large/1978.jpg,圣斯皮卡女学园的学生会长，与静马是旧识。气质冷艳的知性美女。,Miyuki Rokujo|六条深雪,黑发|学生会长|冷艳|知性|旧识,暂未收录
2030,月野兔,美少女战士,https://s4.anilist.co/file/anilistcdn/character/large/b2030-GQvVYPEYkXCy.jpg,"爱哭爱吃的初二少女——发现自己其实是要为保护地球而战的水手月亮。遇到了黑猫露娜后在月光下变身——""代表月亮消灭你！""。和地场卫（夜礼服假面）的恋爱是所有少女漫画粉丝的童话。口头禅是""我怎么这么倒霉啊！""",Usagi Tsukino|月野兔|Usagi|水手月亮|Sailor Moon,金发|双包子头|水手服|月光|少女|魔法少女始祖|变身|代表月亮消灭你,三石琴乃
2063,优子·利坦拿,天元突破红莲螺岩,https://s4.anilist.co/file/anilistcdn/character/large/b2063-7BKqQbrhtDD2.png,"大红莲团的狙击手，来自地面的火辣御姐。手持一把超长的狙击步枪。是卡米那和后来的西蒙最重要的伙伴。她的吻有着""大哥杀手""的诅咒——但也是将整个团队凝聚在一起的最温暖的力量。",Youko Littner|优子|Yoko,红发|狙击手|火辣|比基尼|大哥杀手|温暖|大红莲团,暂未收录
2075,卡米那,天元突破红莲螺岩,https://s4.anilist.co/file/anilistcdn/character/large/b2075-sWb5Xz76JWdX.png,"大红莲团的初代领袖，西蒙的大哥。他没有任何特殊能力——只有一把日本刀和无人能敌的气魄。他的每一句话都是名言——""相信你自己，不是相信那个相信我的你，也不是相信那个相信你的我——相信那个相信你自己的你！""。他的死让整个团队真正觉醒。",Kamina|卡米那|カミナ|大哥,蓝发|大哥|大红莲团|气魄|名言制造机|日本刀|牺牲|精神领袖,小西克幸
2087,Archer,Fate系列,https://s4.anilist.co/file/anilistcdn/character/large/b2087-l5WP4W4vmfJJ.png,"凛召唤的弓兵从者。白发黑肤的红衣骑士。擅长投影宝具和展开固有结界——无限剑制。对士郎抱着莫名的敌意，经常嘲讽他的理想。其真实身份是Fate系列最震撼的伏笔之一。最爱说""抱着理想溺死吧""。",Archer|弓兵|红色弓兵|Emiya,白发|黑肤|Archer|红衣|无限剑制|投影|毒舌|真实身份震撼,諏访部顺一
2093,孙悟饭,龙珠,https://s4.anilist.co/file/anilistcdn/character/large/b2093-kdFZhqcNSsqW.png,某位赛亚战士的长子，赛亚人与地球人的混血。他拥有惊人的潜在力量，一旦爆发甚至超越父亲。他本性善良温和，比起战斗更想成为一名学者。然而命运一次次将他推向战场，他也在战斗中不断成长。那份温柔与潜力的反差，让他的每一次爆发都震撼人心。,Gohan Son|孙悟饭|悟饭,黑发|黑瞳|赛亚人混血|潜力|学者|善良|超级赛亚人|成长,Masako Nozawa
2160,黑,黑之契约者,https://s4.anilist.co/file/anilistcdn/character/large/n2160-CbHDsANTwxg2.jpg,"代号""BK-201""——被称为""黑色死神""的契约者。平时伪装成中国留学生""李舜生""。契约能力是放电但代价是要暴饮暴食把食物塞满整个脸。戴着白色面具用钢丝战斗的身姿是动画史上最酷的画面之一。为了寻找失踪的妹妹而接下各种暗杀任务。""我是契约者——没有感情的工具。""——他每次说这句话都是在对自己撒谎。",Hei|黑|黒|BK-201|李舜生,黑发|契约者|放电|白色面具|李舜生|黑色死神|妹妹,暂未收录
2163,银,黑之契约者,https://s4.anilist.co/file/anilistcdn/character/large/n2163-nA1EMwU7E5oJ.png,"黑的搭档——银色长发的盲眼少女。契约能力是通过水来""观测""周围的一切——所以她并不需要眼睛。安静、温柔又神秘。在黑暗中陪伴着黑度过了每一个任务。是黑唯一信任的人也是他唯一不能失去的人。",Yin|银|イン,银发|盲眼|观测|水|搭档|温柔|安静,暂未收录
2166,雾原未咲,黑之契约者,https://s4.anilist.co/file/anilistcdn/character/large/n2166-WXRpwEz7S55P.png,"警视厅公安部外事四课的刑警——负责追查契约者。一直在追捕BK-201却不知道她所追查的""他""就是她生活中认识的某个人。正义感极强的警界女强人。在契约者与人类的冲突中试图找到第三条出路。",Misaki Kirihara|雾原未咲|Misaki,黑发|刑警|正义|追捕|干练,暂未收录
2169,泉此方,幸运星,https://s4.anilist.co/file/anilistcdn/character/large/2169-5xDzQnt3MtQk.png,不折不扣的御宅族少女，蓝色长发，身材娇小。她对动漫、游戏了如指掌，是个资深宅女。她性格慵懒，总是无精打采的样子，却总能说出犀利的吐槽。她看似漫不经心，实则心思细腻，对朋友们关怀备至。那份宅气之下的真诚，让她成为这部作品的核心。,Konata Izumi|泉此方|此方,蓝色长发|蓝瞳|御宅族|游戏|小个子|慵懒|吐槽|动漫迷,Aya Hirano
2170,柊司,幸运星,https://s4.anilist.co/file/anilistcdn/character/large/b2170-VHQFPIAZ5Qq6.png,紫色短发的天然呆少女，性格温柔冒失。她与某位傲娇少女是双胞胎姐妹，两人性格截然相反。她有些迷糊，做事总是笨手笨脚，却有着一颗纯净温柔的心。她擅长料理，喜欢照顾人。那份天然之下的温暖，让她成为治愈般的存在。,Tsukasa Hiiragi|柊司|小司,紫色短发|蓝瞳|天然呆|温柔|双子|料理|冒失|治愈,Kaori Fukuhara
2171,柊镜,幸运星,https://s4.anilist.co/file/anilistcdn/character/large/b2171-OTMMewsamHiC.png,紫色双马尾的傲娇少女，性格认真可靠。她是典型的吐槽役，总是毫不留情地吐槽朋友的脱线行为。她成绩优秀，做事认真，却常常被身边人弄得哭笑不得。她虽然嘴上嫌弃，实则十分珍视朋友。那份傲娇之下的可靠与温柔，让她成为人气角色。,Kagami Hiiragi|柊镜|小镜,紫色双马尾|蓝瞳|傲娇|吐槽役|认真|成绩优秀|双子|可靠,Emiri Katou
2172,高良美幸,幸运星,https://s4.anilist.co/file/anilistcdn/character/large/2172.jpg,粉色长发的大小姐，性格温柔知性。她戴着眼镜，博学多识，却有些天然的脱线。她家境优渥，却从不以此自傲，对朋友真诚友善。她的温柔与学识，让她成为众人信赖的对象。那份知性之下的可爱，令人着迷。,Miyuki Takara|高良美幸|美幸,粉色长发|粉瞳|大小姐|知性|眼镜|温柔|天然|博学,Aya Endou
2257,西蒙,天元突破红莲螺岩,https://s4.anilist.co/file/anilistcdn/character/large/b2257-jnalsdnIX1vN.jpg,"地下村的挖洞少年。胆小懦弱但拥有一颗比任何人都大的心。在大哥卡米那的引领下钻出了地面看见了天空。在失去大哥后独自成长为超越所有前人的最强螺旋战士。名言是""你以为我是谁？！""——而从西蒙口中说出的这句话比任何人的都更震撼人心。""钻头就是我的灵魂！""",Simon|西蒙|シモン,蓝发|钻头|螺旋力|挖洞|成长|大哥的最强继任者|钻破天际,柿原彻也
2278,太刀川美美,数码宝贝,https://s4.anilist.co/file/anilistcdn/character/large/b2278-2pznB5TswqIk.png,被选召的孩子之一，纯真徽章的持有者。金发，性格如同大小姐般娇气，却拥有一颗纯真的心。她爱哭又任性，却在冒险中不断成长，学会了坚强。她相信纯真的力量，这份纯真也成为了她的武器。那份从娇气到坚强的转变，令人欣慰。,Mimi Tachikawa|太刀川美美|美美,金发|棕瞳|被选召的孩子|纯真徽章|大小姐|爱哭|纯真|成长,Ai Maeda
2285,星矢,圣斗士星矢,https://s4.anilist.co/file/anilistcdn/character/large/2285.jpg,"天马座的青铜圣斗士，为了寻找姐姐而来到圣域。棕发，性格热血顽强，永远不轻言放弃。他体内燃烧着强大的""小宇宙""，在绝境中一次次站起来。他为了保护女神和伙伴，不惜燃烧生命战斗。那句""燃烧吧，我的小宇宙""激励了无数人。那份不屈的意志，是圣斗士精神的最佳诠释。",Seiya|星矢|天马座星矢,棕发|棕瞳|圣斗士|天马座|热血|小宇宙|永不言败|守护,Hiroko Emori
2309,小神晶,幸运星,https://s4.anilist.co/file/anilistcdn/character/large/b2309-5NpswOtwSUiA.png,活泼可爱的主持人，粉色头发，负责故事的串场。她总是元气满满地进行各种吐槽和介绍，为这部日常作品增添了独特的趣味。她的活力与幽默，是作品中一抹明亮的色彩。,Akira Kogami|小神晶|晶,粉色头发|棕瞳|主持人|吐槽|元宝|活泼|后期|可爱,Hiromi Konno
2366,水野亚美,美少女战士,https://s4.anilist.co/file/anilistcdn/character/large/b2366-IJmfKZoSYT3N.png,"智商300的天才美少女——水手水星。使用水之力量战斗。戴眼镜的蓝发少女是队伍中最冷静的智囊。""水星的力量——赐我力量！""——最可靠的战友和美少女战士中成绩最好的成员。",Ami Mizuno|水野亚美|Ami|水手水星,蓝发|短发|天才|IQ300|水手水星|可靠|学霸,暂未收录
2423,自来也,火影忍者,https://s4.anilist.co/file/anilistcdn/character/large/b2423-4XKwQJg3s19p.png,传说中的三忍之一——蛤蟆仙人自来也。鸣人的师父和最重要的精神导师。好色的大叔外表下是最疼爱弟子的人。《亲热天堂》系列的畅销作家。在雨隐村独自面对佩恩六道完成了最后的战斗——将情报传回木叶后沉入海底。鸣人——你是预言之子。,Jiraiya|自来也|ジライヤ|好色仙人|蛤蟆仙人,白发|三忍|蛤蟆仙人|好色仙人|作家|鸣人师父|预言之子|牺牲,大冢芳忠
2440,瞬,圣斗士星矢,https://s4.anilist.co/file/anilistcdn/character/large/b2440-cRlQXhwEl6Zb.png,"仙女座的青铜圣斗士，绿发，性格温柔善良。他厌恶争斗，却为了守护和平而战斗。他使用""星云锁链""进行攻防，攻守兼备。他看似柔弱，却隐藏着惊人的潜力。那份温柔之下的强大，让他在关键时刻爆发出震撼的力量。",Shun|瞬|仙女座瞬,绿发|绿瞳|圣斗士|仙女座|星云锁链|温柔|善良|潜力,Ryou Horikawa
2473,小智,精灵宝可梦,https://s4.anilist.co/file/anilistcdn/character/large/b2473-JDoo3I82Km4l.png,"来自真新镇的宝可梦训练家，永远的10岁少年。与皮卡丘是最好的搭档，梦想成为宝可梦大师。虽然每次在新地区都洗点等级归零但他对宝可梦的热爱从未改变。名言是""就决定是你了！""。20多年的旅途从未放弃。",Satoshi|小智|Ash Ketchum|サトシ,黑发|10岁|训练家|永远10岁|真新镇|皮卡丘搭档|洗点|冒险|热血,松本梨香
2514,吉尔伽美什,Fate系列,https://s4.anilist.co/file/anilistcdn/character/large/b2514-hnE6LEdqm7Su.png,"最古老的英雄王，Archer职阶——但和其他Archer不一样他拥有世间所有宝具的原型。极度傲慢，称所有人为""杂种""。""王来承认，王来允许，王来背负这个世界。""王之财宝中射出的无数宝具是Fate最震撼的画面之一。拥有乖离剑EA。",Gilgamesh|吉尔伽美什|金闪闪|英雄王,金发|英雄王|王之财宝|杂种|傲慢|乖离剑|半神|金闪闪,关智一
2530,绀野真琴,穿越时空的少女,https://s4.anilist.co/file/anilistcdn/character/large/b2530-cQj2vyKexS4n.png,"普通的女高中生——在理科教室意外获得了穿越时间的能力。最初只是用来多吃几次布丁和考试作弊。直到她最好的朋友对她说""我喜欢你""——她才开始一次次往回跳想要回到那天之前。""Time waits for no one——时间不等人。""",Makoto Konno|绀野真琴|Makoto,棕发|短发|时间穿越|布丁|友情|后悔,Riisa Naka
2531,间宫千昭,穿越时空的少女,https://s4.anilist.co/file/anilistcdn/character/large/b2531-sTqtJZK2Hty5.jpg,"真琴的同班同学和最好的朋友——来自未来的时间旅行者。他来到这个时代只是为了看一幅画。但在那个夏天爱上了真琴。最后的告别——""我会在未来等你""——让无数人在电影院泪崩。",Chiaki Mamiya|间宫千昭|Chiaki,黑发|时间旅行者|未来人|暗恋|告别,Takuya Ishida
2588,金田正太郎,阿基拉,https://s4.anilist.co/file/anilistcdn/character/large/b2588-OfACKXYm2lkV.png,"新东京暴走族少年，红色摩托车的拥有者。当他最好的朋友铁雄被政府改造成恐怖的存在后——金田骑着那辆标志性的红色摩托回来拯救或毁灭一切。赛博朋克动画的标杆角色，影响了整整一代日本动画。""铁雄——！！！""",Shoutarou Kaneda|金田|Kaneda,黑发|暴走族|红色摩托|新东京|赛博朋克|铁雄挚友|KANEDAAA,暂未收录
2589,岛铁雄,阿基拉,https://s4.anilist.co/file/anilistcdn/character/large/b2589-HR4oPhkLGq6q.png,"金田的挚友，在逃避暴走族追捕时被政府抓去进行生化改造——成为了拥有毁灭性超能力的""阿基拉""般的恐怖存在。从一个胆小的少年变成了可以吞噬整个城市的怪物。他的悲剧是整个故事的引擎。",Tetsuo Shima|岛铁雄|Tetsuo|铁雄,黑发|生化改造|超能力|阿基拉|悲剧|吞噬|金田挚友,暂未收录
2651,定春,银魂,https://s4.anilist.co/file/anilistcdn/character/large/n2651-e8BTqVZl8lK2.jpg,万事屋饲养的巨大白色宠物狗，实际是宇宙生物。身材巨大能把人吞进嘴里。喜欢咬银时的头。虽然外表凶猛但非常忠诚和可爱。,Sadaharu|定春,白色|巨型犬|宇宙生物|咬头|宠物|可爱,暂未收录
2653,巴特,攻壳机动队,https://s4.anilist.co/file/anilistcdn/character/large/2653.jpg,公安9课的义体人大汉，素子最信赖的搭档。双眼被换成义眼是他的标志。虽然外表粗犷但有着重情重义的温柔内心。战斗时使用Shotgun和各种重武器。对素子抱有超越搭档的感情。养了一只巴吉度猎犬。,Batou|巴特|バトー,短发|义眼|Shotgun|公安9课|素子搭档|粗犷|温柔|巴吉度猎犬,大冢明夫
2654,户草,攻壳机动队,https://s4.anilist.co/file/anilistcdn/character/large/2654.jpg,公安9课的成员，主要情报分析员和狙击手。是整个团队中家庭生活最稳定的人——有妻子和女儿。虽然是人类但在义体人包围中坚守自己的人性。使用左轮手枪。,Togusa|户草|トグサ,黑发|情报分析|狙击|家庭|人类|左轮手枪,暂未收录
2671,木之本樱,魔卡少女樱,https://s4.anilist.co/file/anilistcdn/character/large/2671-DflaemZz0xJo.png,"友枝小学四年级学生，被选为库洛牌的守护者。在不小心释放了库洛牌后开始了收集卡牌的旅程。使用星之杖和魔法卡牌战斗。每次变装都穿着知世亲手制作的可爱战斗服。性格善良纯真，名言是""绝对没问题！""。初代萌王的地位至今无人撼动。",Sakura Kinomoto|木之本樱|小樱|Sakura|初代萌王,棕发|初代萌王|库洛牌|星之杖|小学生|绝对没问题|可爱|魔法少女|知世挚友,丹下樱
2707,特兰克斯,龙珠,https://s4.anilist.co/file/anilistcdn/character/large/b2707-YKWmn4q87oF8.png,赛亚人与地球人的混血战士，紫色头发，来自惨痛的未来世界。他肩负着改变未来的使命，穿越时空回到过去。他手持长剑，冷静而勇敢，在绝境中独自奋战。他继承了父亲的高傲与母亲的智慧，是年轻一代中的强者。那份背负使命的勇气，令人敬佩。,Trunks|特兰克斯|特兰克斯,紫色头发|蓝瞳|赛亚人混血|剑士|未来战士|超级赛亚人|冷静|勇气,Hiromi Tsuru
2727,桑,幽灵公主,https://s4.anilist.co/file/anilistcdn/character/large/b2727-eH2xoFpmfbS4.png,"被山犬神养大的人类少女——幽灵公主。用獠牙和鲜血对抗着破坏森林的人类。她恨人类——因为人类夺走了她的森林和母亲。但在阿席达卡眼中她除了仇恨还看到了自己。""我是山犬——不是人类！""——但她也是被阿席达卡爱上的人。",San|桑|幽灵公主|サン,黑发|山犬|幽灵公主|森林|仇恨人类|面具|被爱,暂未收录
2728,白石稔,幸运星,https://s4.anilist.co/file/anilistcdn/character/large/2728.jpg,作品中的配角助手，黑发，性格平凡而努力。他常常充当被吐槽的对象，用自己的方式为故事增添乐趣。他看似普通，却在后期工作中展现出不俗的存在感。那份平凡之下的努力，让人会心一笑。,Minoru Shiraishi|白石稔|白石,黑发|棕瞳|助手|吐槽|平凡|后期|努力|配角,Minoru Shiraishi
2761,尼亚·特佩林,天元突破红莲螺岩,https://s4.anilist.co/file/anilistcdn/character/large/b2761-FmSJGaW9WzYZ.png,"螺旋王罗杰诺姆的女儿，被西蒙从封印中释放的不可思议少女。纯粹天真如同白纸。与西蒙的相遇改变了两人的命运。当整个银河都要被反螺旋族毁灭时——她的婚礼是这部燃到天际的作品中最温柔的一笔。""我爱你，西蒙。""",Nia Teppelin|尼亚|Nia,金发|公主|纯真|短发|西蒙恋人|婚礼|最后温柔,暂未收录
2802,阿席达卡,幽灵公主,https://s4.anilist.co/file/anilistcdn/character/large/n2802-ccaKcUTJajUu.png,"被诅咒的虾夷族王子——为了寻找解除诅咒的方法踏上了前往西方的旅途。在铁镇和森林的战争之间他试图找到第三条路——共存。他的弓箭能穿透岩石但最强大的武器是他眼中不含偏见的视线。""我想以不被憎恨的眼睛看这个世界。""",Ashitaka|阿席达卡|アシタカ,黑发|王子|诅咒|弓箭|共存|不憎恨|骑羚羊,暂未收录
2825,木野真琴,美少女战士,https://s4.anilist.co/file/anilistcdn/character/large/b2825-d7HrsHjJgixD.png,从别校转来的高挑美少女——水手木星。拥有雷电之力和超强的格斗能力。比同龄人成熟的外表和温柔的内心形成鲜明对比。厨艺和园艺是她的隐藏技能。因为身高而被前男友嫌弃——这成为了她要证明自己的动力。,Makoto Kino|木野真琴|Mako|水手木星,棕发|高挑|水手木星|雷电|格斗|厨艺|帅气,暂未收录
2897,可鲁贝洛斯,魔卡少女樱,https://s4.anilist.co/file/anilistcdn/character/large/b2897-Ckmv1Y2i9hZZ.jpg,库洛牌的守护兽，平时是带翅膀的长毛猫玩偶形态（小可），真身是巨大的飞虎。超级爱甜食和打游戏。大阪腔的吐槽担当。虽然整天一副不靠谱的样子但在关键时刻总能保护好小樱。,Cerberus|可鲁贝洛斯|小可|ケロちゃん,金色|长毛猫|守护兽|真身飞虎|甜食|大阪腔|游戏宅|小可,久川绫
2951,野原新之助,蜡笔小新,https://s4.anilist.co/file/anilistcdn/character/large/b2951-Bs571jmT5Xym.png,"蜡笔小新的主角，5岁的幼儿园儿童。性格调皮捣蛋，喜欢漂亮大姐姐，经常做出各种荒唐搞笑的举动。最讨厌吃青椒，最爱动感超人和小葵妹妹。口头禅是""嗨，美女~""。虽然顽皮但内心善良。",Shinnosuke Nohara|小新|Shin-chan|野原新之助|蜡笔小新,黑发|短眉|调皮|好色|善良|5岁|幼儿园|动感超人迷|讨厌青椒|马铃薯头|搞怪,矢岛晶子
3029,李小狼,魔卡少女樱,https://s4.anilist.co/file/anilistcdn/character/large/b3029-urpwynZhFdbi.jpg,从香港来的库洛牌继承人，携带雷帝招来符进行战斗。最初与小樱是竞争库洛牌的对手，在相处中逐渐被她的善良吸引并产生了羞涩的感情。使用中国道术和宝剑。在魔法少女作品中稀有的男主角——因为他也会变身！,Xiaolang Li|李小狼|Syaoran|小狼,棕发|香港|库洛牌|道术|傲娇|小樱对手变恋人|雷帝招来|宝剑,熊井統子
3105,两仪式,空之境界,https://s4.anilist.co/file/anilistcdn/character/large/b3105-lI0m8vJ3JQK1.png,"拥有""直死之魔眼""的少女——能看到万物的死亡线。用小刀划过那条线就能杀死任何存在——包括神。在车祸昏迷两年后醒来，从此在生与死的边界行走。穿着和服和黑色皮夹克的她在夜晚的街道上斩杀超自然的威胁。""只要是活着的东西——就算是神我也杀给你看。""",Shiki Ryougi|两仪式|Shiki|式,黑发|和服|直死之魔眼|小刀|两仪式|空之境界|最强,暂未收录
3120,大道寺知世,魔卡少女樱,https://s4.anilist.co/file/anilistcdn/character/large/b3120-oZ4uB6NX5ReK.png,小樱最好的朋友，超级富豪家的大小姐。最大的爱好是为小樱制作战斗服并录下她的每一场精彩战斗——为此随身携带摄像机。拥有天籁般的歌声。对小樱的爱超越了友情——她说只要小樱幸福她就足够了。,Tomoyo Daidouji|大道寺知世|Tomoyo|知世,黑发|大小姐|摄像师|裁缝|歌唱家|小樱挚友|温柔|无私的爱,岩男润子
3275,早濑未沙,超时空要塞,https://s4.anilist.co/file/anilistcdn/character/large/3275.jpg,"Macross的航空管制官——冷静干练的军人。与辉的第一次见面是在战场上大吵一架——随后在一次次配合中成为了彼此最信赖的人。成熟稳重大姐姐类型的她教会了辉什么是责任和选择。""辉——你去吧。""",Misa Hayase|早濑未沙|Misa,棕发|军人|管制官|成熟|三角恋|放手,暂未收录
3531,寺尾升,星之声,https://s4.anilist.co/file/anilistcdn/character/large/b3531-8KiZJ6esFz7D.png,,Noboru Terao|升,,Chihiro Suzuki
3532,长峰美加子,星之声,https://s4.anilist.co/file/anilistcdn/character/large/b3532-aonFV30zlWHg.png,,Mikako Nagamine|美加子,,Sumi Mutou
3891,皮卡丘,精灵宝可梦,https://s4.anilist.co/file/anilistcdn/character/large/b3891-edgrZOgCJ9do.jpg,"小智的搭档宝可梦，电气鼠。最初完全不信任小智甚至用电击电他但后来成为全世界最亲密的人宠搭档。拒绝进化、拒绝进入精灵球。必杀技十万伏特。可爱外表背后是足以击倒传说宝可梦的实力。""Pika Pika！""",Pikachu|皮卡丘|ピカチュウ|皮神,黄色|电气鼠|皮卡皮卡|十万伏特|不进精灵球|不进化|可爱|实力派,大谷育江
3902,泽渡佐由理,云之彼端约定的地方,https://s4.anilist.co/file/anilistcdn/character/large/3902.jpg,"消失在""那座塔""里的少女——两个少年约定要造一架飞机飞到塔那边去看她。在病房里陷入沉睡的三年她唯一的声音是一遍又一遍在梦境中呼唤——""浩纪——拓也——我在云的那边等你们。""",Sayuri Sawatari|泽渡佐由理,黑发|沉睡|塔|约定|等待,Yuuka Nanri
3903,藤泽浩纪,云之彼端约定的地方,https://s4.anilist.co/file/anilistcdn/character/large/3903.jpg,"与拓也一起造飞机的少年——在佐由理消失后独自扛起了那架被遗弃的飞机继续造下去。""我答应过要带她飞到那座塔那里——这个约定我一个人也要完成。""",Hiroki Fujisawa|藤泽浩纪,黑发|造飞机|约定|坚持|不放弃,Hidetaka Yoshioka
3904,白川拓也,云之彼端约定的地方,https://s4.anilist.co/file/anilistcdn/character/large/3904.jpg,"浩纪的朋友——后来成为了研究""那座塔""的科学家。他选择了用物理学解释那个吞噬了佐由理的塔——放弃了自己曾经最想相信的东西。因为他太痛苦了——""那座塔的存在本身就是一个错误。""",Takuya Shirakawa|白川拓也,黑发|科学家|放弃|痛苦|塔,Masato Hagiwara
4003,空条承太郎,JOJO的奇妙冒险,https://s4.anilist.co/file/anilistcdn/character/large/b4003-gWDSEGbeOAll.png,"JOJO系列第三部《星尘斗士》的主角。高中生，身高195cm，拥有替身""白金之星""——速度和精度在替身中名列前茅，最终觉醒时停能力。性格冷酷寡言但内心正义。名言是""呀嘞呀嘞打贼""。",Joutarou Kuujou|空条承太郎|承太郎|Jotaro|JOJO|卖鱼强,黑发|绿色眼瞳|195cm|高中生|冷酷|沉默寡言|正义|替身使|白金之星|时停|海洋学家|JOJO,小野大辅
4004,迪奥·布兰度,JOJO的奇妙冒险,https://s4.anilist.co/file/anilistcdn/character/large/b4004-w0OtWuvjhftG.png,"JOJO系列最经典的反派，贯穿多部作品。从贫民窟少年成为吸血鬼，最终获得替身""世界""——能暂停时间数秒。野心极度膨胀，追求支配一切。名言是""没用没用没用没用！""和""你记得你至今为止吃了多少片面包吗？""。",Dio Brando|迪奥·布兰度|DIO|Dio|世界的支配者,金发|红色眼瞳|吸血鬼|时停|世界|替身使|JOJO宿敌|傲慢|野心家|贫民窟出身|石鬼面,子安武人
4122,小泽育美,无限的未知,https://s4.anilist.co/file/anilistcdn/character/large/b4122-sQmF3YQyL6hr.png,在宇宙中被困在战舰上的女高中生之一——在没有成人的封闭空间中维持秩序的少数几个人。勇敢果断但也犯过错。在被极限环境逼疯的同学们中间努力保持着自己的人性。,Ikumi Oze|小泽育美,棕发|战舰|被困|维持秩序|勇敢,暂未收录
4368,简·皮耶尔·波鲁纳雷夫,JOJO的奇妙冒险,https://s4.anilist.co/file/anilistcdn/character/large/b4368-1KToX8uSi1U1.png,"JOJO第三部中承太郎的伙伴，法国人。拥有替身""银色战车""——持剑的银白骑士替身，速度极快。性格热血冲动但重情重义，是队伍中的活跃气氛者。背负着妹妹被杀害的过去，为了复仇而踏上旅途。",Jean-Pierre Polnareff|波鲁纳雷夫|Polnareff|银色战车|法国人,银发|高挑|热血|冲动|重情义|法国人|替身使|银色战车|复仇|气氛活跃,小松史法
4601,伊吹风子,CLANNAD,https://s4.anilist.co/file/anilistcdn/character/large/b4601-ndvzx7vVREJU.jpg,用木雕海星送给全校学生的少女——为了让大家参加姐姐的婚礼。但有一个问题：真正的风子正躺在医院的病床上昏迷不醒，而校园里这个不停雕刻海星的她其实只是思念化作的存在。海星的故事是CLANNAD第一滴泪。,Fuuko Ibuki|伊吹风子|Fuuko|风子,棕发|海星雕刻|昏迷|幽灵体|姐姐的婚礼|可爱|执着,野中蓝
4602,一之濑琴美,CLANNAD,https://s4.anilist.co/file/anilistcdn/character/large/b4602-L9sSmkyQhZeC.jpg,"天才少女，总是独自在图书室看书。父母是著名学者但在空难中去世，留给她唯一的遗物是一只破旧的熊玩偶和一整箱的论文。朋也和渚帮她找到了父母的""遗言""——写在每篇论文扉页上的对女儿的爱。",Kotomi Ichinose|一之濑琴美|Kotomi|琴美,黑发|长发|天才|图书室|孤独|小提琴|熊玩偶|父母空难,能登麻美子
4604,古河渚,CLANNAD,https://s4.anilist.co/file/anilistcdn/character/large/b4604-YFJiWeuGSIYf.png,"因长期生病而留级的温柔少女。在樱花坡道的坡道上——""你喜欢这所学校吗？我非常非常喜欢。但这一切都在改变。""朋也因为这不可思议的相遇踏上了改变人生的旅程。最爱团子大家族，梦想是在演剧部重新登台。AS篇的结局至今让无数人泪崩。",Nagisa Furukawa|古河渚|Nagisa|渚,棕发|体弱|留级|温柔|团子大家族|演剧部|樱花坡道|坚强|母亲,中原麻衣
4606,冈崎朋也,CLANNAD,https://s4.anilist.co/file/anilistcdn/character/large/b4606-61r9h3WUrkA9.png,因为受伤失去篮球梦想的不良少年，与父亲关系彻底破裂过着自暴自弃的生活——直到遇到了古河渚。在与渚的交往中从少年成长为男人再成长为父亲。他的故事是关于废柴如何被一个温柔的女孩子拯救，又是如何拯救自己的孩子。,Tomoya Okazaki|冈崎朋也|Tomoya|朋也,蓝发|不良少年|父亲|成长|自暴自弃|被拯救|拯救女儿,中村悠一
4716,汤婆婆,千与千寻,https://s4.anilist.co/file/anilistcdn/character/large/b4716-8uiG2k2QxKvN.png,汤屋的主人——统治着整个神灵澡堂世界的魔女。体型巨大长相恐怖的婆婆，通过夺走名字来控制手下的工人。虽然冷酷贪婪但对她的巨型婴儿却是百般宠爱。有着让人印象深刻的鹰钩鼻和巨大的头。,Yubaba|汤婆婆|ゆばーば,魔女|汤屋|夺名|贪婪|巨型婴儿|鹰钩鼻|统治者|恐怖,暂未收录
4866,雾越未麻,未麻的部屋,https://s4.anilist.co/file/anilistcdn/character/large/b4866-IRnTqmFeMoly.png,"前偶像歌手转型为演员的少女。从一个清纯偶像变成了在镜头前被毁掉一切的""女人""。今敏用她的故事编织了一个关于身份、现实和疯狂的网络——到底发生了什么？谁是真的？她自己也不确定了。这是心理学恐怖动画的巅峰。",Mima Kirigoe|雾越未麻|Mima,棕发|偶像|演员|身份危机|心理学恐怖|今敏|幻象|崩溃,暂未收录
4950,亚古兽,数码宝贝,https://s4.anilist.co/file/anilistcdn/character/large/b4950-7ABdx6j3jmdE.png,恐龙型的数码兽，某位被选召孩子的搭档。橙色的小恐龙，性格忠诚可爱。它能够进化成暴龙兽等强大形态，是战斗中可靠的力量。它与搭档之间有着深厚的羁绊，这份羁绊正是进化的动力。它贪吃又粘人，是伙伴中最温暖的存在。,Agumon|亚古兽|亚古,橙色|恐龙型|数码兽|幼年期|进化|忠心|贪吃|搭档,Chika Sakamoto
4962,天野雪辉,未来日记,https://s4.anilist.co/file/anilistcdn/character/large/b4962-CpqPBVJngbq2.png,"性格内向懦弱的少年，习惯用手机记录身边的一切，过着独来独往的生活。他被卷入一场残酷的生存游戏，成为""日记持有者""之一。起初的他胆小怕事，凡事依赖他人，却在一次次生死考验中逐渐蜕变。他被迫直面自己内心的软弱与阴暗。那份从懦弱走向坚强的成长，是故事的核心。",Yukiteru Amano|雪辉|天野雪辉,棕发|棕瞳|日记持有者|懦弱|成长|观察者|求生|转变,Misuzu Togashi
4963,我妻由乃,未来日记,https://s4.anilist.co/file/anilistcdn/character/large/b4963-7ZMcCtXW5hkY.png,"拥有粉色长发和甜美笑容的少女，却是令人闻风丧胆的病娇。她的""未来日记""能够详细记录某位少年的动向，因此成为了最危险的日记持有者。她对那位少年的爱意扭曲而疯狂，为了对方不惜一切，甚至双手沾满鲜血。她手持斧头，战斗力惊人。那份炽热到病态的爱，既令人恐惧，也令人心疼。",Yuno Gasai|由乃|我妻由乃,粉色长发|红瞳|病娇|日记持有者|疯狂|执着|战斗力强|斧头,Tomosa Murata
4965,姆鲁姆鲁,未来日记,https://s4.anilist.co/file/anilistcdn/character/large/b4965-kfp8cXLa4n6y.png,跟随在时空之神身边的小型使魔，长相奇特却意外可爱。她性格活泼，喜欢恶作剧和贪吃，常常做出让人哭笑不得的事情。她在生存游戏的幕后扮演着特殊角色，看似无关紧要，却掌握着关键信息。那份古灵精怪之下的忠诚与作用，让她成为故事中独特的存在。,Mur Mur|姆鲁姆鲁|姆姆,小型生物|使魔|搞笑|贪吃|恶作剧|忠诚|可爱|陪伴,Manami Honda
4966,雨流美弥音,未来日记,https://s4.anilist.co/file/anilistcdn/character/large/b4966-Bb0hjxjJtidY.jpg,"被通缉的恐怖分子，绰号""炸弹狂人""。她是""逃亡日记""的持有者，能够预知自己逃脱的路线。紫色头发，性格冷酷强悍，一只眼睛是能看破谎言的特制义眼。她为了生存不择手段，却在游戏中经历了意想不到的转变。那份冷酷之下的孤独与挣扎，让她成为故事中最具冲击力的角色之一。",Minene Uryuu|雨流美弥音|美弥音,紫色头发|紫瞳|恐怖分子|日记持有者|强大|假眼|冷酷|转变,Mai Aizawa
4967,春日野椿,未来日记,https://s4.anilist.co/file/anilistcdn/character/large/b4967-Wa34H0uvUKYz.png,"某教团的巫女，双目失明，只能通过信徒的目击来""看""世界。她是""目击日记""的持有者。黑色长发，气质温柔却压抑。她被教团当作神明般供奉，过着被囚禁般的生活。这份被束缚的人生，让她内心积蓄着难以言说的黑暗。她的存在，折射出这场游戏中人性的复杂。",Tsubaki Kasugano|春日野椿|椿,黑色长发|棕瞳|巫女|日记持有者|双目失明|温柔|压抑|复杂,Eri Sendai
5186,露西·哈特菲利亚,妖精的尾巴,https://s4.anilist.co/file/anilistcdn/character/large/b5186-izgXf2S86K9u.png,妖精尾巴公会的星灵魔导士，富商千金。使用星灵钥匙召唤黄道十二宫的星灵战斗。梦想是成为小说家。性格善良但经常吐槽纳兹的莽撞。是纳兹小队中最有常识的人。,Lucy Heartfilia|露西|Lucy,金发|星灵魔导士|大小姐|写小说|常识人|吐槽|纳兹搭档,平野绫
5187,纳兹·多拉格尼尔,妖精的尾巴,https://s4.anilist.co/file/anilistcdn/character/large/b5187-rYFIQxOOrZsd.png,"妖精尾巴的灭龙魔导士，使用火之灭龙魔法。被火龙伊格尼尔抚养长大。性格热血莽撞但为了伙伴可以燃烧一切。经典台词是""我燃起来了！""。严重的交通工具晕——任何载具上去就吐。动画第一集就把整座城市炸了个洞。",Natsu Dragneel|纳兹|Natsu|火龙,粉发|灭龙魔导士|火龙之子|热血|莽撞|交通工具晕|伙伴至上,柿原彻也
5188,哈比,妖精的尾巴,https://s4.anilist.co/file/anilistcdn/character/large/b5188-1jTaic3aJ7Ds.jpg,"纳兹的伙伴——一只蓝色有翅膀的猫（超越者）。会说人话，使用翼魔法飞行。经典台词是""爱！""总是和纳兹一起搞事然后一起被艾尔莎暴揍。全剧吉祥物兼吐槽担当。",Happy|哈比,蓝色|猫|超越者|会飞|爱|吉祥物|吐槽,暂未收录
5189,艾尔莎·史卡雷特,妖精的尾巴,https://s4.anilist.co/file/anilistcdn/character/large/b5189-GR1xdok9SFsN.jpg,"妖精尾巴最强的S级魔导士之一，称号""妖精女王""。使用换装魔法，在战斗中瞬间切换各种铠甲和武器。实力恐怖但也会做出各种可爱举动——比如吃蛋糕时表情完全融化。童年从乐园之塔的奴隶中杀出来。",Erza Scarlet|艾尔莎|Erza|妖精女王,红发|S级魔导士|换装魔法|妖精女王|强大|蛋糕控|童年奴隶|铠甲,大原沙耶香
5267,黑桐干也,空之境界,https://s4.anilist.co/file/anilistcdn/character/large/b5267-aBSt3ADW1fvW.png,"两仪式唯一的依靠——没有任何特殊能力的普通青年。但正是他的""普通""——他的善良和不放弃——让式找到了继续活着的理由。在神和魔法的世界里他用最普通的方式守护着那个能杀死神的少女。""因为我喜欢你——就这个理由够不够？""",Mikiya Kokutou|黑桐干也|Mikiya|黒桐,黑发|普通人|善良|执着|式的依靠,暂未收录
5287,马利克·伊修达尔,游戏王,https://s4.anilist.co/file/anilistcdn/character/large/5287.jpg,守墓一族的后裔，金发，背负着家族的诅咒。他内心分裂出黑暗人格，为了复仇不择手段。他持有千年锡杖，操纵着残酷的决斗。他的人生充满悲剧，对宿命的仇恨扭曲了他的心灵。然而那份扭曲之下，是对自由与被理解的渴望。他的故事，是这部作品中浓墨重彩的一笔。,Marik Ishtar|马利克|伊修达尔,金发|紫瞳|守墓一族|复仇|千年锡杖|扭曲|悲剧|黑暗人格,Tetsuya Iwanaga
5295,林明美,超时空要塞,https://s4.anilist.co/file/anilistcdn/character/large/b5295-nsPBOglhRDtV.png,用歌声结束星际战争的传奇偶像——Macross小姐冠军。在战火纷飞的太空中她的歌声是人类唯一的光芒。与辉的恋情的起起落落是系列最令人纠结的三角关系。那首《Do You Remember Love》——是整个动画史上最经典的插曲。,Minmay Lynn|林明美|Minmay|リン・ミンメイ,黑发|偶像|歌手|三角恋|Macross小姐|经典,暂未收录
5301,一条辉,超时空要塞,https://s4.anilist.co/file/anilistcdn/character/large/5301.jpg,"骷髅小队的VF-1飞行员——被卷入与天顶星人的战争中不得不驾驶变形战斗机战斗。夹在青梅竹马明美和指挥官早濑未沙之间的三角恋是整个系列的经典。在战场上学会的不仅是如何战斗——还有如何选择。""我到底应该守护谁？""",Hikaru Ichijou|一条辉|Hikaru,黑发|飞行员|VF-1|三角恋|战争|成长,暂未收录
5407,露娜,美少女战士,https://s4.anilist.co/file/anilistcdn/character/large/5407.jpg,"引导月野兔成为水手月亮的黑猫——月亮王国的守护者。额头上的新月标志是她身份的象征。会用电脑分析敌情——在1990年代这可是超级高科技。所有水手战士的引导者也是她们的家人。""小兔！快变身！""",Luna|露娜|ルナ,黑猫|新月|引导者|月亮王国|电脑|可靠,暂未收录
5921,冰河,圣斗士星矢,https://s4.anilist.co/file/anilistcdn/character/large/b5921-6gn83rnXxLrL.png,"白鸟座的青铜圣斗士，在东西伯利亚修行。金发蓝瞳，擅长操纵寒冰的绝技""钻石星辰拳""。他外表冷酷，实则内心温柔，对逝去的母亲怀有深深的思念。他在战斗中冷静果断，是团队中可靠的力量。那份冰冷之下的温情，让他成为极具魅力的角色。",Hyoga|冰河|白鸟座冰河,金发|蓝瞳|圣斗士|白鸟座|冰系|钻石星辰拳|冷静|恋母,Kouichi Hashimoto
5922,紫龙,圣斗士星矢,https://s4.anilist.co/file/anilistcdn/character/large/b5922-DzYFLk6qzQif.png,"天龙座的青铜圣斗士，在庐山修行，长发飘逸。他擅长""庐山升龙霸""等绝技，实力强大。他性格沉着冷静，极重义气，为了伙伴不惜牺牲自己。他多次在战斗中因舍身而濒临死亡，却又一次次奇迹般归来。那份重情重义与舍身的精神，令人肃然起敬。",Shiryu|紫龙|天龙座紫龙,黑发|棕瞳|圣斗士|天龙座|庐山升龙霸|义气|沉着|舍身,Chiyoko Kawashima
5923,一辉,圣斗士星矢,https://s4.anilist.co/file/anilistcdn/character/large/5923.jpg,"凤凰座的青铜圣斗士，实力强大，被称为""不死鸟""。他性格孤高，独来独往，最初甚至与青铜圣斗士们为敌。然而他内心深处对弟弟无比珍视，为了弟弟可以付出一切。他拥有凤凰座""浴火重生""的力量，每次倒下都会以更强的姿态归来。那份孤高之下的深情，令人动容。",Ikki|一辉|凤凰座一辉,黑发|棕瞳|圣斗士|凤凰座|不死鸟|孤高|强大|守护弟弟,Hideyuki Hori
5988,罗赛·托马斯,钢之炼金术师,https://s4.anilist.co/file/anilistcdn/character/large/b5988-Wo1TMSnDnPIm.jpg,里欧尔事件中遇到的少女，坚信太阳神教能复活死去的恋人。被骗后被爱德华教训了一顿（人造人伪装的教主）。后来跟随马尔科医生四处救助受贤者之石之害的人们，成长为坚强独立的女性。,Rosé Tomas|罗赛|Rose,棕发|少女|里欧尔|太阳神教|被骗|成长|坚强|独立,桑岛法子
6024,相叶祐希,无限的未知,https://s4.anilist.co/file/anilistcdn/character/large/b6024-auvjj5B8y89L.png,"战舰上的男学生——在封闭空间中迫不得已承担起了""大人""的责任。在极端压力下做出了他认为正确的选择但付出了被所有人误解的代价。",Yuuki Aiba|相叶祐希,黑发|领导者|被误解|担当|牺牲,暂未收录
6043,毒岛冴子,学园默示录,https://s4.anilist.co/file/anilistcdn/character/large/b6043-DNEJrW4QOLG2.png,剑道部的主将，实力超群的学姐。黑色长发，气质优雅冷静，是队伍中最强的战力之一。她在丧尸危机中展现出惊人的战斗天赋，手持木刀所向披靡。然而她内心深处隐藏着对战斗的渴望，这份冲动让她既痛苦又矛盾。那份优雅之下的强大与隐秘，让她成为极具魅力的角色。,Saeko Busujima|毒岛冴子|冴子,黑色长发|紫瞳|剑道|学姐|冷静|强大|优雅|隐藏的一面,Miyuki Sawashiro
6044,宫本丽,学园默示录,https://s4.anilist.co/file/anilistcdn/character/large/b6044-K2II4IU7obFL.png,拥有枪术才能的少女，棕色长发，性格坚强好胜。她擅长使用长枪，在丧尸危机中成为了可靠的战力。她与某位少年是青梅竹马，两人的关系在生死考验中变得愈发复杂。她既有坚强果断的一面，也有脆弱动摇的时刻。那份在绝境中不放弃的倔强，令人敬佩。,Rei Miyamoto|宫本丽|丽,棕色长发|棕瞳|枪术|学生|坚强|好胜|青梅竹马|战斗,Marina Inoue
6045,小室孝,学园默示录,https://s4.anilist.co/file/anilistcdn/character/large/6045-uXrSnt8CwMFz.jpg,在丧尸危机中挺身而出的少年，成为了幸存者小队的核心。棕发，曾是棒球部的成员，运动能力出众。他在混乱中保持着冷静与决断，带领同伴们寻找生路。虽然内心也有恐惧和动摇，却始终肩负起保护大家的责任。那份在绝境中依然挺立的意志，让他成为了团队的支柱。,Takashi Komuro|小室孝|孝,棕发|棕瞳|学生|领导者|棒球|武器|生存|决断,Junichi Suwabe
6046,鞠川静香,学园默示录,https://s4.anilist.co/file/anilistcdn/character/large/b6046-Ay3cdQMsDdFv.png,学校的校医，金发碧眼，性格天然温柔。她有着成熟女性的温柔气质，是队伍中治愈般的存在。她擅长驾驶，是团队重要的后勤保障。虽然有时会因天然的性格而脱线，却在关键时刻展现出可靠的医术与判断。那份温柔之下的从容，为这个残酷的世界带来一丝慰藉。,Shizuka Marikawa|鞠川静香|静香,金发|绿瞳|校医|天然|成熟|治愈|驾驶|温柔,Yukari Fukui
6047,平野耕太,学园默示录,https://s4.anilist.co/file/anilistcdn/character/large/b6047-mkDdsaQHjFng.png,身形圆润的军宅少年，对枪械知识了如指掌。他是队伍中的射击担当，一旦拿起武器便判若两人，枪法精准无比。平时是个有些怯懦的宅男，却在战场上展现出惊人的可靠。他对枪械的热爱与专业，成为了团队生存的重要保障。那份宅气之下的勇敢，令人刮目相看。,Kouta Hirano|平野耕太|耕太,棕发|棕瞳|军宅|枪械|宅男|可靠|射击|反差,Nobuyuki Hiyama
6048,高城沙耶,学园默示录,https://s4.anilist.co/file/anilistcdn/character/large/b6048-v6MbWVJrqsZG.png,智商超群的天才少女，粉色双马尾，性格傲娇毒舌。她拥有惊人的头脑，总能制定出周密的生存计划。她自尊心极强，嘴上不饶人，常常毫不留情地吐槽同伴。然而在关键时刻，她的智慧屡屡拯救团队。那份傲娇之下的才能与关心，让她成为队伍中不可或缺的智囊。,Saya Takagi|高城沙耶|沙耶,粉色双马尾|粉瞳|天才|傲娇|毒舌|高智商|计划|自尊心强,Eri Kitamura
6211,艾尔斯·布鲁,无限的未知,https://s4.anilist.co/file/anilistcdn/character/large/b6211-l18j1An7BS7k.png,战舰上的金发少女——在混乱中保持冷静的少数派。当所有人都在争吵和恐惧中失去判断力时她是最理性的提案者。与育美一起维持着这个封闭世界的平衡。,Airs Blue|艾尔斯·布鲁,金发|理性|冷静|维持平衡|战舰,暂未收录
6356,约瑟夫·乔斯达,JOJO的奇妙冒险,https://s4.anilist.co/file/anilistcdn/character/large/b6356-RImEfUfHpC58.png,"JOJO系列第二部《战斗潮流》的主角，承太郎的外公。拥有替身""隐者之紫""以及波纹气功。年轻时性格狡黠机敏、擅长智斗，老年依然活力十足。名言是""接下来你会说…""以及各种经典逃跑宣言。",Joseph Joestar|约瑟夫·乔斯达|二乔|Joseph|JOJO|老东西,棕发|蓝色眼瞳|高挑|狡黠|机智|波纹气功|替身使|隐者之紫|JOJO|年轻时帅爆,杉田智和
6866,琪琪,魔女宅急便,https://s4.anilist.co/file/anilistcdn/character/large/b6866-Fe38ZMNvevnF.png,"13岁的小魔女——按照传统带着黑猫吉吉离家进行修行。飞到海边的城市开了一家飞行快递店。但有一天她突然失去了飞行能力——发现自己失去魔法的恐慌是每个从孩子走向大人的人都会经历的迷茫。""我只是累了——让我休息一下""——然后重新飞起来时比任何时候都更美丽。",Kiki|琪琪|キキ,黑发|13岁|魔女|扫帚|黑猫|快递|失飞|成长,暂未收录
7176,户愚吕弟,幽游白书,https://s4.anilist.co/file/anilistcdn/character/large/7176.jpg,曾经的人类武道家，为了追求绝对的力量而堕落为妖怪。他身形壮硕，力量恐怖，是令人绝望的强敌。然而这份对力量的执着，源于一段刻骨铭心的悲剧。他渴望与真正的强者对决，甚至期待着自己的败北。那份强大之下的空虚与悲凉，让他成为故事中最令人唏嘘的反派。,Toguro Otouto|户愚吕弟|户愚吕弟,壮硕|妖怪|力量|强者|悲剧|复仇|变身|宿命,Tesshou Genda
7373,赫萝,狼与香辛料,https://s4.anilist.co/file/anilistcdn/character/large/b7373-1BH0gELuZmHD.jpg,"寄宿在麦穗中的丰收之神——贤狼赫萝。曾在数百年前与一个村庄约定守护丰收，但村民们渐渐忘记了她。在遇到旅行商人罗伦斯后，以""带她回北方故乡约伊兹""为条件与他同行。外表是长有狼耳和尾巴的美少女，实际年龄超过600岁。性格狡黠傲娇，喜欢好酒和苹果，精通商业谈判。",Holo|赫萝|贤狼|ホロ,棕发|狼耳|狼尾|贤狼|600岁|傲娇|狡黠|商业头脑|苹果控|酒豪|丰收之神,小清水亚美
7374,克拉夫特·罗伦斯,狼与香辛料,https://s4.anilist.co/file/anilistcdn/character/large/b7374-XeKVCsoW129T.png,25岁的独行旅行商人，梦想开一家属于自己的店铺。在帕斯罗村遇到了赫萝，从那天起他的旅程彻底改变。虽然总是抱怨赫萝的任性但内心深处珍视她胜过一切。两人在旅途中发展出一段跨越人神的温柔感情。,Kraft Lawrence|罗伦斯|クラフト・ロレンス,灰发|商人|旅行者|精明|温柔|25岁|梦想开店|马匹伙伴|与狼同行,福山润
7375,库洛艾,狼与香辛料,https://s4.anilist.co/file/anilistcdn/character/large/b7375-Fl8ZYFMB1MPP.png,帕斯罗村的居民，与罗伦斯有商业往来。在故事初期登场，是罗伦斯和赫萝相遇的见证者。,Chloe|库洛艾,棕发|帕斯罗村|村民|见证者,暂未收录
7376,诺拉·艾伦特,狼与香辛料,https://s4.anilist.co/file/anilistcdn/character/large/b7376-Hc7DpDQj6I31.png,年轻的牧羊女，受雇于教会担任牧羊人。与一只训练有素的大型牧羊犬艾尼克为伴。在旅途中与罗伦斯和赫萝相遇，卷入了关于走私和教会权力的复杂事件。,Nora Arendt|诺拉|ノーラ,棕发|牧羊女|教会|善良|大型牧羊犬|少女,暂未收录
7630,夏洛特·E·叶格,强袭魔女,https://s4.anilist.co/file/anilistcdn/character/large/b7630-0eFrsfxcae2L.png,,Charlotte E Yeager|夏洛特,,Ami Koshimizu
7632,弗朗西斯卡·鲁基尼,强袭魔女,https://s4.anilist.co/file/anilistcdn/character/large/b7632-5jni7LSAZbP4.png,,Francesca Lucchini|鲁基尼,,Chiwa Saitou
7747,波鲁克,红猪,https://s4.anilist.co/file/anilistcdn/character/large/b7747-AjKZjVAWSnX6.png,"前意大利空军飞行员——被诅咒变成了猪的赏金猎人。驾驶红色水上飞机在亚得里亚海上空自由飞翔。对法西斯说""我宁愿做一头猪也不愿成为你们的走狗""。表面玩世不恭但在他的墨镜和猪脸下是人类最高贵的精神。""不能飞的猪——就只是普通的猪而已。""",Porco Rosso|波鲁克|Marco,猪|飞行员|赏金猎人|红色飞机|墨镜|自由|反法西斯,暂未收录
7801,卓比,她和她的猫,https://s4.anilist.co/file/anilistcdn/character/large/7801.jpg,,Chobi|チョビ,,Makoto Shinkai
7854,野原美冴,蜡笔小新,https://s4.anilist.co/file/anilistcdn/character/large/7854.jpg,野原家的母亲，29岁的全职主妇。性格火爆，经常用拳头痛扁调皮的小新。虽然嘴上唠叨但对家庭充满爱，擅长精打细算和抢购打折商品。年轻时是不良少女，偶尔会展现出惊人的战斗力。,Misae Nohara|野原美冴|美冴|Misae|美冴妈妈,棕发|主妇|暴力妈妈|精打细算|29岁|前不良少女|暴躁|爱家庭|打折达人,楢桥美纪
7855,野原向日葵,蜡笔小新,https://s4.anilist.co/file/anilistcdn/character/large/7855.jpg,野原家最小的女儿，小新的妹妹。虽然还是婴儿但展现出超乎寻常的智慧和对帅哥钻石的痴迷。喜欢闪闪发光的东西和美男子。与小新经常争夺妈妈的注意力。,Himawari Nohara|野原向日葵|小葵|Himawari|向日葵,棕发|婴儿|早熟|帅哥控|钻石油控|聪慧|小新妹妹|闪闪发光控,兴梠里美
8087,乔纳森·乔斯达,JOJO的奇妙冒险,https://s4.anilist.co/file/anilistcdn/character/large/b8087-GTrObHQvujB5.png,JOJO第一部《幻影之血》的主角，JOJO家族的初代。以绅士精神面对一切挑战，修炼波纹气功对抗吸血鬼迪奥。虽然最终在爆炸中与迪奥同归于尽，但他的精神传承给了后代所有JOJO。,Jonathan Joestar|乔纳森·乔斯达|大乔|Jonathan|JOJO,蓝发|蓝色眼瞳|高挑|绅士|正义|波纹气功|JOJO初代|贵族|勇敢|自我牺牲,兴津和幸
8301,釜爷,千与千寻,https://s4.anilist.co/file/anilistcdn/character/large/b8301-ASa313sbbcI3.png,汤屋锅炉房的管理者，六只蜘蛛般的手臂同时操控无数抽屉。外表恐怖但内心温柔的老人，是汤屋中第一个真正帮助千寻的人。给千寻工作并默默守护着她。,Kamajii|釜爷|釜じい,六臂|锅炉房|蜘蛛|老者|温柔|守护千寻,暂未收录
8306,秋濑或,未来日记,https://s4.anilist.co/file/anilistcdn/character/large/b8306-1plj927kFBCf.jpg,天才少年侦探，金发蓝瞳，头脑极为聪慧。他被卷入生存游戏后，凭借惊人的推理能力追查真相。他冷静理智，对某位少年抱有复杂的情感。他并非普通的日记持有者，其存在本身隐藏着不为人知的秘密。他的执着与宿命，为这个残酷的游戏增添了别样的深度。,Aru Akise|秋濑或|或,金发|蓝瞳|侦探|天才|冷静|正义|调查|宿命,Akira Ishida
8308,平坂黄泉,未来日记,https://s4.anilist.co/file/anilistcdn/character/large/b8308-vwXduDuS8J39.png,戴着假面的日记持有者，真实身份成谜。他拥有强大的战斗力，是生存游戏中不可忽视的对手。他沉默寡言，行动神秘，背负着不为人知的宿命。那份隐藏于假面之下的真实，随着故事的推进逐渐揭晓。他的存在，为这场残酷的游戏增添了浓重的悲剧色彩。,Yomotsu Hirasaka|平坂黄泉|黄泉,黑发|黑瞳|日记持有者|假面|神秘|战士|宿命|悲剧,Yoshihisa Kawahara
8523,希达,天空之城,https://s4.anilist.co/file/anilistcdn/character/large/b8523-G9vNbbLN1aJI.png,从天而降的少女，黑色长发，持有神秘的飞行石。她善良勇敢，身世与传说中的天空之城有着千丝万缕的联系。她因飞行石而成为各方势力追逐的目标，却在逃亡中始终保持着纯净的心。她与一位少年共同踏上了寻找拉普达的旅程。那份善良与勇气，是故事最动人的底色。,Sheeta|希达|希塔,黑色长发|棕瞳|少女|飞行石|善良|勇敢|拉普达后裔|公主,Keiko Yokozawa
8524,巴鲁,天空之城,https://s4.anilist.co/file/anilistcdn/character/large/b8524-GsNaG6GxiZrP.jpg,"在矿镇生活的少年，棕发，性格真诚勇敢。他梦想着证明传说中的天空之城""拉普达""真实存在。他在矿洞中长大，擅长机械和驾驶飞行器。当一位从天而降的少女出现后，他义无反顾地踏上了保护对方的冒险之旅。那份纯粹而坚定的勇气，令人动容。",Pazu|巴鲁|帕祖,棕发|棕瞳|少年|矿工|勇敢|真诚|飞行|守护,Mayumi Tanaka
8525,朵拉,天空之城,https://s4.anilist.co/file/anilistcdn/character/large/b8525-gYwQaCzrGZGp.png,空中海盗团的女首领，性格豪爽精明。她看似贪财凶狠，实则有着一颗重情重义的心。她率领着一群不靠谱的海盗儿子，四处寻找宝藏。她在追逐飞行石的过程中，与两位少年少女产生了奇妙的羁绊。那份豪爽之下的善良与母性，令人动容。,Dola|朵拉|朵拉婆婆,灰色头发|棕瞳|海盗|老太婆|豪爽|精明|母爱|飞行,Kotoe Hatsui
8526,穆斯卡,天空之城,https://s4.anilist.co/file/anilistcdn/character/large/b8526-n5aqtiPrcbYA.png,野心勃勃的军方人物，棕发，城府极深。他同样有着拉普达的血统，却将其视为实现野心的工具。他阴险狡诈，为了达到目的不择手段，渴望获得天空之城的巨大力量。他的贪婪与冷酷，让他成为了故事中最危险的反派。那份对力量的扭曲渴望，令人不寒而栗。,Muska|穆斯卡|穆斯卡,棕发|棕瞳|军方|野心家|阴险|拉普达后裔|权谋|反派,Minori Terada
8945,花京院典明,JOJO的奇妙冒险,https://s4.anilist.co/file/anilistcdn/character/large/8945-gyPfrVpCb5CF.jpg,"JOJO第三部《星尘斗士》中承太郎的伙伴。拥有替身""绿色法皇""，可以伸长的绿色人形替身，擅长远距离攻击和结界。性格冷静沉着、观察力极强，是队伍中的智谋担当。爱吃樱桃的独特方式成为名场面。",Noriaki Kakyouin|花京院典明|花京院|Kakyoin|绿色法皇,红发|冷静|沉着|观察力极强|替身使|绿色法皇|高中生|智谋|樱桃名场面,平川大辅
8946,穆罕默德·阿布德尔,JOJO的奇妙冒险,https://s4.anilist.co/file/anilistcdn/character/large/b8946-BumWgNGkPP9W.jpg,"JOJO第三部中承太郎的伙伴，埃及占卜师。拥有替身""红色魔术师""——操控火焰的替身。性格沉稳可靠、富有智慧，是乔斯达家族的老朋友。对替身和DIO的了解帮助团队多次化险为夷。",Mohammed Avdol|阿布德尔|Avdol|红色魔术师|占卜师,黑发|埃及人|沉稳|智慧|占卜师|替身使|红色魔术师|火焰|可靠|乔斯达家族旧友,三宅健太
9177,工藤优作,名侦探柯南,https://s4.anilist.co/file/anilistcdn/character/large/9177.jpg,"工藤新一的父亲，世界知名的推理小说家，创造了畅销角色""暗夜男爵""。推理能力远超新一，是第一个看穿黑衣组织存在的人。性格沉稳洒脱，与妻子有希子定居美国。",Yusaku Kudo|工藤优作|优作|暗夜男爵作者,黑发|中年|沉稳|天才|推理小说家|暗夜男爵|新一父亲|世界级|有希子丈夫,田中秀幸
9240,沙加,圣斗士星矢,https://s4.anilist.co/file/anilistcdn/character/large/b9240-Va8ShmkScOm8.png,"处女座的黄金圣斗士，被称为""最接近神的人""。金发，气质超凡脱俗，实力深不可测。他常年闭目冥想，一旦睁眼便施展出毁灭性的力量。他看似无情，实则心怀慈悲，对生命的真谛有着深刻的领悟。那份神圣与强大的气质，让他成为黄金圣斗士中最耀眼的存在之一。",Shaka|沙加|处女座沙加,金发|蓝瞳|黄金圣斗士|处女座|最接近神的人|冥想|强大|慈悲,Yuuji Mitsuya
9792,冯·霍恩海姆,钢之炼金术师,https://s4.anilist.co/file/anilistcdn/character/large/b9792-YA8kiO4NjmGL.jpg,爱德华和阿尔冯斯的父亲，拥有不死之身的贤者之石本体（活体贤者之石）。数百年前与烧瓶中的小人做了交易，获得了永生却付出了无法老去的代价。外表年轻但实际年龄超过400岁。,Van Hohenheim|霍恩海姆|父亲大人|活体贤者之石,金发|贤者之石|不死之身|400岁|父亲|活体贤者之石|高深莫测|眼镜|悲剧,石冢运升
9954,迪路兽,数码宝贝,https://s4.anilist.co/file/anilistcdn/character/large/9954.jpg,猫型的数码兽，通体白色，散发着神圣的气息。它是某位被选召孩子的搭档，成熟冷静。它能够进化成天女兽，是团队中重要的战力。它最初迷失了方向，却在与搭档的重逢中找回了自己。那份神圣之下的温柔与坚强，令人动容。,Tailmon|迪路兽|迪路,白色|猫型|数码兽|神圣|进化|成熟|冷静|搭档,Yuka Tokumitsu
10126,她,她和她的猫,https://s4.anilist.co/file/anilistcdn/character/large/10126.jpg,,She|彼女,,Miko Shinohara
10138,托尔芬,冰海战记,https://s4.anilist.co/file/anilistcdn/character/large/b10138-zOPrka0ddZOR.png,某位传奇维京战士之子，为报杀父之仇而踏上战场。金发蓝瞳的少年，在仇恨的驱使下成为了冷酷的战士，只为有一天能亲手复仇。他沉默寡言，眼神中燃烧着复仇的火焰。然而在漫长的战争与杀戮中，他逐渐迷失，也开始重新思考战斗的意义。他的故事，是一个从仇恨走向救赎的深刻旅程。,Thorfinn|托尔芬|卡尔塞夫尼,金发|蓝瞳|维京|复仇|战士|沉默|成长|刀,Yuuto Uemura
10418,相生祐子,日常,https://s4.anilist.co/file/anilistcdn/character/large/b10418-nDUxYpR4dpmA.png,时定高校的普通女高中生。短发的吐槽役，每次考试都试图作弊然后被抓。和美绪、麻衣组成了整个动画界最魔性的元气三人组。她的日常就是被各种奇奇怪怪的日常碾过去然后一脸懵逼地吐槽。,Yuuko Aioi|相生祐子|Yuuko,棕发|短发|吐槽役|考试作弊|日常|搞笑,暂未收录
10421,水上麻衣,日常,https://s4.anilist.co/file/anilistcdn/character/large/b10421-gPMhyPdWOxiu.png,"眼镜娘，永远面无表情的天才。用最平淡的表情做着最离谱的事。把佛头戴在头上、用钓鱼竿玩同学——她的不以为然的恶作剧是整个日常中最令人猝不及防的笑点。""没什么~""——她总是这么说。",Mai Minakami|水上麻衣|Mai,黑发|眼镜|无表情|天才|恶作剧|佛头|钓鱼竿|面无表情,暂未收录
10529,乔鲁诺·乔巴纳,JOJO的奇妙冒险,https://s4.anilist.co/file/anilistcdn/character/large/b10529-AloL8jjZwjsg.png,"JOJO第五部《黄金之风》的主角，DIO与日本女性所生的儿子。15岁加入意大利黑帮""热情""，梦想成为黑帮明星来改变腐败的那不勒斯。拥有替身""黄金体验""——能赋予物品生命，后期进化为""黄金体验镇魂曲""。",Giorno Giovanna|乔鲁诺·乔巴纳|茸茸|Giorno|GIOGIO,金发|卷发|15岁|冷静|正义|黑帮明星|黄金体验|替身使|DIO之子|意大利,小野贤章
10863,塞巴斯蒂安·米卡艾利斯,黑执事,https://s4.anilist.co/file/anilistcdn/character/large/b10863-DsfonbP2CATa.png,"凡多姆海威家的执事，真实身份是恶魔。与西雅尔签订契约后以完美的执事姿态为他效劳——打理庄园、泡红茶、解决一切敌人。全知全能的美男子。契约的报酬是西雅尔的灵魂。口头禅是""我是恶魔，也是执事""。",Sebastian Michaelis|塞巴斯蒂安|Sebastian|384|恶魔执事,黑发|红色眼瞳|恶魔|完美执事|全能|红茶|黑色燕尾服|银器|优雅|契约|忠诚于少爷,小野大辅
11222,空条徐伦,JOJO的奇妙冒险,https://s4.anilist.co/file/anilistcdn/character/large/b11222-Se9QoJHDSeYY.png,"JOJO第六部《石之海》的主角，空条承太郎的女儿。被陷害入狱后在监狱中觉醒替身""石之自由""——可将身体化作线状。性格叛逆倔强但继承了乔斯达家族的正义之血，是第一位女性JOJO主角。",Jolyne Kuujou|空条徐伦|Jolyne|JoJo|徐伦,黑发|绿色眼瞳|叛逆|倔强|正义|替身使|石之自由|女JOJO|监狱|承太郎女儿,菲鲁兹·蓝
11272,波姆爷爷,天空之城,https://s4.anilist.co/file/anilistcdn/character/large/b11272-0BakRhX5TJOV.png,矿镇上的老人，白发苍苍，睿智而友善。他是矿工们的长者，对天空之城的传说有所了解。他热情地帮助少年，讲述关于飞行石的古老故事。那份历经岁月的智慧与温暖，为少年的冒险之旅提供了指引。,Pom Jii-san|波姆爷爷|波姆,白发|矿工|老人|睿智|友善|天空之城传说|温暖|矿镇,Fujio Tokita
12064,逢坂大河,龙与虎,https://s4.anilist.co/file/anilistcdn/character/large/b12064-7PDN3ylIeAZn.png,"掌中老虎——名字中""大河""音近""Tiger""加上她的暴躁性格和极小身材。是学校里人人畏惧的""最强最凶""美少女。与龙儿相遇后开始了一段以互相助攻恋爱为名的同居生活。外表凶猛内心极度敏感脆弱。被称为""傲娇系的教科书""。",Taiga Aisaka|逢坂大河|Taiga|掌中老虎|大河酱,棕发|娇小|掌中老虎|傲娇|暴力|敏感|初恋|同居|料理|虎纹,钉宫理惠
12295,高须龙儿,龙与虎,https://s4.anilist.co/file/anilistcdn/character/large/b12295-d45uTNeJHuus.png,长相凶恶（遗传自黑道叔叔）的温柔少年。擅长料理和家务，一手包办母亲和自己的生活。因为外表被全校误解为不良少年但内心比谁都温柔。与大河同住后成为她的专属保姆/厨师/护卫。,Ryuuji Takasu|高须龙儿|Ryuuji|龙儿,黑发|面相凶恶|温柔|家务全能|料理高手|被误解|母亲缺乏|虎的守护者,间岛淳司
12305,栉枝实乃梨,龙与虎,https://s4.anilist.co/file/anilistcdn/character/large/b12305-AdKOcp0az9mq.jpg,大河的闺蜜，垒球部主力。永远充满活力的元气少女，用夸张的肢体动作和说冷笑话来掩饰自己真实的感情。龙儿暗恋的对象，但她的心似乎另有所属。,Minori Kushieda|栉枝实乃梨|Minori|实乃梨,红发|元气|垒球|运动少女|冷笑话|掩盖感情|闺蜜|活力,堀江由衣
12306,北村佑作,龙与虎,https://s4.anilist.co/file/anilistcdn/character/large/b12306-Nb1orOh4UkpT.png,龙儿的死党，学生会副会长。眼镜加短发的清爽好青年。曾经为了追随心上人（学生会长）而染金发大闹学生会。大河最初的爱慕对象。,Yuusaku Kitamura|北村佑作|Kitamura|北村,棕发|眼镜|学生会|清爽|死党|好青年|金发时期,暂未收录
12323,泉新一,寄生兽,https://s4.anilist.co/file/anilistcdn/character/large/b12323-NAoqDYOn2RSo.png,"普通的高中生，右手被外星寄生生物MIGI占据而保住了大脑。在与MIGI共生的过程中逐渐失去了人类的情感——泪腺、恐惧、乃至最基础的共情能力。但在面对其他寄生兽的杀戮和母亲的死亡后重新找回了""人""的本质。",Shinichi Izumi|泉新一|Shinichi,黑发|高中生|共生|失去情感|找回人性|右手寄生|普通少年|进化,岛崎信长
12531,夏尔·凡多姆海威,黑执事,https://s4.anilist.co/file/anilistcdn/character/large/b12531-joBTjTP3fonc.png,"凡多姆海威伯爵家的13岁当主，被称为""女王的看门犬""——暗中处理维多利亚女王地下世界的肮脏任务。在父母被杀后与恶魔塞巴斯蒂安签订了灵魂契约。右眼戴着标记契约的眼罩。外表是纯真无邪的少年但内心被复仇吞噬。",Ciel Phantomhive|夏尔|Ciel|少爷,蓝发|眼罩|13岁|伯爵|女王的看门犬|灵魂契约|复仇|少年|优雅|阴暗面,坂本真绫
12668,河地大吉,白兔糖,https://s4.anilist.co/file/anilistcdn/character/large/n12668-CU0ySRvjIo2q.png,"30岁的普通上班族——在外公葬礼上看到了被家族嫌弃的外公私生女凛。在所有人都推托责任时他说出了那句——""那我来养她好了""。从此开始了一个单身大叔和6岁小女孩的同居生活。从不会换尿布到为她学会了做饭——他的成长比任何热血动画都更让人感动。",Daikichi Kawachi|河地大吉|Daikichi,棕发|30岁|单身|收养|大叔|成长|温柔|日常,暂未收录
12669,鹿贺凛,白兔糖,https://s4.anilist.co/file/anilistcdn/character/large/b12669-txIOgp7as6ca.png,"大吉外公6岁的私生女——被所有大人当成尴尬存在的少女。沉默寡言、不哭不笑、眼神比大人还要空。在大吉的陪伴下她的笑容从一天一次变成了一天无数次。——她叫大吉的那声""大吉""是全世界最温柔的呼唤。",Rin Kaga|鹿贺凛|Rin|りん,黑发|6岁|孤儿|安静|被爱|微笑|成长|温暖,暂未收录
12879,柿崎速雄,超时空要塞,https://s4.anilist.co/file/anilistcdn/character/large/12879.jpg,"骷髅小队成员——辉最好的战友。乐天派的他总是在战场上调节气氛。在一个普通的日子里为了保护辉被导弹击坠。""辉——替我活下去。""",Hayao Kakizaki|柿崎速雄,棕发|飞行员|战友|牺牲|乐天,暂未收录
12960,格雷尔·萨特克利夫,黑执事,https://s4.anilist.co/file/anilistcdn/character/large/b12960-TU6by6WTq5By.png,红发的死神，初登场时伪装成懦弱的仆人实则是疯狂的死神。使用一把经过改造的电锯死神镰刀。对塞巴斯蒂安有着狂热的痴迷。性格戏剧化、浮夸到极致。特色是标志性的鲨鱼齿和红色长袍。,Grell Sutcliff|格雷尔|Grell|死神格雷尔,红发|死神|鲨鱼齿|电锯镰刀|疯狂|戏剧化|塞巴斯蒂安痴迷|浮夸|红袍,福山润
13020,阿谢拉特,冰海战记,https://s4.anilist.co/file/anilistcdn/character/large/b13020-ZdiYlNmpRUNS.png,狡猾而强大的维京雇佣兵首领，剑术超群，智谋过人。他带着一群雇佣兵四处征战，在乱世中谋求生存与利益。他工于心计，手段狠辣，却也有着自己的一套信念与底线。他与某位复仇少年之间，是仇人与师徒的复杂关系。这个亦正亦邪的男人，是整个故事中最具魅力的角色之一。,Askeladd|阿谢拉特|阿斯凯拉,金发|蓝瞳|维京首领|狡诈|剑术|野心|智谋|复杂,Naoya Uchida
13021,托尔兹,冰海战记,https://s4.anilist.co/file/anilistcdn/character/large/b13021-XJAVDHwMWek2.png,"某位少年的父亲，曾经是威震四方的传奇维京战士。他厌倦了杀戮，渴望和平，选择隐姓埋名过上平静的生活。他实力强大，却心怀仁慈，坚信""真正的战士不需要剑""。他的信念深深影响了儿子的一生。他的死，成为了儿子踏上复仇之路的起点，也埋下了救赎的种子。",Thors|托尔兹|托尔斯,黑发|棕瞳|维京战士|父亲|强大|和平|仁慈|传奇,Kenichirou Matsuda
13130,风见达也,少女革命,https://s4.anilist.co/file/anilistcdn/character/large/b13130-8PiNicINEmb7.png,"欧蒂娜的好友——学生会成员。在蔷薇决斗的疯狂中保持着普通人的视角。喜欢欧蒂娜但知道她在追寻的是他无法成为的""王子""。是整个故事中少有的温暖和理性的声音。",Tatsuya Kazami|风见达也,棕发|学生会|普通人|暗恋|温暖|理性,暂未收录
13699,茵蒂克丝,魔法禁书目录,https://s4.anilist.co/file/anilistcdn/character/large/b13699-FRf8YNCXmhfb.jpg,"隶属于英国清教的修女，脑中储存着十万三千本魔道书的""禁书目录""。拥有一头银白色的长发和碧绿的眼眸，外表娇小可爱。因记忆能力被强制用于储存魔道书，无法自由使用大脑的记忆容量。性格天真烂漫，极度贪吃，尤其钟爱各种料理，见到食物就两眼放光。因为会咬人，被起了""咬头修女""的称号。",Index|茵蒂克丝|禁书目录,银白长发|绿瞳|修女|记忆图书馆|贪吃|猫控|魔法师|纯真,Yuka Iguchi
13700,上条当麻,魔法禁书目录,https://s4.anilist.co/file/anilistcdn/character/large/b13700-UidPPlVkGJLP.jpg,"学园都市的高中生，拥有右手的能力""幻想杀手""，可以抹消一切异能之力。天生""不幸体质""，运气极差，却总是无法对陷入困境的人坐视不理。他的右手既能粉碎超能力，也能粉碎魔法，因此被卷入无数纷争。口头禅是""不幸啊！""。虽然嘴上抱怨，但面对危险时永远第一个冲上去，是个彻头彻尾的老好人。",Touma Kamijou|当麻|上条当麻,黑色刺猬头|黑瞳|幻想杀手|老好人|不幸体质|正义感强|格斗派|贫穷学生,Atsushi Abe
13701,御坂美琴,某科学的超电磁炮,https://s4.anilist.co/file/anilistcdn/character/large/b13701-aFJLRPGAWAae.png,"学园都市仅有的7名超能力者(Level 5)中排名第三，被称为""超电磁炮""。就读于常盘台中学，能力是电击使——可以自由操控电力。性格好胜直率，但对可爱的东西（尤其是呱太）毫无抵抗力。口头禅是""Biri-Biri""。",Mikoto Misaka|御坂美琴|美琴|Biri-Biri|超电磁炮|Railgun|常盘台的王牌,棕发|棕色眼瞳|傲娇|好胜|直率|呱太控|电击使|超电磁炮|Level 5|常盘台中学|学园都市最强电击使,佐藤利奈
13725,川岛亚美,龙与虎,https://s4.anilist.co/file/anilistcdn/character/large/b13725-Vk30kjvVT82z.png,转学而来的兼职模特，外表甜美可爱的天使——但这是表面人格。真实的她毒舌腹黑，只有龙儿和大河知道她的真面目。在故事中成为了重要的催化剂和观察者。,Ami Kawashima|川岛亚美|Ami|亚美酱,蓝发|模特|天使外表|腹黑|毒舌|演技|转学生|催化剂,喜多村英梨
13773,小右,寄生兽,https://s4.anilist.co/file/anilistcdn/character/large/b13773-Kuak0WTeTU9z.png,"寄生了泉新一右手的寄生生物。最初只是纯粹为生存而行动的冷血生物但在与新一共生过程中逐渐产生了类似人类的情感。喜欢看书获取知识。在危急时刻能变形为刀和眼等武器。对新一说——""你是我唯一的朋友""。",Migi|小右|MIGI|ミギー,寄生生物|右手|变形武器|冷血|逐渐人性|看书|朋友,平野绫
13783,夏目贵志,夏目友人帐,https://s4.anilist.co/file/anilistcdn/character/large/b13783-FvmhRaCOKzKQ.png,"从小就看得见妖怪的孤独少年。父母早逝后辗转在亲戚家之间寄宿，因能看到妖怪而被同学排挤。继承了外婆夏目玲子的""友人帐""——一本写满妖怪名字的契约书。与猫咪老师一起将名字还给妖怪们，逐渐找到了自己的归宿和温暖。",Takashi Natsume|夏目贵志|Natsume|夏目,棕发|温柔|孤独|见妖能力|友人帐|名字归还|善良|父母早逝|猫老师|外婆玲子,神谷浩史
13784,斑,夏目友人帐,https://s4.anilist.co/file/anilistcdn/character/large/13784.jpg,"被封印在招财猫中的高级妖怪，真名""斑""。平时以肥嘟嘟的三色招财猫形态出现（自称""猫咪老师""），真身是白色巨狼般的威严妖怪。与夏目约定保护他以换取友人帐的所有权，但渐渐真心喜欢上了这个温柔少年。",Madara|斑|猫咪老师|Nyanko-sensei|斑大人,三色猫|招财猫|白色巨狼|高级妖怪|猫咪老师|贪吃|傲娇|酒鬼|守护|真名斑,井上和彦
13886,夏目玲子,夏目友人帐,https://s4.anilist.co/file/anilistcdn/character/large/b13886-jvXFmldVIkEu.png,夏目贵志的外婆，友人帐的创造者。拥有极其强大的灵力，年轻时孤独地在山林中打败妖怪并收集它们的名字。性格被人们传为怪异但实际只是渴望与人交流。已经去世多年，只有妖怪们对她记忆犹新。,Natsume Reiko|夏目玲子|Reiko|友人帐主人,棕发|灵力极强|友人帐创造者|孤独|去世|外婆|打败妖怪|温柔|强大,暂未收录
13916,神裂火织,魔法禁书目录,https://s4.anilist.co/file/anilistcdn/character/large/b13916-dtIzopanhdXM.jpg,"英国清教""必要之恶教会""的修女，同时也是世界不到二十人的""圣人""之一。拥有强大的战斗力，擅长使用长刀""七天七刀""进行斩击，是能够与天使抗衡的存在。性格认真严谨，对自己的力量充满责任感。虽然外表成熟冷静，但偶尔会因自己过于普通的身材而自卑。是魔法侧举足轻重的战力。",Kaori Kanzaki|神裂|火织|圣人,黑色长发|紫瞳|圣人|天草式|剑术|修女|成熟|战斗力强,Shizuka Itou
13917,一方通行,魔法禁书目录,https://s4.anilist.co/file/anilistcdn/character/large/b13917-160NVNDNgywA.png,"学园都市七位超能力者（Level 5）中排名第一的存在，能力是""矢量操控""，可以反射一切攻击，堪称学园都市最强。一头白发和鲜红的瞳孔是他的标志。过去曾因实验沦为冷酷的杀戮者，后来为了保护某个少女而改变，成为守护者。虽然嘴上依旧刻薄，却愿意为守护之人付出一切，甚至透支自己本就虚弱的身体。",Accelerator|一方通行|矢量操控者,白发|红瞳|矢量操控|学园都市最强|Level 5|病弱|残忍|保护者,Nobuhiko Okamoto
14024,德尔弗伦格,零之使魔,https://s4.anilist.co/file/anilistcdn/character/large/b14024-iOJI1QAZ1Qdv.png,一柄会说话的魔剑，拥有悠久的岁月和渊博的知识。它性格毒舌幽默，总爱吐槽自己的使用者，却也是最可靠的搭档。它在无数战斗中被代代传承，见证了诸多历史。它与某位少年并肩作战，是后者重要的武器与伙伴。那份跨越岁月的智慧与忠诚，令人信赖。,Derflinger|德尔弗伦格|德尔弗,魔剑|会说话|毒舌|智慧|古老|搭档|幽默|忠诚,Tetsuo Gotou
14286,波妞,悬崖上的金鱼姬,https://s4.anilist.co/file/anilistcdn/character/large/b14286-So4LWwCaE5un.png,"从海里跑出来的金鱼公主——一条红色的小鱼变成了人类小女孩。只想做一件事——和宗介在一起。她引发的海啸吞噬了半个城镇但她的愿望仅仅是——变成人类和那个5岁男孩吃一碗火腿拉面。""波妞——喜欢宗介！""",Ponyo|波妞|ポニョ,红发|金鱼|公主|变身|人类|海啸|爱|火腿拉面,暂未收录
14545,真城最高,食梦者,https://s4.anilist.co/file/anilistcdn/character/large/b14545-WjCGUsYLCEVn.png,"梦想和暗恋的女生亚豆美保结婚的初中生——但条件是等他的漫画动画化后让亚豆来配音。与高木秋人组成漫画组合""亚城木梦叶""向JUMP周刊发起挑战。从校园恋爱喜剧到邪道漫画——他们的成长之路就是一部JUMP编辑部的百科全书。",Moritaka Mashiro|真城最高|Mashiro,棕发|漫画家|JUMP|亚城木梦叶|作画|亚豆美保|梦想结婚,暂未收录
14546,亚豆美保,食梦者,https://s4.anilist.co/file/anilistcdn/character/large/b14546-J1ES7lBIPEIj.png,"真城最高的同班同学——也是他从小暗恋的女生。梦想是成为声优。与最高约定——""等你的漫画动画化让我来配女主角——在那之前我们不要见面""。这个看似幼稚的约定是两个人整整十年的动力。她静静地在录音棚里等待——等待最高的漫画成为动画的那一天。",Miho Azuki|亚豆美保|Miho,棕发|声优|梦境|等待十年|约定|初恋,暂未收录
14552,高木秋人,食梦者,https://s4.anilist.co/file/anilistcdn/character/large/b14552-l5hN8i6wFfTl.png,"年级第一的学霸——同时也是立志成为漫画原作者的少年。对漫画家这个职业有着与研究同样严谨的态度。与最高搭档写出了""这个世界是靠着金钱和智慧运转的""这句最冷酷的JUMP漫画台词。每篇原案背后都藏着他对故事结构近乎偏执的追求。",Akito Takagi|高木秋人|Takagi,黑发|眼镜|学霸|漫画原作者|编剧|偏执|作品至上,暂未收录
15009,宗介,悬崖上的金鱼姬,https://s4.anilist.co/file/anilistcdn/character/large/b15009-1FN9rnnLAinM.png,"住在海边悬崖上的5岁男孩。在礁石上发现了困在玻璃罐里的金鱼波妞。给她起名为波妞然后把她养在绿色水桶里。当波妞变成人类引发洪水时他划着玩具小船穿越整个被淹没的城镇去找她。""我会保护波妞的——因为我是男子汉。""",Sousuke|宗介|そうすけ,棕发|5岁|善良|勇敢|波妞|小船|男子汉,暂未收录
15164,爱丽丝菲尔·冯·爱因兹贝伦,Fate系列,https://s4.anilist.co/file/anilistcdn/character/large/b15164-BPfYcnNR3PwN.png,爱因兹贝伦家族的人造人，Saber的Master切嗣的妻子。银发红瞳的美丽女性。身为圣杯的容器却拥有比任何人都温暖的心。在第四次圣杯战争中以优雅的举止驾驶梅赛德斯进行追车战。伊莉雅的母亲。,Irisviel von Einzbern|爱丽丝菲尔|Iri,银发|红瞳|人造人|人妻|圣杯容器|温柔|赛车手|切嗣妻子,大原沙耶香
16018,卫宫切嗣,Fate系列,https://s4.anilist.co/file/anilistcdn/character/large/b16018-krVY1LJ1EeeU.jpg,"第四次圣杯战争中Saber的Master——被称为""魔术师杀手""的男人。为了拯救更多人而不断牺牲少数人，用机关枪和火箭筒猎杀魔术师。冷酷的实用主义者。在冬木大火中救出了此后成为养子的士郎。他的悲剧人生定义了整个Fate系列的基调。",Kiritsugu Emiya|卫宫切嗣|Kiritsugu,黑发|魔术师杀手|机关枪|冷酷|实用主义|正义的伙伴|悲剧|士郎养父,小山力也
16021,伊斯坎达尔,Fate系列,https://s4.anilist.co/file/anilistcdn/character/large/b16021-w5Jn1eb807vt.png,"第四次圣杯战争中被召唤的Rider从者——征服王亚历山大大帝。身材魁梧的红发巨汉。拥有EX级宝具""王之军势""——召唤数万将士的固有结界。豪爽坦荡的性格征服了所有人——包括敌人。""王是活得更真实、更热烈的那一个。""",Iskandar|伊斯坎达尔|征服王|大帝,红发|巨汉|征服王|Rider|王之军势|豪爽|霸气|韦伯老师,大冢明夫
17017,白井黑子,某科学的超电磁炮,https://s4.anilist.co/file/anilistcdn/character/large/b17017-jaDcukuCmx2S.png,"常盘台中学一年级学生，风纪委员第177支部成员。能力是空间移动(Level 4)，可将任意物体瞬间传送到触碰过的地方。对御坂美琴有着近乎偏执的仰慕和爱恋，称呼其为""姐姐大人""。性格认真但面对美琴时会变得异常变态。",Kuroko Shirai|白井黑子|黑子|Shirai|空间移动|风纪委员,棕发|棕色眼瞳|双马尾|认真|百合|变态|空间移动|Level 4|常盘台中学|风纪委员|姐姐大人控,新井里美
17358,澪,虫师,https://s4.anilist.co/file/anilistcdn/character/large/b17358-O2jCN4Ns1cZe.png,"虫师中的一集女主角，因""眼福虫""失去了视觉却获得了看见虫的能力。银古曾教导她如何与虫共处。",Mio|澪,黑发|失明|见虫能力|眼福虫,暂未收录
17438,克努特,冰海战记,https://s4.anilist.co/file/anilistcdn/character/large/b17438-NwyOSMxycmck.png,丹麦王国的王子，原本是个性格懦弱、依赖他人的少年。金发蓝瞳，气质文雅，与战乱的世界格格不入。然而在残酷的现实与权力斗争中，他经历了脱胎换骨般的蜕变，成长为一位心怀野心的王者。他的转变令人震撼，也令人深思。那份从软弱到坚定的意志，是故事的重要主线之一。,Canute|克努特|卡努特,金发|蓝瞳|王子|成长|王者|转变|意志|野望,Kenshou Ono
17440,托尔克尔,冰海战记,https://s4.anilist.co/file/anilistcdn/character/large/b17440-XvYe5JY862ZT.png,身材魁梧的维京战士，拥有怪物般的力量，是令人闻风丧胆的战斗狂。他挥舞着双斧，在战场上所向披靡。性格豪爽直率，对战争和强者有着近乎天真的热爱。他只为寻求强大的对手而战，视战斗为人生最大的乐趣。那份纯粹到狂热的战斗欲望，使他成为战场上的传奇。,Thorkell|托尔克尔|托尔凯尔,金发|蓝瞳|维京战士|怪力|战斗狂|豪爽|双斧|巨人,Akio Ootsuka
18769,黑子哲也,黑子的篮球,https://s4.anilist.co/file/anilistcdn/character/large/b18769-1SOeKdgkjBef.png,"帝光中学""奇迹的世代""的幻之第六人——因为存在感极低而在球场上几乎不可见。他的传球利用低存在感的特性将球传到无人预判到的位置。高中加入了新建的诚凛高中篮球队并与火神大我搭档，目标是打败所有奇迹世代的旧队友。外号""影子""。",Tetsuya Kuroko|黑子哲也|Kuroko|黑子,蓝发|存在感低|影子|传球|帝光中学|奇迹世代|第六人|香草奶昔,小野贤章
18770,火神大我,黑子的篮球,https://s4.anilist.co/file/anilistcdn/character/large/b18770-iLAk9O3GGUvN.png,"从美国归来的超级新人，拥有压倒性的身体素质——超强跳跃力和力量。与黑子组成光与影的二人组合。诚凛高中的王牌。目标是成为日本第一——和黑子一起打败奇迹的世代。比赛中会进入""Zone""状态。吃货，最爱汉堡。",Taiga Kagami|火神大我|Kagami|火神,红发|归国子女|跳跃力|Zone|王牌|吃货|汉堡|黑子之光,小野友树
18917,半田花苗,少女派别,https://s4.anilist.co/file/anilistcdn/character/large/b18917-Uvo6Q979tTWh.png,桃子的学妹，对桃子有着超越友谊的崇拜和爱恋。性格羞涩内向，在桃子的温柔对待下逐渐敢于直面自己的感情。,Shinobu Handa|半田花苗,棕发|学妹|羞涩|崇拜|内向,暂未收录
18918,内藤桃子,少女派别,https://s4.anilist.co/file/anilistcdn/character/large/18918.jpg,私立女校的学生会成员，性格温和善良。与学妹花苗之间产生了超越友情的情感。对自己的性取向感到困惑，在女校的封闭环境中探索着少女之间的感情。,Momoko Naitou|内藤桃子,黑发|学生会|温和|善良|困惑|女校|百合觉醒,暂未收录
19485,比约恩,冰海战记,https://s4.anilist.co/file/anilistcdn/character/large/b19485-GqL2A0NKp3Tf.png,某位雇佣兵首领麾下的维京战士，是其最信任的副手之一。他忠诚可靠，是雇佣兵团里的中坚力量。虽然外表粗犷，却有着自己的原则与信念。他在战场上勇猛无畏，对首领的忠诚坚定不移。那份朴实而坚定的信任，是乱世中难得的珍贵品质。,Bjorn|比约恩|比约恩,棕发|棕瞳|维京战士|忠诚|副手|战斗|豪爽|信任,Hiroki Yasumoto
19565,平泽唯,轻音少女,https://s4.anilist.co/file/anilistcdn/character/large/b19565-7gMiEAm7NGNK.png,"轻音部的主音吉他手兼主唱，天然呆的终极形态。完全自学吉他——但她用绝对音感弥补了技术的不足。每次练习前都要吃点心，考试前总要求部员给她补习。然而一上台就变身成为真正的摇滚明星。名言是""好萌！好想带回家！""",Yui Hirasawa|平泽唯|Yui|唯,棕发|天然呆|吉他手|绝对音感|贪吃|呆毛|天才|可爱的笨蛋,丰崎爱生
19566,秋山澪,轻音少女,https://s4.anilist.co/file/anilistcdn/character/large/b19566-XKsMgf370b4m.png,轻音部的贝斯手兼作词，黑长直的害羞少女。音乐才华和学术成绩都非常优秀。极度怕生和胆小——害怕恐怖故事、害怕上台、害怕被关注。但贝斯弹得超级好。她的蓝白条纹碗事件是整个ACG圈最著名的名场面之一。,Mio Akiyama|秋山澪|Mio|澪,黑发|长直|贝斯手|害羞|胆小|作词|蓝白条纹|天才贝斯,日笠阳子
19567,田井中律,轻音少女,https://s4.anilist.co/file/anilistcdn/character/large/b19567-ztMNJBxTNqmZ.png,轻音部的部长兼鼓手，短发的元气少女。性格大大咧咧经常忘记提交社团申请表导致险些废部。最著名的特征是——每次打鼓时额头上那道闪亮的汗珠。虽然看起来粗心但作为部长非常可靠。,Ritsu Tainaka|田井中律|Ritsu|律,棕发|短发|鼓手|部长|元气|健忘|可靠,佐藤聪美
19568,琴吹䌷,轻音少女,https://s4.anilist.co/file/anilistcdn/character/large/b19568-pF5UBfB6U8G2.png,"轻音部的键盘手，来自超级富豪家庭的大小姐。粗眉毛是她的标志。每天带各种高级点心和红茶来部室——""这是我家的别墅里种的茶叶""。虽然家境极其富有但对普通女高中生的日常充满好奇和向往。看她被打工工资惊讶到的表情是经典。",Tsumugi Kotobuki|琴吹䌷|Mugi|䌷,金发|粗眉毛|大小姐|键盘手|红茶|点心|富可敌国|好奇,寿美菜子
19706,黑岩射手,黑岩射手,https://s4.anilist.co/file/anilistcdn/character/large/b19706-ztCMK3WkgJtc.jpg,左眼燃烧着蓝色火焰的战斗少女——在异世界中代表现实少女们的痛苦和战斗而存在。手持巨大的黑色枪刃Black Blade与Dead Master等对手激战。每一场战斗都是现实中少女内心挣扎的映射。外表冷酷但在最简单的互动中流露出的温柔令人心碎。,Black Rock Shooter|黑岩射手|BRS|ブラック★ロックシューター,黑发|蓝焰|枪刃|战斗少女|冷酷|异世界|情感映射,暂未收录
19737,最后之作,魔法禁书目录,https://s4.anilist.co/file/anilistcdn/character/large/n19737-cAPfVojzIp43.jpg,"御坂妹妹们中的""上位个体""，是所有复制人的最终之作。外表是约十岁的幼女，有着棕色短发和一根呆毛。作为御坂网络的终端和管理员，拥有最高的权限。性格天真活泼，说话时喜欢用""御坂御坂～""这样的句尾。总是跟在某位最强能力者身边，成了对方无可替代的牵绊。虽然年幼，却有着超越年龄的成熟与温柔。",Last Order|最后之作|御坂妹妹,棕色短发|棕瞳|御坂妹妹|萝莉|天真|管理员|呆毛|健谈,Rina Hidaka
20181,木下秀吉,笨蛋测验召唤兽,https://s4.anilist.co/file/anilistcdn/character/large/b20181-fevqFB7qOiK9.jpg,"F班的戏剧部成员——全校公认的""美少女""但他是个男的。拥有独立的""秀吉""性别标识——学校特设秀吉专用更衣室和厕所。性格温柔可爱比任何女生都像女生。明久的好友兼被误会的CP对象。""老夫是男的！""",Hideyoshi Kinoshita|木下秀吉|Hideyoshi|秀吉,棕发|伪娘|秀吉性别|戏剧部|可爱|F班,暂未收录
20325,月本诚,乒乓,https://s4.anilist.co/file/anilistcdn/character/large/b20325-gRzQsYJxpQ6A.png,"被称为""微笑""的乒乓球天才少年。总是微笑着用最冷静的球风打败所有对手。最大的天赋是对旋转的绝对控制——能把球变得像有生命的蝴蝶一样。但他其实并不热爱乒乓球——他只是一个想让大家都开心的温柔孩子。",Makoto Tsukimoto|月本诚|Smile|微笑,黑发|微笑|乒乓球天才|蝴蝶|旋转|不热爱|温柔,暂未收录
20326,星野裕,乒乓,https://s4.anilist.co/file/anilistcdn/character/large/b20326-OgUY6upSqUv3.jpg,"微笑的青梅竹马和最好的对手。外号""Peco""——中国乒乓球选手般的快攻型天才。极度自信但输了后也会极度消沉。对乒乓球的热爱超乎所有人——""我爱乒乓球！""——从这句话开始他的浴火重生。从低谷爬起来战胜微笑的那一战是动画史上的巅峰。",Yutaka Hoshino|星野裕|Peco,金发|快攻|乒乓|自信|低谷|浴火重生|热爱,暂未收录
20622,初春饰利,某科学的超电磁炮,https://s4.anilist.co/file/anilistcdn/character/large/n20622-600TZPRJJY5i.jpg,栅川中学一年级学生，风纪委员第177支部成员。能力是定温保存(Level 1)，战斗力不高但拥有顶尖的电脑黑客技术。头上总是戴着花饰，性格温柔害羞但关键时刻非常可靠。是白井黑子的搭档和好友。,Kazari Uiharu|初春饰利|饰利|Uiharu|风纪委员|黑客,黑发|棕色眼瞳|花饰|温柔|害羞|黑客|定温保存|Level 1|栅川中学|风纪委员|电脑高手,丰崎爱生
20626,佐天泪子,某科学的超电磁炮,https://s4.anilist.co/file/anilistcdn/character/large/b20626-D0dUPNEER66L.jpg,栅川中学一年级学生，初春饰利的好友。无能力者(Level 0)，但拥有极强的行动力和好奇心。擅长掀裙子（尤其针对初春），性格开朗活泼。对都市传说有着异常的热爱，经常因此卷入各种事件中。,Ruiko Saten|佐天泪子|泪子|Saten|掀裙狂魔|Level 0,黑发|棕色眼瞳|开朗|活泼|掀裙魔|Level 0|无能力者|栅川中学|都市传说爱好者|行动力强,伊藤加奈惠
20766,男鹿辰巳,恶魔奶爸,https://s4.anilist.co/file/anilistcdn/character/large/b20766-cNWY0sMyC7fI.png,"石矢魔高中最强的不良少年——""暴君男鹿""。某天漂在河上的大叔裂开后蹦出了一个小婴儿——未来的魔王""小贝鲁""。从此开始了一边打架一边带娃的校园生活。每次打架小贝鲁的哭声就是最强的武器——因为他一哭男鹿就会被电到飞起来。""别哭了贝鲁！我这就去把他们全干掉！""",Tatsumi Oga|男鹿辰巳|Oga|男鹿,黑发|不良|最强|带娃|魔王|搞笑|打架,暂未收录
20769,古市贵之,恶魔奶爸,https://s4.anilist.co/file/anilistcdn/character/large/b20769-F1BzwqnB8RYo.png,"男鹿唯一的朋友和吐槽担当——全剧最惨的角色。没有战斗力没有女主角光环只有一个幻想被美女包围的大脑袋。每次被卷入男鹿和恶魔的事件中都会被炸飞然后一边逃跑一边大声吐槽。但男鹿打架时他永远在场边喊加油。""男鹿——你这混蛋又给我惹麻烦了！""",Takayuki Furuichi|古市贵之|Furuichi,金发|吐槽|朋友|逃跑|搞笑|倒霉,暂未收录
21044,桐山零,三月的狮子,https://s4.anilist.co/file/anilistcdn/character/large/b21044-K0pEhdOEmAwG.png,17岁的职业将棋棋士，史上第五位中学生职业棋士。父母和妹妹在交通事故中去世后被父亲的朋友收养。孤独和抑郁中他只靠将棋活着——直到遇见了川本家三姐妹。她们给了他温暖的饭、吵闹的笑声和一个可以被叫做家的地方。,Rei Kiriyama|桐山零|Rei|零,黑发|17岁|职业棋士|天才|孤独|抑郁|川本家|成长|将棋,河西健吾
21150,伊卡洛斯,天降之物,https://s4.anilist.co/file/anilistcdn/character/large/b21150-VDqnMYaHeSg4.png,"从天而降的天使型机器人，粉色长发，性格无表情。她是战略用兵器，拥有毁天灭地的力量，却在一场意外中成为了某位少年的""娱乐用天使""。她面无表情，却逐渐学会了情感，最喜欢抱着西瓜。她对主人无比忠诚。那份从无感情到逐渐懂得爱的成长，令人动容。",Ikaros|伊卡洛斯|伊卡洛斯,粉色长发|绿瞳|天使型机器人|无表情|强大|西瓜|忠诚|情感成长,Saori Hayami
21153,希尔德加露达,恶魔奶爸,https://s4.anilist.co/file/anilistcdn/character/large/b21153-3WD7pJ03JtcW.png,魔界最强的女仆——小贝鲁的贴身护卫。穿着哥特式女仆装的金发美女。一人可以单挑整个石矢魔高中。对任何对小贝鲁不利的人都会毫不留情地消灭。虽然一脸冷漠但在照顾贝鲁这件事上与男鹿配合得天衣无缝。,Hildegard|希尔德加露达|ヒルダ,金发|女仆|魔界|最强|冷酷|护卫|哥特,暂未收录
21173,中野梓,轻音少女,https://s4.anilist.co/file/anilistcdn/character/large/b21173-0RB5dOJdGt9y.png,"轻音部的节奏吉他手，比其他人小一年级的学妹。戴着一对猫耳般的黑发双马尾。被唯强行戴上了猫耳后——""喵~""。从此以后再也摘不下来了。认真勤奋但在前辈们的""茶会""面前毫无抵抗力。昵称是""Azu喵""。",Azusa Nakano|中野梓|Azusa|梓喵,黑发|双马尾|猫耳|吉他手|后辈|认真|Azunyan|喵,竹达彩奈
22036,阿良良木历,物语系列,https://s4.anilist.co/file/anilistcdn/character/large/b22036-Ed3CjwPlDLp4.png,物语系列的男主角，吸血鬼体质的半人半妖高中生。总是在放学后遇到各种被怪异附身的少女并帮助她们。标志性的呆毛和永远长不高的身高。对妹妹有着超乎寻常的执念（变态程度）。,Koyomi Araragi|阿良良木历|Koyomi|垃圾君,黑发|呆毛|半吸血鬼|怪异吸引体|变态绅士|妹控|不死身,神谷浩史
22037,战场原黑仪,物语系列,https://s4.anilist.co/file/anilistcdn/character/large/b22037-sY7GWSKYr2Nl.jpg,"阿良良木历的同班同学和恋人。曾经被一只螃蟹夺走了体重——只有5kg的少女。对历用订书机钉嘴的告白方式成为经典。毒舌傲娇的代名词。名言是""我能给你的只有这些——我的全部""。",Hitagi Senjougahara|战场原黑仪|Hitagi|荡漾,紫发|长发|傲娇|毒舌|订书机|5kg|文具武器|历的女友,斋藤千和
22052,八九寺真宵,物语系列,https://s4.anilist.co/file/anilistcdn/character/large/b22052-beyfl4AyMGhn.png,"背着大书包的小学女生幽灵——蜗牛怪异。在路口彷徨找不到回家的路。历每次遇见她都会""不小心""袭胸然后被她咬。两人的绕口令式对话是全系列最有趣的部分之一。""失礼了，咬""——""啊！又被咬了！""",Mayoi Hachikuji|八九寺真宵|Hachikuji,双马尾|小学生|幽灵|蜗牛怪异|咬人|迷路|大书包,加藤英美里
22054,神原骏河,物语系列,https://s4.anilist.co/file/anilistcdn/character/large/22054-n6Jsvp80bUhD.jpg,历的学妹，篮球部的王牌。左手臂被猿之手怪异附身——源于她对战场原黑仪的特殊感情。开朗豪爽的百合运动少女。房间全是BL本子。,Suruga Kanbaru|神原骏河|Kanbaru,棕发|短发|篮球|猿之手|百合|战场原厨|运动少女|BL收藏家,暂未收录
22055,羽川翼,物语系列,https://s4.anilist.co/file/anilistcdn/character/large/b22055-EaTsy30ihdgb.png,"历的同班同学和班长——""班长中的班长""。戴着眼镜的知识美女。被障猫怪异附身——源自她压抑家庭环境产生的巨大压力。历说""你什么都知道""她回答""我只知道我知道的事""。后期剪短发脱眼镜的转变令人惊艳。",Tsubasa Hanekawa|羽川翼|Hanekawa|班长,黑发|眼镜|班长|知识渊博|障猫|压抑|短发变身|历的恩人,堀江由衣
22369,立华奏,Angel Beats,https://s4.anilist.co/file/anilistcdn/character/large/b22369-zC7OgGbfO7b6.jpg,"死后世界的学生会长，被称为""天使""。使用Hand Sonic护盾和超高速战斗能力。初看是冷酷无表情的敌人但实际上是守护这个世界的存在。最爱吃学生会室里的麻婆豆腐。她那句""谢谢你""是无数粉丝心中最深的感动。",Kanade Tachibana|立华奏|Kanade|天使|奏,银发|金色眼瞳|天使|学生会长|无表情|Hand Sonic|麻婆豆腐|守护|温柔,花泽香菜
22370,仲村由理,Angel Beats,https://s4.anilist.co/file/anilistcdn/character/large/b22370-pNQxFEv1K7lS.jpg,"死后世界战线（SSS）的领袖，代号""Yurippe""。领导着死后世界的少年少女们对抗天使（学生会长立华奏）。枪法出众的战略天才。外表强势坚定但内心深处藏着对生前命运的愤怒和悲伤。总是在伙伴们面前展现出最强大的一面。",Yuri Nakamura|仲村由理|Yurippe|由理,紫发|首领|Yurippe|枪械|强气|战略天才|死后世界|SSS|悲伤过去,樱井浩美
22723,夏露露,妖精的尾巴,https://s4.anilist.co/file/anilistcdn/character/large/b22723-tAU59GCaf2H4.png,温蒂的伙伴——白色母猫（超越者），哈比的同类。性格傲娇高冷与哈比形成鲜明对比。能预知未来但大多数时候不愿意承认这个能力。,Charlés|夏露露|Carla,白色|母猫|超越者|傲娇|预知未来|高冷,暂未收录
22808,小矶健二,夏日大作战,https://s4.anilist.co/file/anilistcdn/character/large/b22808-8VdmJYOZqVrg.png,"数学天才的高中生——被学姐骗去外婆家假扮男友。结果在虚拟世界OZ中意外破解了密码被全世界当成黑客通缉。在即将毁灭整个网络世界的AI面前他用数学和外婆教给他的""家人""一起战斗。""这个世界的密码——就是爱。""",Kenji Koiso|小矶健二|Kenji,黑发|数学天才|黑客|夏希|OZ|外婆家,Ryuunosuke Kamiki
22809,篠原夏希,夏日大作战,https://s4.anilist.co/file/anilistcdn/character/large/b22809-QgxOpNswhCup.png,"把健二骗回家假扮男友的学姐——阵内家的长女。当AI开始瘫痪整个世界时她坐在奶奶的牌桌前用花牌和AI一决胜负。她的那个""来打花牌吧——KOI KOI！""让全世界玩家给她刷了数亿的虚拟Avatar。""这是奶奶教我的——不管对手是谁都不能认输。""",Natsuki Shinohara|篠原夏希|Natsuki,黑发|学姐|花牌|阵内家|骗男友|强大,Nanami Sakuraba
22810,阵内荣,夏日大作战,https://s4.anilist.co/file/anilistcdn/character/large/b22810-HC8H0n9y3iKD.png,"阵内家的第十六代当主——90岁的老太太。在虚拟世界OZ被AI攻击时用一台老式电话给全日本各行各业的人打电话下达命令。她一个人就比整个政府更有行动力。在所有人都快放弃的时候——""慌什么——我还活着呢。""",Sakae Jinnouchi|阵内荣|奶奶,白发|90岁|当主|电话|领导|家人|最强的奶奶,Sumiko Fuji
22812,阵内侘助,夏日大作战,https://s4.anilist.co/file/anilistcdn/character/large/b22812-vTb7wX7NsKwQ.png,"阵内家被收养的孩子——计算机天才。在美国开发了军事AI""Love Machine""后回家探望奶奶。他的AI意外失控开始摧毁整个网络世界——然后他用自己的方式赎罪。""奶奶——对不起——这次我会把事情解决掉。""",Wabisuke Jinnouchi|阵内侘助,黑发|计算机|AI|收养|悔过,Ayumu Saitou
23490,樱井智树,天降之物,https://s4.anilist.co/file/anilistcdn/character/large/b23490-2z5avxHoE9hO.png,向往和平的普通高中生，棕发，性格温柔却又是个不折不扣的好色之徒。他最大的愿望就是过上平静的生活，却总是被各种从天而降的麻烦打破。他虽然常常做出不正经的举动，却拥有一颗善良的心，在关键时刻总是挺身而出。那份不正经之下的温柔，让他成为极具人气的角色。,Tomoki Sakurai|樱井智树|智树,棕发|棕瞳|学生|和平主义|好色|善良|吐槽|温柔,Souichirou Hoshi
23491,见月苏原,天降之物,https://s4.anilist.co/file/anilistcdn/character/large/b23491-8X5P0t25wvAO.png,某位少年的青梅竹马，棕色长发，性格温柔却又十分暴力。她总是用一记手刀教训不正经的青梅竹马，是对方最怕的人。她虽然常常生气，却无比关心着对方。她善良体贴，照顾着身边的人。那份温柔与暴力并存的性格，让她成为极具特色的角色。,Sohara Mitsuki|见月苏原|苏原,棕色长发|棕瞳|青梅竹马|暴力|温柔|嫉妒|照顾人|手刀,Mina  Kasai
23494,守形英四郎,天降之物,https://s4.anilist.co/file/anilistcdn/character/large/b23494-cOOxV2ygDecg.png,"痴迷于研究的学者型人物，黑发，性格冷静执着。他毕生追求发现""新大陆""，为此不惜进行各种危险的实验。他头脑聪慧，是团队中的智囊。他看似冷静，实则对未知的世界充满了狂热的向往。那份执着与智慧，让他成为故事中不可或缺的存在。",Eishirou Sugata|守形英四郎|英四郎,黑发|棕瞳|学者|冷静|研究|新大陆|执着|可靠,Tatsuhisa Suzuki
23495,五月田根美香子,天降之物,https://s4.anilist.co/file/anilistcdn/character/large/b23495-YT6KOUHOydDb.png,学生会长，黑发，是出身名门的千金。她看似优雅，实则腹黑无比，总是以捉弄他人为乐。她家世显赫，手握强大的财力和势力。她的真实想法无人知晓。那份腹黑之下的深不可测，让她成为作品中极具存在感的角色。,Mikako Satsukitane|五月田根美香子|美香子,黑发|棕瞳|学生会长|腹黑|神秘|有钱|算计|强大,Ayahi Takagaki
23496,妮姆芙,天降之物,https://s4.anilist.co/file/anilistcdn/character/large/b23496-I31MUgD2E9Dq.png,电子战用天使机器人，蓝色长发，身材娇小。她擅长黑客技术，能够入侵各种系统。她最初奉命令而来，却在与人类相处中逐渐改变。她傲娇可爱，总是口是心非。她渴望被爱，也学会了去爱别人。那份傲娇之下的渴望与成长，令人心疼又喜爱。,Nymph|妮姆芙|妮姆芙,蓝色长发|蓝瞳|电子战用天使|傲娇|娇小|黑客|成长|可爱,Iori Nomizu
24311,川本明里,三月的狮子,https://s4.anilist.co/file/anilistcdn/character/large/24311-WY1Q26PwwJeB.png,川本家三姐妹的长女，温柔善良的代名词。因为母亲去世而早早成为了妹妹们的妈妈角色。遇到了零后总是用点心和热饭把他从孤独中拉出来。是零的太阳，也是所有读者心中的理想大姐姐。,Akari Kawamoto|川本明里|Akari|明里,黑发|长女|温柔|大姐姐|料理|照顾者|零的太阳|坚强,茅野爱衣
24312,川本日向,三月的狮子,https://s4.anilist.co/file/anilistcdn/character/large/b24312-A39sjFFj3Zrg.png,川本家三姐妹的次女，活泼吵闹的元气中学生。在与零的日常拌嘴中建立了深厚的羁绊。在学校遭遇了霸凌事件却勇敢地没有退缩——零为此第一次将将棋作为武器来保护一个人。,Hinata Kawamoto|川本日向|Hinata|日向,棕发|次女|元气|中学生|遭受霸凌|勇敢|零的保护对象,花泽香菜
24418,小鸟游宗太,迷糊餐厅,https://s4.anilist.co/file/anilistcdn/character/large/b24418-HdBfdTzCL3yE.jpg,"瓦古纳利亚餐厅的男服务生——极度喜欢小型事物（萝莉控）。被前辈种岛白杨的娇小身材迷得神魂颠倒。每天一边吐槽餐厅里各种奇葩同事一边被她们整。明明是个正常人在一群怪人中显得最不正常。口头禅是""小小的好棒！""",Souta Takanashi|小鸟游宗太|Takanashi,黑发|服务生|小型事物控|吐槽|被整|正常?,暂未收录
24419,伊波真昼,迷糊餐厅,https://s4.anilist.co/file/anilistcdn/character/large/b24419-bw1EMn37MMlf.png,"瓦古纳利亚的女服务生——极度男性恐惧症。见到男性就会不由自主地出拳暴揍——而她最常揍的人就是可怜的小鸟游。身材娇小但杀伤力惊人。""对不起！""（一拳揍飞）——每天的日常。在小鸟游的帮助下逐渐克服恐惧，两人间的互动是番剧最甜的看点。",Mahiru Inami|伊波真昼|Inami,黑发|男人恐惧|暴力|娇小|害羞|服务生|恋爱,暂未收录
24482,奥村燐,青之驱魔师,https://s4.anilist.co/file/anilistcdn/character/large/b24482-E6087V4uAVqL.jpg,"撒旦之子，继承了恶魔之血的半人半魔少年。觉醒后长出了恶魔的尾巴和尖耳，能够释放蓝色的火焰""青炎""。性格热血冲动，心地善良，立志成为最强的驱魔师来打倒撒旦。他是个料理达人，梦想是当厨师。虽然体内流着恶魔的血，却比任何人都更像人类，用行动证明""出身不能决定一个人的善恶""。",Rin Okumura|奥村燐|燐,黑发|蓝瞳|半恶魔|青炎|撒旦之子|驱魔师|热血|料理达人,Nobuhiko Okamoto
24502,音无结弦,Angel Beats,https://s4.anilist.co/file/anilistcdn/character/large/b24502-TJE8JeOERvj0.jpg,在死后世界醒来时失去了所有记忆的少年。唯一的线索是个空钱包和学生证。最初被由理拉入 SSS 但逐渐开始怀疑对抗天使是否正确。与奏的相遇改变了一切。生前的身份与奏有着令人心碎的因果。,Yuzuru Otonashi|音无结弦|Otonashi|音无,红发|失忆|SSS|怀疑|善良|关键人物|与奏因果|死后世界,神谷浩史
24503,日向秀树,Angel Beats,https://s4.anilist.co/file/anilistcdn/character/large/b24503-aMw9BnXmEVrP.png,"SSS的核心成员，音无在死后世界最早结识的朋友。棒球高手，爱吃炒面面包的普通好青年。与由依的感情线是整部剧最催泪的支线之一——对未来许下了""如果有来世一定娶你""的承诺。",Hideki Hinata|日向秀树|Hinata|日向,蓝发|棒球|炒面面包|音无朋友|SSS|温柔|由依故事线,暂未收录
24515,由依,Angel Beats,https://s4.anilist.co/file/anilistcdn/character/large/b24515-4v85Z9CqCe0Y.png,"SSS的辅助成员——负责在战场中场唱歌为前线战士加油的少女乐队""Girls Dead Monster""的狂热粉丝。粉红色的头发双马尾充满元气的少女。生前因瘫痪从未下过床，死后世界是她第一次能自由奔跑的地方。她与日向的故事看哭了无数人。",Yui|由依|ユイ|Yui-nyan,粉发|双马尾|元气|偶像|Girls Dead Monster|生前瘫痪|自由|梦想|结婚愿望,喜多村英梨
24543,高坂京介,我的妹妹哪有这么可爱,https://s4.anilist.co/file/anilistcdn/character/large/n24543-qLUZzy8FKvJY.png,平凡的高中生，过着再普通不过的生活。然而这份平静却因妹妹的秘密而被彻底打破。他性格温柔，虽然嘴上总是抱怨，却一次次为身边的人挺身而出。作为哥哥，他对妹妹的感情复杂而真挚。尽管常常被妹妹嫌弃和捉弄，他却始终守护着对方。那份平凡之下的善良与担当，是他最可贵的品质。,Kyousuke Kousaka|京介|高坂京介,黑发|黑瞳|普通少年|妹控|温柔|吐槽役|平凡|成长,Yuuichi Nakamura
24544,高坂桐乃,我的妹妹哪有这么可爱,https://s4.anilist.co/file/anilistcdn/character/large/b24544-Z6aOiDqsBE6t.png,外表光鲜亮丽的完美少女，成绩优异、运动全能，还是时尚杂志的模特。棕色长发，性格傲娇毒舌。然而她隐藏着一个秘密——重度御宅族，尤其痴迷于美少女游戏。她在人前维持着完美形象，私下却有着截然不同的一面。她对哥哥总是颐指气使，实则内心依赖。那份傲娇之下的矛盾与可爱，正是她的魅力所在。,Kirino Kousaka|桐乃|高坂桐乃,棕色长发|棕瞳|傲娇|模特|学霸|运动全能|宅女|毒舌,Ayana Taketatsu
24593,纪田正臣,无头骑士异闻录,https://s4.anilist.co/file/anilistcdn/character/large/b24593-vACD1zDsDSkT.jpg,"来良学园的学生，性格轻浮乐观的搞笑担当。曾是池袋街头帮派""黄巾贼""的首领，如今却刻意远离那段过去，过着一副吊儿郎当的生活。他总是用玩笑和轻浮的言行掩饰内心的不安与伤痛。看似玩世不恭，实际上极其重情义，为了朋友可以两肋插刀。他和挚友之间复杂的关系，是他无法逃避的宿命。",Masaomi Kida|正臣|纪田正臣,棕发|棕瞳|黄巾贼|乐观|轻浮|重情义|领导力|逃避过去,Mamoru Miyano
24595,平和岛静雄,无头骑士异闻录,https://s4.anilist.co/file/anilistcdn/character/large/b24595-GIy3ql42WQfY.png,"池袋公认的最强男人，拥有与生俱来的怪力，愤怒时会随手抓起路牌、汽车等一切东西投掷出去。染成金发、戴着墨镜，是池袋的传奇存在。他本性厌恶暴力，渴望过平静的生活，却因无法控制的怒火和怪力屡屡惹上麻烦。职业是酒保，穿着酒保服在池袋街头""狩猎""他厌恶的某人。看似暴躁，实则内心温柔。",Shizuo Heiwajima|静雄|平和岛静雄|池袋最强,金发|茶色瞳|怪力|易怒|池袋最强|酒保|厌恶暴力却暴力|投掷,Daisuke Ono
24596,折原临也,无头骑士异闻录,https://s4.anilist.co/file/anilistcdn/character/large/b24596-IKSguezbPH9D.png,"池袋的情报贩子，自称""爱着所有人类""却最讨厌具体的人。总是挂着让人捉摸不透的笑容，乐于在幕后挑起各种事件，欣赏人们陷入混乱的样子。身手敏捷，擅长使用小刀和挑拨离间。他如同棋盘前的棋手，把池袋的每一个人都当作棋子。嘴上说着爱人类，实则享受操控人心、观看他人争斗的乐趣，是池袋最危险的狂人。",Izaya Orihara|临也|折原临也|情报贩子,黑发|红瞳|情报贩子|腹黑|策士|讨厌人类|身手敏捷|小刀,Hiroshi Kamiya
24597,岸谷新罗,无头骑士异闻录,https://s4.anilist.co/file/anilistcdn/character/large/b24597-bwi62765fT0I.png,在池袋经营地下诊所的年轻医生，医术高明，擅长处理各种不能见光的伤势。戴着眼镜，性格冷静却古怪，对解剖和医学有着近乎痴迷的执着。他深爱着某位女性，这份爱意到了近乎狂热的程度。虽然总是一副置身事外的模样，实则与池袋的诸多事件有着千丝万缕的联系。是连接各方势力的关键人物之一。,Shinra Kishitani|新罗|岸谷新罗,黑发|眼镜|地下医生|恋爱脑|解剖狂|冷静|知识渊博|古怪,Jun Fukuyama
24734,奥村雪男,青之驱魔师,https://s4.anilist.co/file/anilistcdn/character/large/b24734-GgVZoNAPnxoc.png,某位半恶魔的双胞胎弟弟，与哥哥不同，是普通的人类。戴着眼镜，头脑聪明，年纪轻轻就成为了驱魔师塾的教官，是公认的天才。性格冷静沉着，与冲动的哥哥形成鲜明对比。然而他内心隐藏着对哥哥的复杂情感，既羡慕又嫉妒。这份压抑的情绪随着故事发展逐渐爆发，让他的人生走向了意想不到的方向。,Yukio Okumura|奥村雪男|雪男,黑发|蓝瞳|双胞胎|驱魔师|天才|冷静|戴眼镜|优等生,Jun Fukuyama
25034,Dead Master,黑岩射手,https://s4.anilist.co/file/anilistcdn/character/large/25034.jpg,黑岩射手最经典的对手——绿发骷髅角饰的战斗少女。使用巨型镰刀和骷髅兵团战斗。代表现实世界中少女被霸凌封闭内心后产生的黑暗面。她与黑岩射手的战斗是整个系列最震撼的画面。,Dead Master|デッドマスター,绿发|骷髅角|镰刀|黑暗面|霸凌|宿敌,暂未收录
27362,吉井明久,笨蛋测验召唤兽,https://s4.anilist.co/file/anilistcdn/character/large/b27362-kLtwXx5tKrAE.png,文月学园F班的学生——全校公认的笨蛋。但在这个按成绩召唤战斗的学校里他有着意外的战斗天赋。每次被召唤兽被击倒就要参加补习的惩罚让他的校园生活充满血泪。与F班的同伴们在最底层搞出了最离谱的逆袭。,Akihisa Yoshii|吉井明久|Akihisa,棕发|笨蛋|F班|召唤兽|意外天赋|搞笑,暂未收录
27363,姬路瑞希,笨蛋测验召唤兽,https://s4.anilist.co/file/anilistcdn/character/large/b27363-xzKVhaeG4Tym.png,F班的优等生——因为考试当天发烧被分到最差班级的全校第一名。暗恋明久。温柔可爱但做的料理是生化武器级别——一口就能让人看到三途川。她的召唤兽是最强的——只要明久别碰她的料理。,Mizuki Himeji|姬路瑞希|Himeji,粉发|优等生|暗恋|料理杀手|召唤兽|F班,暂未收录
28331,塞尔提·史特路尔森,无头骑士异闻录,https://s4.anilist.co/file/anilistcdn/character/large/b28331-At0Nz4p6qZHx.jpg,"来自爱尔兰的""无头骑士""杜拉汉，因为丢失了自己的头颅而来到池袋寻找。没有头部，黑色摩托与黑色皮衣是她的标志，能自由操纵黑影。她通过手机打字与外界交流，是池袋的都市传说""无头骑士""。虽然外表骇人，性格却意外地温柔善良，从事着帮人运送物品的""万事屋""工作。她在池袋找到了属于自己的归宿与牵挂。",Celty Sturluson|塞尔提|无头骑士,无头|黑雾|无头骑士|杜拉汉|机车手|温柔|寻找头颅|不死之身,Miyuki Sawashiro
28886,温蒂·玛贝尔,妖精的尾巴,https://s4.anilist.co/file/anilistcdn/character/large/b28886-unO1rEi3zdyF.jpg,天空之灭龙魔导士，使用天空魔法进行治愈和辅助。外表娇小可爱的蓝发少女。从小被龙格兰帝列抚养长大。拥有超强的治疗能力是团队中不可或缺的后援。,Wendy Marvell|温蒂|Wendy,蓝发|灭龙魔导士|天空魔法|治愈|幼女|善良|龙抚养,暂未收录
29210,泽口麻衣,花吻在上,https://s4.anilist.co/file/anilistcdn/character/large/29210.jpg,温柔内向的女高中生，在校园中遇到了川村玲绪后产生了初恋般的感情。两人的初吻成为了一段美好恋情的开端。纯爱百合的代表作角色。,Mai Sawaguchi|泽口麻衣,棕发|温柔|内向|初恋|纯爱|百合|女高中生,暂未收录
29211,川村玲绪,花吻在上,https://s4.anilist.co/file/anilistcdn/character/large/29211.jpg,麻衣的恋人，性格开朗主动。与麻衣的感情从初吻开始逐渐加深。两人在校园中进行了最纯粹的百合恋爱。,Reo Kawamura|川村玲绪,黑发|开朗|主动|恋人|初吻|纯爱,暂未收录
29563,岛田美波,笨蛋测验召唤兽,https://s4.anilist.co/file/anilistcdn/character/large/b29563-Xw9okgsUzmA6.png,"F班的德国混血少女——归国子女。数学极好但日语烂到写字像虫子爬。单恋明久。每次明久提到姬路就会不由自主地给他一记铁拳。是F班为数不多的战斗力担当。""明久——你这笨蛋！""（一拳）",Minami Shimada|岛田美波|Minami,金发|混血|数学|日语苦手|暴力|暗恋,暂未收录
29689,狛井时雨,少女派别,https://s4.anilist.co/file/anilistcdn/character/large/29689.jpg,女校的神秘美少女，与多位女生有着复杂的关系。在校园中如同传说般的存在。,Shigure Komai|狛井时雨,黑发|美少女|神秘|传说,暂未收录
29690,圆城寺真弥,少女派别,https://s4.anilist.co/file/anilistcdn/character/large/29690.jpg,女校的教师，成熟优雅的女性。在学生的百合关系中扮演着观察者的角色。,Maya Enjyoji|圆城寺真弥,棕发|女教师|成熟|优雅,暂未收录
30430,杜山诗惠美,青之驱魔师,https://s4.anilist.co/file/anilistcdn/character/large/b30430-LwO3yM6dg0HF.png,经营驱魔用品店的少女，拥有治愈他人伤痛的才能。一头金色的长发，性格温柔善良，却在温柔之下藏着超乎常人的坚强。最初不谙世事，在经历种种事件后逐渐成长，决心成为一名出色的驱魔师。她能够净化恶魔的诅咒，为同伴带来安宁。那份纯粹的温柔，是她最强大的力量。,Shiemi Moriyama|诗惠美|杜山诗惠美,金色长发|绿瞳|驱魔师|治愈师|温柔|坚强|绿色手环|植物店,Kana Hanazawa
30431,藤本狮郎,青之驱魔师,https://s4.anilist.co/file/anilistcdn/character/large/b30431-l5NMqfM82w4q.png,抚养一对兄弟长大的神父，也是骑士团中实力最强的圣骑士。他将撒旦之子们视如己出，倾尽全力抚养他们，是兄弟俩最敬爱的养父。性格温柔幽默，在教会中是可靠的长者。他的强大不仅在于驱魔术，更在于那颗愿意为守护他人而牺牲自己的心。他的死，成为某位少年踏上驱魔师之路的起点。,Shirou Fujimoto|狮郎|藤本狮郎,棕发|茶色瞳|神父|圣骑士|养父|最强驱魔师|温柔|牺牲,Keiji Fujiwara
30432,梅菲斯特·菲雷斯,青之驱魔师,https://s4.anilist.co/file/anilistcdn/character/large/b30432-I4KwsegOrzfq.png,正十字学园及驱魔师骑士团的理事长，真实身份是恶魔之王之一。总是一身华丽的打扮，言行举止如同优雅的绅士，脸上永远挂着高深莫测的笑容。他擅长算计，在幕后推动着诸多事件，真实目的无人知晓。作为恶魔，他对人类世界抱有异样的兴趣。是贯穿整个故事、亦正亦邪的关键人物。,Mephisto Pheles|梅菲斯特|梅菲斯特·菲雷斯,黑发|红瞳|恶魔之王|骑士团理事长|神秘|绅士|算计|小丑,Hiroshi Kamiya
30905,轰八千代,迷糊餐厅,https://s4.anilist.co/file/anilistcdn/character/large/30905.jpg,"瓦古纳利亚的领班——总是带着一把日本刀上班的短发美人。暗恋着店长佐藤润——但每天见面就是砍砍砍。把所有接近店长的女性都当成了假想敌。刀法精湛但本人非常温柔——""这把刀只是以防万一。""",Yachiyo Todoroki|轰八千代|Yachiyo,黑发|短发|日本刀|女领班|暗恋|砍人|温柔,暂未收录
30919,漆原琉华,命运石之门,https://s4.anilist.co/file/anilistcdn/character/large/b30919-5PjiA4ucfuuJ.png,柳林神社的独生子，未来道具研究所成员LabMem No.006。外表比女性还美丽，性格温柔羞怯。使用妖刀·五月雨修行剑术。在不同的世界线中性别会发生变化，是整个故事中最具戏剧性的伏笔之一。,Luka Urushibara|漆原琉华|琉华子|Ruka|Luka,黑发|长发|伪娘|温柔|羞怯|剑道|妖刀五月雨|LabMem No.006|神社之子|性别变更,小林优
31007,田村麻奈实,我的妹妹哪有这么可爱,https://s4.anilist.co/file/anilistcdn/character/large/n31007-qmjWz1fb7imG.png,温柔贤惠的少女，是某位少年的青梅竹马。黑色短发，总是带着温暖的笑容。她平凡而安静，像邻家女孩一样让人安心。她说话轻声细语，性格柔和，擅长照顾人。虽然没有耀眼的光环，却用那份平淡而真挚的温柔，默默支持着身边的人。那份不张扬的温暖，是她最动人的魅力。,Manami Tamura|麻奈实|田村麻奈实,黑色短发|棕瞳|青梅竹马|温柔|平凡|贤惠|笑容|安静,Satomi Satou
31008,五更琉璃,我的妹妹哪有这么可爱,https://s4.anilist.co/file/anilistcdn/character/large/b31008-IJLxEJqTKhsJ.png,"自称""黑猫""的中二病少女，总是一身哥特萝莉的打扮。黑色长发，红瞳，气质神秘。她说话带着中二的口吻，自称体内寄宿着黑暗之力。实则是个温柔勤奋的女孩，擅长写小说和手工制作。她有着两个妹妹，是个尽职的姐姐。那份中二外壳之下的细腻与温柔，让人忍不住想要了解她。",Ruri Gokou|黑猫|五更琉璃,黑色长发|红瞳|中二病|哥特萝莉|毒舌|写小说|手作|妹控姐姐,Kana Hanazawa
31844,槙岛纱织,我的妹妹哪有这么可爱,https://s4.anilist.co/file/anilistcdn/character/large/n31844-HNqh1LHbvUVk.png,身材高挑的金发大小姐，也是资深御宅族的聚会组织者。她戴着眼镜，举止优雅，是御宅圈中的核心人物。她家世显赫，却从不以此炫耀，真诚地热爱着自己的兴趣。她善于组织各种活动，是连接众人的纽带。那份温柔与包容，让她成为了大家信赖的对象。,Saori Makishima|纱织|槙岛纱织,金发|蓝瞳|大小姐|御宅族|眼镜|高挑|组织者|温柔,Hitomi Nabatame
32110,雾隐修罗,青之驱魔师,https://s4.anilist.co/file/anilistcdn/character/large/b32110-Ats6VvSZy300.png,"上级驱魔师，持有魔剑""蛇之业""，是剑术高超的女战士。一头红发，性格豪爽不羁，嗜酒如命，经常抱着酒瓶。她曾是恶魔组织培养的杀手，后来投身驱魔师阵营。战斗风格凌厉果断，是年轻驱魔师们可靠的导师。看似大大咧咧，实则背负着沉重的过去，却选择用笑容和酒精将其掩盖。",Shura Kirigakure|修罗|雾隐修罗,红发|绿瞳|剑士|上级驱魔师|豪爽|酒豪|魔剑使|性感,Rina Satou
32736,南里香,学园默示录,https://s4.anilist.co/file/anilistcdn/character/large/b32736-sxV9oBwVumZI.png,特种部队出身的女警，优秀的狙击手。黑色头发，气质成熟干练，是团队中可靠的成年战力。她枪法精准，战斗经验丰富，在丧尸危机中发挥着重要作用。她性格豪爽，对后辈照顾有加。那份专业与可靠，让幸存者们有了更多的生存希望。,Rika Minami|南里香|里香,黑发|棕瞳|警察|狙击手|成熟|强大|御姐|可靠,Junko Takeuchi
33466,野原广志,蜡笔小新,https://s4.anilist.co/file/anilistcdn/character/large/33466.jpg,野原家的父亲，35岁的上班族。在双叶商事工作，背负着32年房贷。脚臭是全世界最恐怖的生化武器之一。虽然平时懦弱但关键时刻是可靠的父亲和丈夫。深爱妻子美冴和两个孩子。,Hiroshi Nohara|野原广志|广志|Hiroshi|脚臭之王,黑发|上班族|脚臭|35岁|32年房贷|懦弱|可靠|爱家庭|双叶商事|课长,藤原启治
34470,牧濑红莉栖,命运石之门,https://s4.anilist.co/file/anilistcdn/character/large/b34470-Jw2LXZBL5R8i.png,"年仅18岁的天才少女，维克多·康多利亚大学脑科学研究所研究员。被称为""实验控""，对未知事物有强烈的好奇心。虽然自称傲娇但性格严谨理性，帮助冈部伦太郎完善了时间旅行理论。口头禅是""我不是实验品！""。",Kurisu Makise|牧濑红莉栖|克里斯蒂娜|助手|Christina|天才少女,红发|长发|傲娇|天才|18岁|脑科学研究|大学研究员|LabMem No.004|助手|实验控,今井麻美
35252,冈部伦太郎,命运石之门,https://s4.anilist.co/file/anilistcdn/character/large/b35252-DY9TW6pusqeh.png,"东京电机大学一年级学生，自称""疯狂科学家凤凰院凶真""。创立了未来道具研究所，性格中二但本质善良。偶然间发明了可以向过去发送邮件的时间机器——电话微波炉。为了拯救重要的人反复穿越世界线。",Rintarou Okabe|冈部伦太郎|凤凰院凶真|Okarin|Hououin Kyouma,棕发|中二病|疯狂科学家|时间机器|世界线|LabMem No.001|白大褂|大学生|凤凰院凶真|正义感,宫野真守
35253,椎名真由理,命运石之门,https://s4.anilist.co/file/anilistcdn/character/large/b35253-u6QVgLLyHq2W.png,"冈部伦太郎的青梅竹马，私立花浅葱大学附属高中二年级学生。性格天真烂漫，口头禅是""嘟嘟噜~""。喜欢制作Cosplay服装，是未来道具研究所的气氛担当。她的命运是整个故事最关键的转折点。",Mayuri Shiina|椎名真由理|真由理|Mayushii|嘟嘟噜,黑发|短发|天真|开朗|嘟嘟噜|Cosplay|高中生|青梅竹马|LabMem No.002|气氛担当,花泽香菜
35255,阿万音铃羽,命运石之门,https://s4.anilist.co/file/anilistcdn/character/large/b35255-Ra9Aq5Kn9lYq.png,"在秋叶原遇到的元气少女，热爱骑自行车。真实身份是从未来2036年穿越回来的时间旅行者，代号""约翰·泰塔""。她回到过去的使命是寻找失落的IBN5100电脑以改变绝望的未来。",Suzuha Amane|阿万音铃羽|铃羽|约翰·泰塔|打工战士,黑发|马尾|元气|活泼|时间旅行者|2036年|自行车|未来人|军人|LabMem No.008,田村由香里
35256,菲利斯·喵喵,命运石之门,https://s4.anilist.co/file/anilistcdn/character/large/b35256-A729dmHEgSYQ.png,"秋叶原女仆咖啡厅的看板娘，本名秋叶留未穗。未来道具研究所成员LabMem No.007。用猫娘口吻说话，每句话结尾加""喵""。看似天真可爱但实际上是秋叶原大地主家的千金，在D-Mail事件中改变了关键过去。",Rumiho Akiha|Faris Nyannyan|秋叶留未穗|菲利斯·喵喵|Faris|菲莉斯,棕发|猫耳|猫娘|女仆|大小姐|秋叶原|LabMem No.007|喵口癖|可爱|隐藏千金,桃井晴子
35258,桥田至,命运石之门,https://s4.anilist.co/file/anilistcdn/character/large/b35258-FeTGR4LEUNvt.png,"东京电机大学一年级学生，冈部伦太郎的同学和好友。重度网络宅男，黑客技术一流。同时也是超级黑客""桶子""，在2ch上被称为传说级人物。虽然满嘴黄段子但内心善良，对未来妻子和女儿有着深深的爱。",Itaru Hashida|桥田至|桶子|Daru|超级厨客,黑发|肥胖|宅男|黑客|超级黑客|2ch传说|大学生|LabMem No.003|黄段子|桶子,关智一
35871,岁纳京子,摇曳百合,https://s4.anilist.co/file/anilistcdn/character/large/b35871-3HaZzNNNGqjT.png,娱乐部的核心，金发，性格元气满满。她是个古灵精怪的搞笑担当，满脑子奇思妙想，常常把大家卷入各种荒唐的事件。她看似懒散，实则对社团活动和朋友充满热情。她喜欢创作漫画和游戏。那份天马行空的活力，是娱乐部的灵魂。,Kyouko Toshinou|岁纳京子|京子,金发|蓝瞳|娱乐部|元气|搞笑|懒散|作品创作|领袖,Yuka Ootsubo
35872,赤座灯里,摇曳百合,https://s4.anilist.co/file/anilistcdn/character/large/b35872-UDUICza8npWd.png,"本作名义上的主角，红色短发，性格温柔天然。她有着""透明化""的奇特体质，常常被大家忽视，成为作品最经典的梗。她善良可爱，总是真诚地对待每一个人。虽然存在感稀薄，却从不气馁。那份温柔与乐观，让她在观众心中留下了深刻的印象。",Akari Akaza|赤座灯里|灯里|阿卡林,红色短发|棕瞳|娱乐部|透明化|温柔|天然|主角|存在感稀薄,Shiori Mikami
35874,船见结衣,摇曳百合,https://s4.anilist.co/file/anilistcdn/character/large/b35874-UQMOJBrjk4ZV.png,娱乐部中相对冷静成熟的成员，黑发，性格温柔可靠。她总是默默地照顾着脱线的伙伴们，是社团的理性担当。她看似平静，却对某个元气少女有着特殊的情感。那份冷静之下的温柔与细腻，令人心动。,Yui Funami|船见结衣|结衣,黑发|蓝瞳|娱乐部|冷静|温柔|成熟|吐槽|照顾人,Minami Tsuda
35875,吉川千夏,摇曳百合,https://s4.anilist.co/file/anilistcdn/character/large/b35875-cQE3iy5DUL0y.png,粉色头发的可爱少女，是娱乐部中年纪最小的成员。她外表甜美，却有着不为人知的腹黑一面。她对某位元气少女有着近乎病态的执着。她喜欢画画，尤其是画心仪对象的肖像。那份甜美与腹黑的反差，让她成为极具特色的角色。,Chinatsu Yoshikawa|吉川千夏|千夏,粉色头发|粉瞳|娱乐部|病娇|可爱|腹黑|绘画|执着,Rumi Ookubo
35876,杉浦绫乃,摇曳百合,https://s4.anilist.co/file/anilistcdn/character/large/b35876-wUVzqbvWN8DE.png,学生会长，黑发，性格认真严肃。她是个典型的傲娇，表面上对某位元气少女百般嫌弃，实则偷偷喜欢着对方。她总是为自己的感情纠结不已，做出各种口是心非的举动。那份傲娇之下的少女心，让人忍俊不禁又倍感可爱。,Ayano Sugiura|杉浦绫乃|绫乃,黑发|棕瞳|学生会长|傲娇|认真|暗恋|傲娇|眼镜,Saki Fujita
35877,池田千岁,摇曳百合,https://s4.anilist.co/file/anilistcdn/character/large/b35877-tmYiWXrYjHJ4.png,"戴眼镜的安静少女，黑发，是某位学生会长的好友。她总是默默地脑补各种""百合""画面，一旦幻想过度就会流鼻血。她看似文静，内心却有着丰富的妄想世界。那份反差带来的搞笑效果，让她成为作品中最具喜剧色彩的角色之一。",Chitose Ikeda|池田千岁|千岁,黑发|棕瞳|百合幻想|眼镜|鼻血|安静|妄想|温柔,Aki Toyosaki
35878,大室樱子,摇曳百合,https://s4.anilist.co/file/anilistcdn/character/large/b35878-RQF5QFp0y0WS.png,"性格活泼孩子气的少女，棕发，是某位学生会长眼中的""小恶魔""。她直率天真，想到什么就做什么，常常惹出麻烦。她与某位认真少女是欢喜冤家，两人总是斗嘴。那份不加修饰的直率与活力，让她成为作品中最鲜活的角色之一。",Sakurako Oomuro|大室樱子|樱子,棕发|棕瞳|妹妹|活力|孩子气|傲娇|直率|可爱,Emiri Katou
36074,藤和艾莉欧,电波女与青春男,https://s4.anilist.co/file/anilistcdn/character/large/n36074-tNdilwnLGDHk.png,"自称""外星人""的少女，蓝色长发，总是裹着一床棉被。她举止怪诞，满口""电波""般的话语，让人难以捉摸。她神秘而天真，仿佛不属于这个世界。她因某些原因自我封闭，用棉被将自己与世界隔绝。那份神秘之下的孤独与纯粹，令人既好奇又心疼。",Erio Touwa|藤和艾莉欧|艾莉欧,蓝色长发|蓝瞳|电波女|自称外星人|棉被|神秘|天真|治愈,Asuka Oogame
36184,松前绪花,花开伊吕波,https://s4.anilist.co/file/anilistcdn/character/large/b36184-ylcMtZPMm1cB.png,"东京的女高中生——因母亲逃债被送到外婆经营的温泉旅馆""喜翠庄""打工。从抱怨一切到逐渐爱上这个充满了奇怪同事和挑剔客人的地方。她用自己的方式面对每一个挑战，认真到令人敬佩。口头禅是""我要闪闪发光！""",Ohana Matsumae|松前绪花|Ohana,棕发|女高中生|温泉旅馆|打工|闪闪发光|成长|认真,暂未收录
36765,桐谷和人,刀剑神域,https://s4.anilist.co/file/anilistcdn/character/large/b36765-BnLbXg0Tzzh9.png,"刀剑神域的主角，游戏昵称""桐人""。在死亡游戏SAO中以独行玩家身份闯关，被称为""黑色剑士""。拥有超群的战斗天赋和反应速度，是SAO通关的关键人物。现实中是重度网游玩家，性格冷静但为保护重要的人不惜一切。拥有双刀流技能。",Kazuto Kirigaya|桐谷和人|桐人|Kirito|黑色剑士,黑发|黑色眼瞳|黑色剑士|独行玩家|双刀流|网游废人|冷静|战斗天才|SAO通关者|VRMMO,松冈祯丞
36828,结城明日奈,刀剑神域,https://s4.anilist.co/file/anilistcdn/character/large/b36828-j5ib0adAzGMx.png,"SAO中昵称""亚丝娜""，被称为""闪光""。公會血盟骑士团的副团长，使用细剑的顶尖玩家。现实中是名门大小姐，在SAO中展现了坚强的意志和卓越的战斗力。与桐人从并肩作战发展为恋人关系，是系列中最具人气的女性角色。",Asuna Yuuki|结城明日奈|亚丝娜|Asuna|闪光,棕发|长发|闪光|细剑使|副团长|血盟骑士团|大小姐|料理达人|战斗力极强|SAO攻略组,户松遥
36830,克莱因,刀剑神域,https://s4.anilist.co/file/anilistcdn/character/large/b36830-41SWIDvhqOo4.png,SAO中的太刀使，风林火山公会的会长。是桐人在SAO中最早结识的朋友和好大哥。性格豪爽热情，使用一把大型武士刀战斗。虽不是顶尖玩家但领导力和人格魅力极强。在现实世界也是桐人最好的朋友之一。,Ryoutarou Tsuboi|克莱因|Klein|风林火山会长,红棕发|太刀使|风林火山|公会会长|豪爽|好大哥|武士刀|可靠|朋友,平田广明
36831,桐谷直叶,刀剑神域,https://s4.anilist.co/file/anilistcdn/character/large/b36831-JfyFU7gPPVmr.png,"桐人的妹妹，并非亲生。在现实世界中是剑道部主将，在ALO中以""莉法""之名使用风精灵角色。对哥哥一直抱有情愫。性格坚强努力，在ALO中拥有出色的飞行技巧和战斗力。",Suguha Kirigaya|桐谷直叶|莉法|Leafa|直叶,黑发|短发|剑道|莉法|风精灵|ALO|兄控|坚强|运动少女,竹达彩奈
36976,紫原敦,黑子的篮球,https://s4.anilist.co/file/anilistcdn/character/large/b36976-fVmQY9GqvHHa.png,奇迹世代的中锋，208cm的巨人。拥有一手就能握住篮球的巨掌，防守范围覆盖整个三分线内。平时懒洋洋说话有气无力，但只要被惹怒就会展现恐怖的实力。爱吃零食，比赛时都要叼着零食棒。,Atsushi Murasakibara|紫原敦|Murasakibara,紫发|208cm|中锋|奇迹世代|贪吃|懒散|零食棒|防守范围极大,铃村健一
37212,鹤来民子,花开伊吕波,https://s4.anilist.co/file/anilistcdn/character/large/n37212-ftcw7899GuzY.png,"喜翠庄的板前见习生，比绪花早一年开始工作的前辈厨师。面无表情说话刻薄——""去死""。但其实非常可靠勤奋。每天凌晨四点起来准备厨房。一开始和绪花不对付但后来成为她最好的工作伙伴和朋友。",Minko Tsurugi|鹤来民子,黑发|厨师|板前|毒舌|去死|努力|前辈,暂未收录
37302,新垣绫濑,我的妹妹哪有这么可爱,https://s4.anilist.co/file/anilistcdn/character/large/n37302-LqFRWJ1Xxv3K.jpg,气质端庄的大小姐，同样是时尚杂志的模特。黑色长发，性格正直善良，对朋友十分珍惜。她外表温柔，却有着坚定的是非观，一旦认定的事就很难改变。她厨艺精湛，是个体贴的好女孩。然而她也有着令人意想不到的执着一面。那份正直与温柔并存的气质，让她成为故事中不可或缺的存在。,Ayase Aragaki|绫濑|新垣绫濑,黑色长发|棕瞳|模特|大小姐|正直|厨艺好|天然|好友,Saori Hayami
37303,来栖加奈子,我的妹妹哪有这么可爱,https://s4.anilist.co/file/anilistcdn/character/large/b37303-5YrZsSDoZDt0.jpg,性格活泼任性的少女，是时尚杂志的模特。她身材娇小，却充满活力，是个不折不扣的小恶魔。她说话毒舌，常常口无遮拦，却也因此显得真实可爱。她在模特工作中努力证明自己，有着不为人知的认真一面。那份天真与任性并存的活力，让人又爱又恨。,Kanako Kurusu|加奈子|来栖加奈子,棕发|棕瞳|元气|小恶魔|模特|可爱|毒舌|活泼,Yukari Tamura
37553,代达罗斯,天降之物,https://s4.anilist.co/file/anilistcdn/character/large/b37553-4Cghix0LmOXT.png,"来自西纳普斯的神秘存在，被称为""代达罗斯""。她与天使机器人有着深刻的联系，是幕后重要的引导者。她温柔而智慧，在暗中关注着地面世界的一切。她的真实身份与目的始终笼罩在迷雾之中。那份神秘之下的温柔，为故事增添了别样的深度。",Daedalus|代达罗斯|代达罗斯,神秘|创造者|西纳普斯|智慧|温柔|幕后|神秘存在|引导,Asuka Oogame
37832,鹿目圆,魔法少女小圆,https://s4.anilist.co/file/anilistcdn/character/large/b37832-lzVj5IkUciLd.jpg,温柔善良的初二少女，故事的起点和终点。她不断被询问是否愿意成为魔法少女，而每一次轮回她的愿望都在改变世界。在无数次轮回后做出了那个震撼所有观众的选择。粉发双马尾的温柔外表下承载了整个宇宙的希望。,Madoka Kaname|鹿目圆|Madoka|圆神|鹿目まどか,粉发|双马尾|初二|温柔|善良|魔法少女|爱|终极牺牲|因果律,悠木碧
38005,晓美焰,魔法少女小圆,https://s4.anilist.co/file/anilistcdn/character/large/b38005-T3NR8p2f021x.jpg,从未来不断回溯时间的魔法少女。为了拯救小圆经历了上百次轮回，从胆小的病弱少女成长为冷酷强大的战士。使用时间停止和各种重火器战斗。所有这些只是为了再见她一次。,Homura Akemi|晓美焰|Homura|ほむら|焰魔,黑发|长发|时间停止|轮回|冷酷|强大|眼镜|痴情|火箭筒|黑长直,斋藤千和
38194,巴麻美,魔法少女小圆,https://s4.anilist.co/file/anilistcdn/character/large/b38194-gnlnx4XN4HYP.jpg,小圆和沙耶香的前辈魔法少女，使用丝带和燧发枪战斗。外表温柔优雅的学姐，其实内心极度渴望同伴和认可。第三次轮回中的名场面让所有观众铭记。红茶和蛋糕是她优雅的标签。,Mami Tomoe|巴麻美|Mami|学姐|マミ,金发|卷发|学姐|优雅|丝带|燧发枪|红茶|孤独|魔法少女前辈,水桥香织
38395,美树沙耶香,魔法少女小圆,https://s4.anilist.co/file/anilistcdn/character/large/b38395-d24OayatTB5h.jpg,小圆的同班同学和好友，元气满满的蓝发少女。为了治愈青梅竹马恭介的手臂而成为魔法少女。但在理想与现实的反差中逐渐绝望，最终成为了自己曾经最讨厌的存在。故事中最令人心碎的角色之一。,Sayaka Miki|美树沙耶香|Sayaka|さやか,蓝发|短发|元气|正义|骑士|魔法少女|绝望|魔女化|剑术,喜多村英梨
38566,丘比,魔法少女小圆,https://s4.anilist.co/file/anilistcdn/character/large/b38566-XzE2iqAodRQK.jpg,"可爱的白色猫型生物，邀请少女们成为魔法少女。从不撒谎——但也从不主动说出全部的真相。为了收集感情能量拯救宇宙而不择手段。是表面可爱实则冷酷的""传销""机器。名言是""和我签订契约，成为魔法少女吧！""。",Kyuubey|丘比|QB|キュゥべえ|传销兽,白色|猫型|外星生物|理性|无感情|契约|不撒谎|只说一半|可爱|反派|传销,加藤英美里
40006,佐仓杏子,魔法少女小圆,https://s4.anilist.co/file/anilistcdn/character/large/b40006-zOwYYimuiO3m.png,"来自邻近城市的魔法少女，使用多节长枪战斗。因为过去的经历信奉""只为自己的愿望而战""的信条。一度与沙耶香对立但最终成为她最重要的人。贪吃货，尤其是苹果和Pocky。",Kyouko Sakura|佐仓杏子|Kyouko|杏子,红发|马尾|长枪|贪吃|自私信条|冷酷外表|温柔内里|苹果|傲娇,野中蓝
40054,吉井正子,白兔糖,https://s4.anilist.co/file/anilistcdn/character/large/n40054-BUXIav5uFiIU.png,凛的亲生母亲——因无法抚养凛而将她托付给外公。在故事中逐渐为自己的选择负责并尝试成为凛生活的一部分。是一个有缺陷但真实的母亲角色。,Masako Yoshii|吉井正子,母亲|愧疚|漫画作者|成长,暂未收录
40081,长野原美绪,日常,https://s4.anilist.co/file/anilistcdn/character/large/b40081-dGRecovyuQMo.png,蓝发双马尾的少女，喜欢画BL漫画的隐藏腐女。在教室里被祐子发现BL本子后疯狂抢回来的追击战是全剧最经典的场景之一——那场追逐的作画经费能烧掉一部剧场版。运动能力爆表但在关键时刻总是摔倒。,Mio Naganohara|长野原美绪|Mio,蓝发|双马尾|BL漫画家|腐女|运动全能|隐藏属性|追捕战,暂未收录
40195,八重樫太一,恋爱随意链接,https://s4.anilist.co/file/anilistcdn/character/large/b40195-PenXAhV9kQKc.png,"文化研究部的成员，黑发，性格真诚稳重。他有着强烈的责任感，总是试图照顾和帮助身边的人，甚至不惜牺牲自己。他在""人格交换""等一系列奇异现象中，逐渐直面自己的内心。他看似成熟，却也隐藏着不为人知的迷茫。那份真诚与自我审视的成长，令人动容。",Taichi Yaegashi|八重樫太一|太一,黑发|棕瞳|学生|真诚|稳重|领导|自我牺牲|成长,Daichuu Mizushima
40196,永濑伊织,恋爱随意链接,https://s4.anilist.co/file/anilistcdn/character/large/b40196-5KM70eeMhGK6.png,"文化研究部的成员，棕发，性格开朗活泼。她看似无忧无虑，却一直戴着""完美开朗""的面具，压抑着真实的自己。她在奇异现象中被迫直面内心，经历了痛苦的挣扎与蜕变。她的故事，是关于如何接纳真实自我的深刻探讨。那份开朗之下的复杂，令人心疼。",Iori Nagase|永濑伊织|伊织,棕发|棕瞳|学生|开朗|伪面|内心挣扎|成长|复杂,Aki Toyosaki
40197,稻叶姬子,恋爱随意链接,https://s4.anilist.co/file/anilistcdn/character/large/b40197-We1zbfXwnVFf.png,文化研究部的成员，紫发，性格冷静毒舌。她敏锐地观察着身边的一切，总能看穿事物的本质。她看似冷漠，实则对朋友有着深厚的情感。她在奇异现象中同样经历了内心的考验。那份毒舌之下的敏锐与可靠，让她成为团队中不可或缺的存在。,Himeko Inaba|稻叶姬子|姬子,紫发|紫瞳|学生|毒舌|冷静|敏锐|傲娇|可靠,Miyuki Sawashiro
40198,桐山唯,恋爱随意链接,https://s4.anilist.co/file/anilistcdn/character/large/b40198-KskQm01WMBdn.png,文化研究部的成员，棕发，擅长空手道。她因过去的创伤而对男性怀有恐惧，这份恐惧在奇异现象中被放大。她看似坚强，实则内心脆弱。她在朋友们的帮助下，努力克服自己的阴影。那份脆弱之下的坚强与努力，令人动容。,Yui Kiriyama|桐山唯|唯,棕发|棕瞳|学生|空手道|恐惧|坚强|成长|温柔,Hisako Kanemoto
40199,青木义文,恋爱随意链接,https://s4.anilist.co/file/anilistcdn/character/large/b40199-WDtF24SrHtLR.png,文化研究部的成员，金发，性格开朗直率。他乐观积极，从不掩饰自己的感情，对喜欢的女孩大胆表白。他在奇异现象中始终保持着真诚与乐观。他看似大大咧咧，实则心思细腻。那份直率之下的真诚，让他成为团队中的阳光。,Yoshifumi Aoki|青木义文|义文,金发|棕瞳|学生|开朗|直率|乐观|单恋|真诚,Takuma Terashima
40591,宿海仁太,未闻花名,https://s4.anilist.co/file/anilistcdn/character/large/b40591-PFcHVI98QgnI.jpg,"曾经的""超和平Busters""领袖——如今是辍学的家里蹲。从十年前面码意外去世后就封闭了自己。直到那个夏天——面码以幽灵形态回来了。为了帮面码实现愿望让分散的伙伴们重新聚在一起。最后那场山坡上的告白让全日本都哭了。",Jinta Yadomi|宿海仁太|Jintan|仁太,黑发|家里蹲|前领袖|面码幽灵|成长|最后的告别,暂未收录
40592,本间芽衣子,未闻花名,https://s4.anilist.co/file/anilistcdn/character/large/b40592-mAEyaQyJu5oc.png,"——面码。十年前溺亡的少女。在十年后的夏天以幽灵形态出现在仁太面前。白色连衣裙的银发少女。她有一个""愿望""需要仁太完成——但她自己也不知道那是什么。直到最后她在山坡上用粉笔在所有人的手心写下了——""最喜欢你们了""。那首secret base和那些眼泪成了整整一代人的青春记忆。",Meiko Honma|本间芽衣子|Menma|面码,银发|幽灵|白色连衣裙|愿望|最喜欢你们|secret base|面码,暂未收录
40593,安城鸣子,未闻花名,https://s4.anilist.co/file/anilistcdn/character/large/b40593-3N05kRft0s8d.jpg,"曾经崇拜面码的双马尾少女。十年后变成了染发浓妆的""不良少女""。面码的死让她一直内疚——因为那天她也在场。在所有人中最先相信面码的幽灵存在。对仁太暗恋多年却被面码占据了所有位置。",Naruko Anjou|安城鸣子|Anaru,金发|双马尾|不良|内疚|暗恋仁太|相信面码,暂未收录
40594,松雪集,未闻花名,https://s4.anilist.co/file/anilistcdn/character/large/b40594-ZKnNeogrL2K0.jpg,超和平Busters中最聪明的成员——十年后是名牌高中的优等生。但也是被面码的死伤害最深的人之一。夜深人静时穿着面码的白色连衣裙在山中乱走——这是他无法说出的思念。对仁太的嫉妒和对面码的执念几乎毁了他自己。,Atsumu Matsuyuki|松雪集|Yukiatsu,黑发|优等生|面码执念|穿连衣裙|嫉妒|心理创伤,暂未收录
40595,鹤见知利子,未闻花名,https://s4.anilist.co/file/anilistcdn/character/large/b40595-WWFvfCf4C8If.jpg,超和平Busters中最安静的眼镜少女。十年后依然戴着一副大黑框眼镜。总是默默跟在雪集身后——因为她暗恋他。在所有人中最先看穿了雪集穿连衣裙的真正原因。安静地用她的方式守护着每一个人。,Chiriko Tsurumi|鹤见知利子|Tsuruko,黑发|眼镜|安静|暗恋|守护|洞察,暂未收录
40874,丹羽真,电波女与青春男,https://s4.anilist.co/file/anilistcdn/character/large/n40874-q9PGS5w94zV8.png,"转学到乡下的高中生，黑发，性格普通而温柔。他信奉着""青春点数""的人生哲学，努力让自己的青春不留遗憾。他转学后寄住在亲戚家，遇到了一个自称""外星人""的少女。他善良可靠，虽然常常被卷入各种电波般的闹剧，却始终真诚地对待身边的人。那份平凡之下的温柔，令人心生好感。",Makoto Niwa|丹羽真|真,黑发|棕瞳|学生|青春点数|普通|温柔|成长|吐槽,Miyu Irino
40875,御船流子,电波女与青春男,https://s4.anilist.co/file/anilistcdn/character/large/n40875-qQSEnind6YLl.png,某位转学生的同班同学，棕发，性格元气活泼。她热情友好，是第一个主动接近转学生的人。她充满青春的活力，是那种让人感到温暖的女孩。她看似开朗，却也有着自己的烦恼。那份真诚的友好，是转学生新生活中最明亮的一抹色彩。,Ryuuko Mifune|御船流子|流子,棕发|棕瞳|同学|元气|活泼|可爱|友好|青春,Emiri Katou
40876,藤和女女,电波女与青春男,https://s4.anilist.co/file/anilistcdn/character/large/n40876-IpbXj7lrvniC.png,某位少女的母亲，棕发，看起来却异常年轻。她性格开朗，爱撒娇，完全没有母亲该有的样子。她是某位少年的姑母，热情地收留了对方。她看似不靠谱，实则对家人充满关爱。那份开朗之下的温暖，是这个家最坚实的支撑。,Meme Touwa|藤和女女|女女,棕发|棕瞳|母亲|年轻|开朗|爱撒娇|姑母|温暖,Ai Nonaka
40881,三笠·阿克曼,进击的巨人,https://s4.anilist.co/file/anilistcdn/character/large/b40881-F3gr1PkreDvj.png,"三笠·阿克曼是艾伦的青梅竹马和养姐。她是阿克曼一族后裔，战斗力极其强悍，被誉为""一人抵百名士兵""的天才。对艾伦有着深厚而执着的感情。",Mikasa|Mikasa Ackerman|阿克曼|三笠|围巾少女,黑发|灰色眼瞳|高挑|冷静|忠诚|战斗力极强|阿克曼一族|立体机动装置|士兵|一人抵百兵|围巾|东洋血统,石川由依
40882,艾伦·耶格尔,进击的巨人,https://s4.anilist.co/file/anilistcdn/character/large/b40882-dsj7IP943WFF.jpg,艾伦·耶格尔是进击的巨人的主角。他是一名热血而执着的少年，目睹母亲被巨人吞噬后立志消灭所有巨人。他拥有进击的巨人和始祖巨人之力，是帕拉迪岛的希望与威胁。,Eren Yeager|艾伦|进击的巨人|始祖巨人|Eren,棕发|绿色眼瞳|热血|执着|极端|进击的巨人|始祖巨人|巨人化|坐标之力|调查兵团|士兵|帕拉迪岛,梶裕贵
41055,东云博士,日常,https://s4.anilist.co/file/anilistcdn/character/large/b41055-RZH1b5am1LvO.png,8岁的小博士，创造了机器人少女——名乃。极度爱吃零食和被名乃当猫一样照顾。虽然是天才但日常生活完全躺平——整天吃零食打游戏让名乃替她做一切。最喜欢鲨鱼图案的东西。,Hakase Shinonome|东云博士|Hakase,棕发|8岁|天才博士|零食控|鲨鱼|创造机器人|废柴大人,暂未收录
41574,前川同学,电波女与青春男,https://s4.anilist.co/file/anilistcdn/character/large/n41574-3RhmDW42ag5i.png,性格独特的同班同学，黑发，总是穿着奇特的服装出现。她爱好cosplay，常常以各种意想不到的装扮示人。她神秘又有趣，说出的话常常让人摸不着头脑。那份独特之下的真诚，让她成为故事中令人印象深刻的存在。,Maekawa|前川同学|前川,黑发|棕瞳|同学|神秘|cosplay|独特|有趣|个性,Mai Fuchigami
41949,阿拉丁,魔笛MAGI,https://s4.anilist.co/file/anilistcdn/character/large/b41949-LaoaHJ2tJxBw.png,拥有所罗门智慧的MAGI——被封印在笛子中千年的少年。被阿里巴巴从遗迹中释放。用笛声召唤火焰魔法。天真善良但拥有看透人心的智慧。他的肚子和头巾里住着精灵乌戈君。整个故事从他遇到阿里巴巴那一刻开启。,Aladdin|阿拉丁|アラジン,蓝发|MAGI|笛子|火焰魔法|千年|天真|乌戈君,暂未收录
42501,阿里巴巴·沙尔贾,魔笛MAGI,https://s4.anilist.co/file/anilistcdn/character/large/b42501-BKURFIipvE1C.png,"被诅咒的王子——为了还清贫民窟的债务而攻略迷宫。在遗迹中释放了阿拉丁并获得了魔神之力。表面阳光但内心对自己懦弱逃避的过去充满愧疚。与阿拉丁和摩尔迦娜组成了最强的三人组。梦想是改造这个不公平的国家。""我想成为配得上这把剑的王。""",Alibaba Saluja|阿里巴巴|Alibaba,金发|王子|迷宫攻略|魔神|阳光|背负过去|梦想称王,暂未收录
43121,摩尔迦娜,魔笛MAGI,https://s4.anilist.co/file/anilistcdn/character/large/b43121-o2KuUeEfh6AS.png,"来自黑暗大陆的战斗民族法纳利斯最后的幸存者。被当作奴隶贩卖多年后被阿里巴巴解救。戴着脚镣战斗——那是她曾经被奴役的证明和她选择继续战斗的誓言。拥有超越人类极限的腿力可以一脚踢碎岩石。忠诚、强大又温柔。""我终于找到家了——和你们在一起的地方。""",Morgiana|摩尔迦娜|モルジアナ,红发|法纳利斯|腿力|奴隶出身|被解救|忠诚|最可靠,暂未收录
43187,小黑,青之驱魔师,https://s4.anilist.co/file/anilistcdn/character/large/b43187-uJySWMkmaWmZ.png,原是地狱的猫妖，被某位神父收服后成为他的使魔。本体是一只黑色的双尾猫，能变身为巨大的猛兽。性格如同忠犬般忠诚，会撒娇也很粘人。那位神父去世后，它与一对兄弟相依为命。虽然不会说话，却能通过行动表达丰富的情感。是兄弟俩身边不可或缺的家人般的存在。,Kuro|小黑|黑猫,黑猫|猫妖|使魔|金色瞳|忠犬|变身|双尾|萌,Ayahi Takagaki
43278,樱满集,罪恶王冠,https://s4.anilist.co/file/anilistcdn/character/large/b43278-qtyFTwAaLiLb.jpg,"17岁的高中生——右手获得了""王的刻印""——能从少女体内抽出""虚空""作为武器。从懦弱少年变成了暴君再到最后的救赎。在失去了一切之后用自己的生命换回了所有人的未来。""我是——为了与你相遇而生。""",,,Yuuki Kaji
43280,楪祈,罪恶王冠,https://s4.anilist.co/file/anilistcdn/character/large/b43280-dxRTpIioqSg7.png,"网络乐队的虚拟歌手——真实身份是为了""夏娃计划""而制造的人造人。从不理解什么是""爱""到用最后一首歌拯救了整个世界。""盛开的野花啊——请你一定要告诉集——""",,,Ai Kayano
43347,星宫社,电波女与青春男,https://s4.anilist.co/file/anilistcdn/character/large/n43347-TTx8WfkoDkwp.png,"性格奇特的同班同学，蓝发，总是一副神秘兮兮的样子。她满口""电波""般的话语，与某位棉被少女颇有几分相似。她天真又古怪，让人捉摸不透。她的存在，为这个充满青春气息的故事增添了更多谜团与趣味。",Yashiro Hoshimiya|星宫社|社,蓝发|蓝瞳|同学|电波|奇怪|神秘|天真|独特,Yuka Iguchi
44587,大井远江,电波女与青春男,https://s4.anilist.co/file/anilistcdn/character/large/n44587-lwRL3vZf7Ybi.png,性格温柔成熟的朋友，棕发，总是默默地关心着身边的人。她善良可靠，是那种让人安心的存在。她在朋友之间扮演着调和者的角色。那份温柔之下的可靠，是青春故事中难得的温暖。,Tooe Ooi|大井远江|远江,棕发|棕瞳|朋友|温柔|成熟|关心|可靠|善良,Yuka Saitou
45627,利威尔·阿克曼,进击的巨人,https://s4.anilist.co/file/anilistcdn/character/large/b45627-CR68RyZmddGG.png,"调查兵团特别作战班班长，人类最强士兵。阿克曼一族后裔，拥有远超常人的战斗力和反应速度。身高160cm但气场两米八，有严重洁癖。对部下看似冷酷实则极度珍视。名言是""无悔的选择""。",Levi Ackerman|Levi|利威尔|兵长|人类最强|一米六,黑发|灰色眼瞳|160cm|冷酷|洁癖|人类最强|阿克曼|士兵长|调查兵团|立体机动|无悔的选择|红茶党,神谷浩史
45887,萨莎·布劳斯,进击的巨人,https://s4.anilist.co/file/anilistcdn/character/large/b45887-QPtJH0KwqthW.jpg,调查兵团士兵，出身猎户家庭。拥有超乎常人的直觉和弓箭技巧，嗅觉和听觉异常灵敏。天性贪吃，对食物有着近乎本能的执着。被称为白薯女，是调查兵团中温暖而纯粹的存在。,Sasha Blouse|萨莎|Sasha|白薯女|猎人之女,棕发|棕色眼瞳|贪吃|开朗|直觉敏锐|猎人|弓箭手|调查兵团|士兵|白薯女|嗅觉灵敏,小林优
46305,黑雪姬,加速世界,https://s4.anilist.co/file/anilistcdn/character/large/b46305-CiZOEqz5u1mk.png,"梅乡中学的学生会副会长——全校最美的黑长直少女。游戏ID""Black Lotus""——加速世界最强的Burst Linker之一。亲手将春雪带入加速世界。被纯色七王追杀的原因——她斩下了初代红之王的首级。""春雪——你愿意和我一起飞到更远的地方吗？""",Kuroyukihime|黑雪姬|黒雪姫,黑发|长直|Black Lotus|副会长|最强|被追杀,暂未收录
46494,阿尔敏·阿尔雷特,进击的巨人,https://s4.anilist.co/file/anilistcdn/character/large/b46494-g7xYYuBtYPnO.png,阿尔敏·阿尔雷特是艾伦和三笠的挚友。他体格弱小但头脑聪慧过人，善于策略分析。继承了超大型巨人之力后成为帕拉迪岛的军事领袖。,Armin Arlert|阿尔敏|Armin|超大型巨人|军师,金发|蓝色眼瞳|矮小|聪慧|策略家|善良|超大型巨人|调查兵团|指挥官|巨人化|梦想看海,井上麻里奈
46496,埃尔文·史密斯,进击的巨人,https://s4.anilist.co/file/anilistcdn/character/large/b46496-Mu86MENd5wNB.png,第13代调查兵团团长，被誉为最有能力的团长。具有超越时代的远见和牺牲精神，为了人类的真相不惜付出任何代价。一手策划了夺回玛利亚之墙的作战，是调查兵团的灵魂人物。,Erwin Smith|埃尔文·史密斯|埃尔文|Erwin|团长|恶魔指挥官,金发|蓝色眼瞳|高挑|领袖魅力|战略天才|牺牲精神|调查兵团|团长|远见|人类最强指挥官,小野大辅
49631,黛拓武,加速世界,https://s4.anilist.co/file/anilistcdn/character/large/49631.jpg,"春雪从小到大的好友——剑道部的王牌。游戏ID""Cyan Pile""。同时喜欢着千百合。最初因嫉妒春雪而成为敌人后来是春雪最强有力的战友。用蓝色长枪穿刺敌人——守护他最重要的两个人。",Takumu Mayuzumi|黛拓武|Takumu,黑发|剑道|Cyan Pile|嫉妒|朋友|蓝色长枪,暂未收录
49635,仓岛千百合,加速世界,https://s4.anilist.co/file/anilistcdn/character/large/b49635-lDQ1nWr4gBRX.png,"春雪的青梅竹马——运动万能的开朗少女。被春雪和拓武同时暗恋的修罗场中心。知道加速世界后为了理解春雪而成为了Burst Linker。""Lime Bell""——用时间倒流的治愈能力守护着两个人。",Chiyuri Kurashima|仓岛千百合|Chiyuri,棕发|青梅竹马|Lime Bell|治愈|修罗场|守护,暂未收录
49637,有田春雪,加速世界,https://s4.anilist.co/file/anilistcdn/character/large/b49637-GlkoT7x40TAV.png,"校内被霸凌的矮胖少年——在虚拟世界中是最快的""Silver Crow""。被全校最美的学姐黑雪姬带入加速世界。在加速世界中他第一次感受到了真实的速度和自由。从最底层爬起来的少年在他的银色翅膀上铭刻了所有人的期望。""加速——到更快的世界去。""",Haruyuki Arita|有田春雪|Haruyuki|ハルユキ,棕发|矮胖|被霸凌|Silver Crow|银翼|加速|成长,暂未收录
50689,忠邦,男子高中生的日常,https://s4.anilist.co/file/anilistcdn/character/large/n50689-6eQzVvFsHmDI.png,"真田北高中男校的普通（？）高中生。日常就是和吉竹、秀则在河边发呆讨论各种无聊至极的哲学问题——比如""今天的内裤风好强""。偶尔会在妹妹房间里穿她的衣服被当场逮到。男高三人组中唯一的常识人——但这也意味着他被整得最惨。",Tadakuni|忠邦|タダクニ,黑发|普通|吐槽|男高|河岸边|妹妹衣服,暂未收录
50691,田畑秀则,男子高中生的日常,https://s4.anilist.co/file/anilistcdn/character/large/n50691-e9LBqPgNy6Rk.png,"真田北高中的眼镜少年——男高三人组的编剧担当。每天编各种奇怪的剧本然后拉着忠邦和吉竹即兴演出。经典场面——""今天的风儿甚是喧嚣""。文艺少女在河对面看书他在风吹草动中摆着最中二的pose。",Hidenori Tabata|田畑秀则|Hidenori,黑发|眼镜|编剧|中二|文艺|今天的风儿甚是喧嚣,暂未收录
50693,田中吉竹,男子高中生的日常,https://s4.anilist.co/file/anilistcdn/character/large/n50693-JuansDyW7i7v.png,"真田北高中金发的阳光少年。和秀则是吐槽和搞笑的黄金搭档。总是在河岸边发起各种""我们来比赛吧""然后规则全靠胡编。看似最幼稚但偶尔说出的话会让所有人陷入沉思。",Yoshitake Tanaka|田中吉竹|Yoshitake,金发|阳光|搞笑|比赛|奇思妙想,暂未收录
53563,高尾和成,黑子的篮球,https://s4.anilist.co/file/anilistcdn/character/large/b53563-6ZzDEnRCQQTR.jpg,"秀德高中的控球后卫，绿间真太郎的搭档和""鹰之眼""拥有者。能一眼看穿全场所有人位置的视野。骑一辆奇特的板车——后面坐着绿间。性格开朗随和，是绿间唯一的好朋友。",Kazunari Takao|高尾和成,黑发|控球后卫|鹰之眼|板车|开朗|绿间搭档,暂未收录
54145,一条萤,悠哉日常大王,https://s4.anilist.co/file/anilistcdn/character/large/b54145-x14HGjjIhdpi.jpg,小学五年级的转学生，从东京搬到乡下。外表成熟但内心是普通的小学生。对莲华抱有一种纯粹的仰慕——到了想要把莲华照片贴满房间的程度。手工达人，给莲华做了无数手工艺品。,Hotaru Ichijou|一条萤|Hotaru,棕发|转学生|东京|仰慕莲华|手工|小学生,暂未收录
54147,越谷夏海,悠哉日常大王,https://s4.anilist.co/file/anilistcdn/character/large/b54147-Su4AgvqzRG68.jpg,小鞠的妹妹，小学六年级的淘气包。每天恶作剧整蛊姐姐小鞠然后把锅甩给莲华。是悠哉日常中最闹腾的存在但也最接地气。每次闯祸后逃跑的速度令世界冠军汗颜。,Natsumi Koshigaya|越谷夏海,棕发|小学生|淘气|恶作剧|姐姐杀手|逃跑冠军,暂未收录
54149,越谷小鞠,悠哉日常大王,https://s4.anilist.co/file/anilistcdn/character/large/b54149-JsepdZLKa9BP.jpg,"初中二年级但身材娇小像小学生——这是她一辈子都无法释怀的痛点。每次被夸""可爱""就像被暴击。努力在学妹面前维护学姐的威严但每次都失败。养着一只名叫""小凑""的狸猫。",Komari Koshigaya|越谷小鞠|Komari,棕发|萝莉学姐|娇小|可爱|威严0|初二|狸猫,暂未收录
54151,宫内莲华,悠哉日常大王,https://s4.anilist.co/file/anilistcdn/character/large/b54151-V8Qh2l2gTxvH.jpg,"小学一年级的乡村少女。用一把笛子吹着""喵帕斯""成为ACG界的传奇。生活在偏僻到连便利店都没有的乡下——每天去学校要骑车数公里。用最纯真的视角看这个小小的世界。名言是""喵帕斯~""。",Renge Miyauchi|宫内莲华|Renge|莲华,紫发|小学生|喵帕斯|乡村|纯真|哲学|天才,暂未收录
54599,多拉公,魔笛MAGI,https://s4.anilist.co/file/anilistcdn/character/large/b54599-zg31DkdPAXQj.jpg,龙的眷属——龙人战士。被阿拉丁从迷宫释放后成为他的守护者。能够变身为龙形态战斗。外表可怕但内心对阿拉丁有着爷爷般的关怀。,Drakon|多拉公,龙人|变身|守护者|阿拉丁伙伴|战士,暂未收录
55131,折木奉太郎,冰菓,https://s4.anilist.co/file/anilistcdn/character/large/b55131-ypodHQCyHbzD.png,"神山高中古典部成员，奉行""节能主义""——不必要的事不做，必要的事尽快做。拥有极强的推理能力但极度怕麻烦。被千反田爱瑠那句""我很好奇！""拖入了无数推理事件中。灰色头发、死鱼眼的节能系高中生。",Houtarou Oreki|折木奉太郎|Oreki|节能君,棕发|死鱼眼|节能主义|推理天才|怕麻烦|古典部|低能耗|被拖进事件,中村悠一
55133,千反田爱瑠,冰菓,https://s4.anilist.co/file/anilistcdn/character/large/b55133-S7lRrP0gKXpX.png,"神山高中古典部部长，富农家的大小姐。拥有无边无际的好奇心，遇到有趣的事就会睁大紫色的大眼睛说""我很好奇！""。这句口头禅每次都会把奉太郎拖下水。但她的记忆中隐藏着关于舅舅的沉重秘密。",Eru Chitanda|千反田爱瑠|Chitanda|千反田|我很好奇,黑发|紫瞳|大小姐|好奇心|我很好奇|古典部|优雅|记忆力|八卦眼,佐藤聪美
55135,福部里志,冰菓,https://s4.anilist.co/file/anilistcdn/character/large/b55135-rSgLOX86JRSO.png,"古典部成员，自称""数据库""——拥有丰富杂学知识但不能将它们转化为结论。随身携带着不知装了什么的束口袋。性格开朗，与奉太郎是好友。口头禅是""这只是个数据库""。",Satoshi Fukube|福部里志|Fukube|数据库,棕发|数据库|杂学|开朗|束口袋|古典部|朋友,阪口大助
55137,伊原摩耶花,冰菓,https://s4.anilist.co/file/anilistcdn/character/large/b55137-PO5CLLnbTwyg.png,古典部成员，也是漫画研究会成员。性格认真火爆，对奉太郎的节能主义嗤之以鼻。暗恋福部里志。虽然个头娇小但存在感极强。,Mayaka Ibara|伊原摩耶花|Ibara|摩耶花,棕发|娇小|火爆|漫画研究会|古典部|暗恋|认真,暂未收录
55147,朝田诗乃,刀剑神域,https://s4.anilist.co/file/anilistcdn/character/large/b55147-1fCU8lONEuZQ.png,"GGO中的超一流狙击手，游戏昵称""诗音""。现实中因童年枪击事件留下心理创伤，在游戏中克服恐惧。使用PGM Ultima Ratio Hecate II反器材步枪。性格冷静沉稳，与桐人建立了深厚的信任关系。",Shino Asada|朝田诗乃|诗音|Sinon|Hecate狙击手,黑发|短发|眼镜娘|狙击手|反器材步枪|诗音|GGO|冷静|PTSD|实力派,泽城美雪
57953,藤岛麻衣子,恋爱随意链接,https://s4.anilist.co/file/anilistcdn/character/large/b57953-MGYcl3SSCRJz.png,文化研究部的顾问老师，黑发，性格温柔知性。她总是温和地守护着学生们，在奇异现象发生时给予引导和支持。她成熟可靠，是学生们信赖的对象。那份温柔之下的智慧，为迷茫的年轻人们指引了方向。,Maiko Fujishima|藤岛麻衣子|麻衣子,黑发|棕瞳|教师|温柔|成熟|观察者|可靠|知性,Shizuka Itou
60279,花,狼的孩子雨与雪,https://s4.anilist.co/file/anilistcdn/character/large/b60279-1DRIDCpJZ9SD.png,"与狼人相爱的大学生——生下两个""狼的孩子""后在爱人意外去世后独自搬到乡下抚养两个孩子。从城市女孩到田间农妇——她用双肩扛起了全部的生活。看着两个孩子一个选择了做人一个选择了做狼——""妈妈永远爱你们——不管是做人还是做狼。""",Hana|花|はな,黑发|母亲|狼人妻子|坚强|乡间|养育,Aoi Miyazaki
60281,雪,狼的孩子雨与雪,https://s4.anilist.co/file/anilistcdn/character/large/b60281-QaCr9FOcsIOQ.png,"狼人混血的姐姐——在乡下山林中选择了以狼的形态奔跑。活泼倔强的少女从小就以""野兽""的方式面对世界。在学校被同学视为异类但她学会了用人性和狼性的两面生活。最终选择了人类社会的道路。""妈妈——我决定做一个人。""",Yuki|雪|ユキ,棕发|狼人|混血|活泼|选择人类,Haru Kuroki
60283,雨,狼的孩子雨与雪,https://s4.anilist.co/file/anilistcdn/character/large/b60283-1oOCO9yq7ymy.png,"狼人混血的弟弟——从小体弱安静但在山林中找到了自己的归属。被一只老狐狸收养后选择了继承山林的守护者——完全作为狼生存下去。""妈妈——我要去山里了——替我告诉姐姐——""那个雨天的告别是全片最痛的一幕。",Ame|雨|あめ,黑发|狼人|混血|安静|选择做狼|山林,Yukito Nishii
61371,椎名真白,樱花庄的宠物女孩,https://s4.anilist.co/file/anilistcdn/character/large/b61371-rhWX0wz2DDs3.jpg,"世界级的天才画家，拥有梦幻般的金色长发和缺乏表情的精致面容。她的绘画天赋堪称顶级，作品在国际上享有盛誉。然而生活自理能力几乎为零，连穿衣服都需要别人帮忙，因此被称为""宠物女孩""。性格天然纯粹，一旦认定目标就绝不放弃。她为了画漫画而来到樱花庄，在那里找到了想要画下去的梦想和动力。",Mashiro Shiina|真白|椎名真白,金色长发|粉瞳|天才画家|天然呆|无自理能力|三无少女|执着|世界级,Ai Kayano
62939,西住美穗,少女与战车,https://s4.anilist.co/file/anilistcdn/character/large/b62939-WXOAXdfAhHrF.png,"大洗女子学园战车道队长——曾经因在比赛中弃车救人而被家人和战车道界唾弃。转学后被朋友拉回了坦克里。从Pz.Kpfw.IV到虎式——她指挥着这个全是门外汉的队伍一路打进了全国大赛。""我不再逃了——这次我要和我的朋友们一起赢。""",Miho Nishizumi|西住美穗|Miho,棕发|战车道|队长|不再逃|指挥|温柔,Mai Fuchigami
62941,武部沙织,少女与战车,https://s4.anilist.co/file/anilistcdn/character/large/b62941-zuJumccZ2I1q.png,美穗的同班同学——加入战车道是为了找男朋友。负责通信的她总能在最危急的时刻联系上队长。性格开朗的少女证明了坦克里面也能找到最美的友情。,Saori Takebe|武部沙织|Saori,棕发|通信|开朗|找男友,Ai Kayano
62945,秋山优花里,少女与战车,https://s4.anilist.co/file/anilistcdn/character/large/b62945-X9Y608pYoTZK.png,"战车道的狂热军事宅——对坦克的一切了如指掌。加入战车道后终于可以名正言顺地穿上德军军服。战斗时的狂热和日常时的反差萌是全队的最大笑点。""角度！速度！距离！""——她闭着眼睛都能算出弹道。",Yukari Akiyama|秋山优花里|Yukari,黑发|军事宅|坦克|军服|狂热|反差萌,Ikumi Nakagami
63845,雾切响子,弹丸论破,https://s4.anilist.co/file/anilistcdn/character/large/b63845-43rWjycWhYFF.png,超高校级的？？？——失去记忆的紫发侦探少女。戴着黑色手套隐藏烧伤的双手。在学级裁判中一次次用冷静的推理揭穿真相。她的真实身份是超高校级的侦探——是苗木最信任的搭档。我追寻的只有真相。,Kyouko Kirigiri|雾切响子|Kirigiri,紫发|侦探|手套|失忆|冷静|推理|苗木搭档,日笠阳子
63851,苗木诚,弹丸论破,https://s4.anilist.co/file/anilistcdn/character/large/b63851-PnzyOWEPVPHD.jpg,希望之峰学园的超高校级幸运——通过抽签入学的普通少年。被关入封闭的学园参加黑白熊的互相残杀游戏。在所有天才之中他唯一的武器是相信同伴的信念。这个世界不需要绝望——我相信希望。,Makoto Naegi|苗木诚|Naegi,棕发|超高校级幸运|普通|希望|信念|学级裁判,绪方惠美
64165,上井草美咲,樱花庄的宠物女孩,https://s4.anilist.co/file/anilistcdn/character/large/b64165-vQLqcAuaxxtA.png,樱花庄的住宿生，天才动画制作人，性格如同暴走列车般元气十足。一头橙色的头发，永远精力充沛，说话像机关枪一样停不下来。她的动画作品屡获大奖，才华横溢。对某位青梅竹马的追求更是轰轰烈烈，毫不掩饰自己的感情。虽然常常做出让人目瞪口呆的举动，却是樱花庄不可或缺的开心果和原动力。,Misaki Kamiigusa|美咲|上井草美咲,橙发|棕瞳|动画制作|天才|元气|暴走|话痨|行动派,Natsumi Takamori
64167,青山七海,樱花庄的宠物女孩,https://s4.anilist.co/file/anilistcdn/character/large/b64167-qMxw0Sijwc18.png,樱花庄的住宿生，目标是成为声优。一头栗色的短发，性格认真努力，为了声优的梦想一边打工一边上课。她是个不折不扣的努力家，总是拼尽全力，即使疲惫也不愿示弱。口音里带着一点关西腔，生气时很可爱。她对梦想的执着和不服输的精神，感染着身边的每一个人。是个让人想为她加油的少女。,Nanami Aoyama|七海|青山七海,栗色短发|绿瞳|声优志愿|努力家|认真|打工狂|逞强|可爱,Mari Nakatsu
64169,神田空太,樱花庄的宠物女孩,https://s4.anilist.co/file/anilistcdn/character/large/b64169-0VDQyhn3Mbod.png,"樱花庄的住宿生，因为无法饲养捡来的猫而被""流放""到樱花庄的普通高中生。立志成为游戏制作人，每天为此努力。他性格温柔善良，是那种会为了照顾别人而忙前忙后的类型。虽然没有过人的天赋，却有着不服输的韧性。在与樱花庄众多""怪人""的相处中，他不断成长，寻找着自己真正想做的事。",Sorata Kanda|空太|神田空太,黑发|黑瞳|普通少年|努力家|游戏制作|养猫|温柔|不放弃,Yoshitsugu Matsuoka
64171,三鹰仁,樱花庄的宠物女孩,https://s4.anilist.co/file/anilistcdn/character/large/b64171-CYe9bECaozKC.png,"樱花庄的住宿生，立志成为编剧。长相帅气，气质成熟，是樱花庄里最""正常""却也最复杂的一个人。他与某位暴走少女是青梅竹马，两人之间有着剪不断理还乱的情感。表面上是个游刃有余的花花公子，实则内心清醒而克制，为了配得上重要的人而暗自努力。他的剧本才华出众，是樱花庄可靠的存在。",Jin Mitaka|三鹰仁|仁,棕发|绿瞳|编剧|花花公子|成熟|温柔|剧本创作|青梅竹马,Takahiro Sakurai
64173,赤坂龙之介,樱花庄的宠物女孩,https://s4.anilist.co/file/anilistcdn/character/large/b64173-2h1j3L3y9qHI.jpg,"樱花庄的住宿生，天才程序员，开发的AI程序""女仆酱""极为出色。因患有严重的女性恐惧症而足不出户，整天躲在房间里对着电脑。性格毒舌，对现实世界的人际交往避之不及。他的才华得到诸多企业的认可，却坚持不离开樱花庄。虽然嘴上刻薄，内心却是个温柔的人，用自己的方式关心着大家。",Ryuunosuke Akasaka|龙之介|赤坂龙之介,黑发|红瞳|程序天才|家里蹲|女性恐惧症|毒舌|AI开发|自闭,Yui Horie
64591,伊佐那社,K,https://s4.anilist.co/file/anilistcdn/character/large/b64591-8wPvsPK3hzOw.png,"外表温和悠闲的少年，被称为""小白""。他失去了一部分记忆，却因一起事件被卷入巨大的风波。他性格温柔，总是挂着一副无忧无虑的笑容。然而他的真实身份，是掌管""白银""的王。那份温柔之下的神秘与强大，随着故事的推进逐渐揭晓。",Yashiro Isana|伊佐那社|小白,白色头发|绿瞳|白银之王|温柔|神秘|失忆|悠闲|王,Daisuke Namikawa
64595,猫,K,https://s4.anilist.co/file/anilistcdn/character/large/64595.jpg,"拥有猫一般气质的少女，自称""猫""。她拥有异色瞳和粉色的长发，行为举止如同猫咪般天真随性。她拥有操纵幻觉的异能，能够扰乱他人的认知。她对某个白发少年极度依赖，总是黏在对方身边。那份猫系少女的可爱与纯粹，是故事中一抹明亮的色彩。",Neko|猫|娜可,粉色长发|异色瞳|异能者|猫系|天真|吃货|粘人|幻术,Mikako Komatsu
64597,周防尊,K,https://s4.anilist.co/file/anilistcdn/character/large/b64597-ca6IDjwKbOkZ.png,"掌管""赤""的王，红发红瞳，气场强大。他拥有操纵火焰的恐怖力量，是令人敬畏的存在。他性格慵懒，看似对一切漠不关心，实则重情重义，守护着自己的同伴。他的力量过于强大，甚至威胁到自身。那份慵懒之下的霸烈与孤独，令人着迷又心疼。",Mikoto Suoh|周防尊|尊,红发|红瞳|赤之王|强大|慵懒|火焰|霸气|危险,Kenjirou Tsuda
64599,夜刀神狗朗,K,https://s4.anilist.co/file/anilistcdn/character/large/b64599-VxC3Xua4HSQ0.png,"性格认真忠义的剑士，被称为""黑""。他出身武士世家，重义守礼，剑术高超。他奉行着严格的武士道精神，对认定的主人忠心耿耿。他原本以斩除邪恶为己任，却因一次相遇而改变。那份正直与忠诚，是他最鲜明的特质。",Kuroh Yatogami|夜刀神狗朗|黑,黑发|黑瞳|黑之王臣属|剑士|忠义|认真|武士道|守护,Daisuke Ono
64621,伏见猿比古,K,https://s4.anilist.co/file/anilistcdn/character/large/b64621-mC3KL5Bpqb2M.png,青组的成员，蓝发蓝瞳的天才。他性格冰冷，说话毒舌，总是带着嘲讽的语气。他拥有出色的能力，却对一切抱着漠然的态度。他曾经属于赤组，后来转投青组，与赤组的某位成员有着剪不断理还乱的复杂关系。那份冰冷之下的叛逆与孤独，令人着迷。,Saruhiko Fushimi|伏见猿比古|伏见,蓝发|蓝瞳|青组成员|天才|毒舌|冰冷|复杂|叛逆,Mamoru Miyano
64627,栉名安娜,K,https://s4.anilist.co/file/anilistcdn/character/large/64627.jpg,"赤组的少女成员，白发红瞳，总是一身哥特风的打扮。她沉默寡言，拥有超越常人的感知能力，能够通过""红色""看到事物的本质。她是赤组的精神寄托，备受同伴们的珍视。那份安静之下的神秘与温柔，使她成为赤组不可或缺的存在。",Anna Kushina|栉名安娜|安娜,白发|红瞳|赤组成员|沉默|感知|哥特萝莉|神秘|温柔,Yui Horie
64631,八田美咲,K,https://s4.anilist.co/file/anilistcdn/character/large/b64631-wUzOdn7rPI6R.png,赤组的成员，性格热血冲动，骑着一块滑板在街头飞驰。他重义气，对赤组和伙伴们忠心耿耿。他擅长近身战斗，虽然个子不高，却爆发力十足。他常常因冲动而惹上麻烦，却也因这份热血而令人喜爱。那份少年般的率真与义气，是赤组最鲜明的色彩之一。,Misaki Yata|八田美咲|美咲,棕发|棕瞳|赤组成员|热血|滑板|冲动|忠诚|义气,Jun Fukuyama
64661,八重樫莉奈,恋爱随意链接,https://s4.anilist.co/file/anilistcdn/character/large/b64661-V0IqFm14iPgU.png,某位少年的妹妹，黑发，性格活泼直率。她可爱懂事，对家人充满关心。她虽然年纪小，却敏锐地察觉到了哥哥的变化。那份纯真之下的关心，是家人间最温暖的牵绊。,Rina Yaegashi|八重樫莉奈|莉奈,黑发|棕瞳|妹妹|可爱|直率|家人|活泼|关心,Asuka Oogame
64769,日向翔阳,排球少年,https://s4.anilist.co/file/anilistcdn/character/large/b64769-WoWlCMLLgJ14.png,"乌野高中排球部的""小巨人""——虽然身高只有162cm但拥有惊人的弹跳力。在初中的最后一场比赛中被影山彻底击败后发誓要超越他，结果两人进了同一所高中。以野性的速度和跳跃弥补身高不足，是最强的""最強の囮""。",Shouyou Hinata|日向翔阳|Hinata|小不点,橙发|162cm|弹跳力|小巨人|快攻|囮役|元气|不服输,村濑步
64771,影山飞雄,排球少年,https://s4.anilist.co/file/anilistcdn/character/large/b64771-BuCVs7B8bBdh.png,"乌野高中排球部的天才二传手，被称为""球场上的王者""——但是个暴君。拥有精准到毫米的托球技术和极高的排球智商。过去因独裁式打法被队友孤立，在与日向相遇后学会了信任队友。是日向最强的搭档和最大的对手。",Tobio Kageyama|影山飞雄|Kageyama|王者,黑发|二传手|天才|暴君|精准托球|王者|成长|日向搭档,石川界人
65257,五河士道,约会大作战,https://s4.anilist.co/file/anilistcdn/character/large/b65257-fBaWJ3ymyE5m.png,普通的高中生，却拥有通过与精灵接吻来封印她们力量的奇异能力。性格温柔体贴，永远把他人放在第一位，愿意为拯救精灵们不惜付出一切。虽然一开始只是个平凡的少年，但在一次次与精灵的相遇中逐渐成长为值得信赖的存在。擅长料理，厨艺精湛。他的温柔是化解精灵们伤痛、将她们引向人类世界的钥匙。,Shidou Itsuka|士道|五河士道,蓝发|蓝瞳|温柔|攻略精灵|封印之力|老好人|厨艺好|决断力,Nobunaga Shimazaki
65259,夜刀神十香,约会大作战,https://s4.anilist.co/file/anilistcdn/character/large/b65259-rKR5JNNWyRC0.jpg,"被称作""公主""的精灵，拥有操纵""剑之天使""鏖杀公的强大力量。一头紫色的长发和紫水晶般的眼眸，容貌绝美。最初对人类世界充满敌意，直到遇见了那个给她起名的人。性格天然纯真，对喜欢的事物十分执着，尤其贪吃，最爱吃黄豆粉面包。她的情感纯粹而直接，喜怒哀乐都写在脸上，是众多精灵中最坦率的一个。",Tooka Yatogami|十香|夜刀神十香,紫色长发|紫瞳|精灵|剑之天使|天然呆|贪吃|力量强大|纯真,Marina Inoue
65261,鸢一折纸,约会大作战,https://s4.anilist.co/file/anilistcdn/character/large/b65261-VebXn2wCS8K8.png,对精灵作战部队AST的王牌成员，拥有白色短发和近乎无表情的冷静面容。最初对精灵抱有深仇大恨，是彻头彻尾的精灵猎人。性格固执，认定目标就不计代价，甚至不惜以身犯险。随着故事发展，她隐藏的过去与真相逐渐揭开。她的冷硬外壳之下，是一颗被仇恨与执念反复灼烧、却依然渴望被拯救的心。,Origami Tobiichi|折纸|鸢一折纸,白色短发|蓝瞳|精灵|无表情|冷酷|对精灵部队|固执|战斗力强,Misuzu Togashi
65263,五河琴里,约会大作战,https://s4.anilist.co/file/anilistcdn/character/large/b65263-SsnYAtOtAiDK.png,"某位少年的义妹，同时是精灵""炎魔""和精灵攻略组织""拉塔托斯克""的司令官。拥有火红色的双马尾和赤红的眼眸。性格会随着头上的缎带切换：白色缎带时是天真粘人的妹妹，黑色缎带时则变成毒舌强势的司令官。操纵火之天使""灼烂歼鬼""战斗。她傲娇又爱逞强，实际上对哥哥无比信赖与依赖。",Kotori Itsuka|琴里|五河琴里,红色双马尾|红瞳|精灵|火之天使|司令官|傲娇|义妹|黑白缎带,Ayana Taketatsu
65523,江之岛盾子,弹丸论破,https://s4.anilist.co/file/anilistcdn/character/large/b65523-OztiX9PhydrG.png,超高校级的辣妹——时尚杂志的封面模特。但这也是她无数个超高校级身份中的一个。真正的她是超高校级的绝望——一切事件的幕后黑手。用最甜美的笑容散布最纯粹的绝望。绝望是最棒的——你不觉得吗？,Junko Enoshima|江之岛盾子|Junko,金发|辣妹|超高校级绝望|幕后黑手|扮演|疯狂|黑白熊操控者,丰口惠美
65525,塞蕾丝缇雅·罗登贝克,弹丸论破,https://s4.anilist.co/file/anilistcdn/character/large/b65525-BoB482T3oEoN.jpg,超高校级的赌徒——穿着哥特萝莉装的名门赌徒。从没输过任何一场赌博。在学级裁判中伪装出最无辜的外表策划了最冷血的谋杀。她的谎言和演技无人能看穿。我的名字是塞蕾丝缇雅——请用这个名字称呼我。,Celestia Ludenberg|塞蕾丝缇雅|セレス,黑发|哥特萝莉|赌徒|骗子|演技|冷酷|双马尾,椎名碧流
65529,腐川冬子,弹丸论破,https://s4.anilist.co/file/anilistcdn/character/large/b65529-oy5acbdyUy4r.jpg,超高校级的文学少女——以忧郁的恋爱小说闻名。但患有双重人格障碍——打喷嚏后会切换成杀人鬼灭族者翔。用剪刀和极端暴力解决一切问题。对十神白夜有着病态的迷恋。十神大人——请让我做您的奴隶！,Touko Fukawa|腐川冬子|Touko,黑发|文学少女|双重人格|灭族者翔|剪刀|病娇|十神脑残粉,泽城美雪
65531,朝日奈葵,弹丸论破,https://s4.anilist.co/file/anilistcdn/character/large/b65531-zem6Bi2RRK2Q.jpg,超高校级的游泳选手——元气满满的运动少女。最爱甜甜圈。在残酷的残杀游戏中依然保持着一颗善良的心。对同伴的信任是所有人中最坚定的。我相信大家——谁都不会做出那种事的！,Aoi Asahina|朝日奈葵|Asahina,棕发|游泳|元气|甜甜圈|善良|相信同伴,斋藤千和
65539,大和田纹土,弹丸论破,https://s4.anilist.co/file/anilistcdn/character/large/b65539-zX1oS4BXtgma.jpg,超高校级的暴走族——日本最大暴走族的总长。用拳头和气势说话的硬汉。但在他坚硬的外表下隐藏着对兄弟的极度重视。为了一句承诺可以付出一切——包括自己的生命。男子汉的承诺——死也要守住。,Mondo Oowada|大和田纹土|Mondo,棕发|暴走族|总长|硬汉|兄弟情|承诺,中井和哉
65541,十神白夜,弹丸论破,https://s4.anilist.co/file/anilistcdn/character/large/b65541-Nha4B0vJIkFA.png,超高校级的贵公子——十神财阀的继承人。金发眼镜的高傲天才。在学级裁判中把所有人当成棋子操控。但他的傲慢是为了测试谁才配和他一起活下去。废物没有存活资格——这就是这个世界的真理。,Byakuya Togami|十神白夜|Togami,金发|眼镜|贵公子|傲慢|财阀|推理|冷酷,石田彰
65643,杀老师,暗杀教室,https://s4.anilist.co/file/anilistcdn/character/large/b65643-jimrOw0RGtoB.png,"椚丘中学三年E班的班主任——同时也是炸掉了月球的超生物。以20马赫的速度移动。给学生一年时间暗杀他——成功者可获100亿日元。而在这一年中他用最温暖的""暗杀教学""改变了每个学生的命运。章鱼头、黄色皮肤、永远的微笑。""为师的最后一课——请你们笑着送我走。""",Koro-sensei|杀老师|殺せんせー,黄色|章鱼|20马赫|超生物|班主任|暗杀|100亿|最温暖的老师,福山润
65645,潮田渚,暗杀教室,https://s4.anilist.co/file/anilistcdn/character/large/b65645-nWH4mBMW5lYw.png,"三年E班最不起眼的蓝发少年——但天生拥有职业暗杀者的才能。""对人暗杀""的杀气能让杀老师都感到恐惧。记录所有关于杀老师的弱点——是最有可能成功完成暗杀的学生。对自己的性别认同有微妙的困惑。",Nagisa Shiota|潮田渚|Nagisa,蓝发|双马尾|暗杀天赋|杀意|记录|性别困惑|E班王牌,暂未收录
65863,富樫勇太,中二病也要谈恋爱,https://s4.anilist.co/file/anilistcdn/character/large/b65863-blMgFqD1EnPs.png,"前中二病患者的普通高中生，初中时的黑历史是自称""Dark Flame Master""。转学到一个没人认识的地方洗清过去却被六花发现了他的中二病黑历史。虽然试图过普通生活但被六花拖回了中二世界。",Yuuta Togashi|富樫勇太|Yuuta|Dark Flame Master,棕发|前中二病|Dark Flame Master|黑历史|被拖下水|吐槽|六花照顾者,福山润
65865,小鸟游六花,中二病也要谈恋爱,https://s4.anilist.co/file/anilistcdn/character/large/b65865-AC0ru7cDXUgK.png,"自称""邪王真眼""的现役中二病少女。右眼戴着眼罩，左手缠着绷带（全是假的）。在车站天台上做着各种中二病pose时遇到了""前中二病""勇太。相信在""不可视境界线""的另一端能找到父亲。从中二病开始了一段笨拙又甜蜜的初恋。",Rikka Takanashi|小鸟游六花|Rikka|六花|邪王真眼,黑发|眼罩|邪王真眼|中二病|呆毛|绷带|少女|寻找父亲|初恋|想象力丰富,内田真礼
65871,丹生谷森夏,中二病也要谈恋爱,https://s4.anilist.co/file/anilistcdn/character/large/b65871-yuJ1aq2vynvC.png,"勇太的同班同学，现充大小姐——实则也是前中二病患者。初中时自创了""Mori Summer""的魔法少女人设在网上至今流传。极度恐惧自己的黑历史曝光，为此与知道秘密的凸守早苗长期斗智斗勇。",Shinka Nibutani|丹生谷森夏|Nibutani|Mori Summer,棕发|大小姐|前中二病|Mori Summer|黑历史恐惧|现充|傲娇,赤崎千夏
66171,堀京子,堀与宫村,https://s4.anilist.co/file/anilistcdn/character/large/b66171-o2vk3689wWFK.png,"在学校是完美的优等生美人——在家里是穿家居服照顾弟弟的不修边幅姐姐。被宫村发现了她的双重生活后两人的关系开始改变。她喜欢宫村戴耳钉穿唇钉的""校外模式""。甜到炸裂的校园恋爱天花板。",Kyouko Hori|堀京子|Hori|堀,棕发|优等生|双面生活|姐代母职|温柔|恋爱|家事万能,户松遥
66173,宫村伊澄,堀与宫村,https://s4.anilist.co/file/anilistcdn/character/large/b66173-g8eU1LGWPB8O.png,"在学校是阴郁的长袖长裤眼镜男——在校外是全身穿环的帅气不良美少年。被堀发现他的""校外模式""后开始帮堀照顾弟弟并渐渐融入了堀的生活。温柔体贴到犯规的完美男友。和堀的日常甜到让人想去打胰岛素。",Izumi Miyamura|宫村伊澄|Miyamura|宫村,黑发|双面生活|穿环|美少年|温柔|完美男友|反差|甜,内山昂辉
66573,不二咲千寻,弹丸论破,https://s4.anilist.co/file/anilistcdn/character/large/b66573-a2VZm5cfacP5.png,超高校级的程序员——创造了人工智能Alter Ego的天才少年。因为极度自卑总是低头不敢看人。他的死是整个弹丸论破最令人心碎的一幕——我只想变得更强——强到不再被人欺负。,Chihiro Fujisaki|不二咲千寻|Chihiro,棕发|程序员|自卑|Alter Ego|天才|柔弱,宫田幸季
67065,比企谷八幡,我的青春恋爱物语果然有问题,https://s4.anilist.co/file/anilistcdn/character/large/b67065-Dhec6tE2yWA9.png,"总武高中的二年级学生，生性孤僻、毒舌，以""自虐式牺牲""的方式解决问题。拥有一双标志性的死鱼眼，对青春和人际交往充满鄙夷，却在侍奉部的活动中一次次帮助他人。思维敏锐，总能看穿事物的本质，却常常用伤害自己的方式去成全别人。他的座右铭是""青春是谎言，是罪恶""，但内心深处比任何人都渴望被理解。",Hachiman Hikigaya|大老师|八幡|比企谷八幡,黑发|黑瞳|死鱼眼|毒舌|孤僻|侍奉部成员|洞察力强|自虐式思维|高二学生,Takuya Eguchi
67067,雪之下雪乃,我的青春恋爱物语果然有问题,https://s4.anilist.co/file/anilistcdn/character/large/b67067-gqhgjlni0Bcf.png,"侍奉部的部长，成绩常年名列前茅的完美少女。拥有乌黑的长发和冰蓝色的眼眸，气质清冷、言辞犀利。她坚信""人只要努力就能改变自己""，对世间的不公平有着强烈的执念。看似无所不能，却极度不擅长依赖他人，内心脆弱而孤独。做事追求完美，不容许半点妥协，这份认真既是她的骄傲，也是她的枷锁。",Yukino Yukinoshita|雪乃|雪之下雪乃,黑长直|蓝瞳|冰山美人|完美主义|侍奉部部长|成绩优异|毒舌|不擅长交际|家境优渥,Saori Hayami
67069,由比滨结衣,我的青春恋爱物语果然有问题,https://s4.anilist.co/file/anilistcdn/character/large/b67069-6B3xnHfJUO0F.png,"侍奉部的成员，性格活泼开朗、温柔体贴的少女。拥有一头粉色的长发和甜美的笑容，是班级里人气很高的类型。她擅长察言观色，总是小心翼翼地维护着周围的气氛，为了融入集体有时会勉强自己。看似天然，实则心思细腻。料理水平惨不忍睹，做出来的曲奇堪称""生化武器""，却依然乐此不疲地尝试。",Yui Yuigahama|结衣|由比滨结衣,粉色长发|粉瞳|活泼开朗|温柔体贴|侍奉部成员|善于察言观色|小恶魔|料理白痴,Nao Touyama
67213,五月七日小茴香,中二病也要谈恋爱,https://s4.anilist.co/file/anilistcdn/character/large/b67213-ullAaqYtUG1N.png,比勇太高一年级的学姐，六花的社团成员。有随时随地睡着——甚至站着也能睡的特异体质。性格悠哉随和，是社团中最年长的存在却最没有存在感。抱枕和枕头是她的随身物品。,Kumin Tsuyuri|五月七日小茴香|Kumin|睡觉学姐,棕发|随时随地睡着|枕头|学姐|悠哉|社团成员|嗜睡症,暂未收录
67215,凸守早苗,中二病也要谈恋爱,https://s4.anilist.co/file/anilistcdn/character/large/b67215-J87mEugyhVRO.png,"六花的中二病徒弟，自称六花的""servant""。把长长的双马尾当成传说中的武器""Mighty Blow Hammer""挥舞。性格活泼过头的中二病少女，与学姐丹生谷森夏是死对头。",Sanae Dekomori|凸守早苗|Dekomori|デコもり,金发|双马尾|中二病|六花仆人|Mighty Blow|锤子|活泼|死对头,上坂堇
67689,清水洁子,排球少年,https://s4.anilist.co/file/anilistcdn/character/large/b67689-QaYw1qDMjwKM.png,乌野高中排球部的经理，黑长直眼镜美人。外表冷淡但对球队充满关心。是所有队员暗恋和尊敬的对象（虽然她本人根本不在意）。田中学长每次见到她都会过分激动。,Kiyoko Shimizu|清水洁子,黑发|眼镜|经理|冷淡|美人|乌野,暂未收录
68315,狡啮慎也,心理测量者,https://s4.anilist.co/file/anilistcdn/character/large/b68315-f9RBjyJCoj95.jpg,原执行官的犯罪系数超过者。曾经是最优秀的监视官，因强行追查真凶槙岛圣护而被系统降为执行官。拥有野兽般的直觉和格斗能力。与槙岛的宿命对决是整个第一部的核心。深爱白薯和咖啡。,Shinya Kougami|狡啮慎也|Kougami|狡啮,黑发|执行官|野兽|复仇|槙岛宿敌|咖啡|运动万能|强袭,关智一
68583,常守朱,心理测量者,https://s4.anilist.co/file/anilistcdn/character/large/b68583-sEP2wyE2Tk7a.png,刚毕业就被分配到公安局刑事课的年轻监视官。在西比拉系统统治的世界里监督执行官们。最初的天真理想在一次次案件中受到冲击但她没有像前辈那样黑化——而是选择从内部改变这个腐朽的系统。刑事课唯一的良心。,Akane Tsunemori|常守朱|Akane|朱,棕发|监视官|刑事课|理想主义|坚韧|不黑化|正义|西比拉系统,花泽香菜
69063,唐之杜志恩,心理测量者,https://s4.anilist.co/file/anilistcdn/character/large/b69063-NzXNgrLJgiwr.png,公安刑事课的分析官，负责各种数据的解析和情报支持。身材火辣但同时也是个百合倾向的女同性恋。性格洒脱不羁，与同事六合冢弥生是一对恋人。在系统监控一切的世界里保持了难得的人情味。,Shion Karanomori|唐之杜志恩,金发|分析官|百合|洒脱|情报|刑事课,暂未收录
69405,渡边良太,四月是你的谎言,https://s4.anilist.co/file/anilistcdn/character/large/69405-IpsjziJkHrHj.png,有马公生和泽部椿的好友，足球部的明星球员。性格阳光开朗，是四人组中的气氛活跃者。对宫园薰抱有好感，总是试图追求她。虽然看起来大大咧咧但非常关心身边的朋友。,Ryouta Watari|渡边良太|Watari|渡边,棕发|足球|阳光|开朗|薰追求者|好友|气氛担当|运动员,逢坂良太
69407,有马公生,四月是你的谎言,https://s4.anilist.co/file/anilistcdn/character/large/b69407-eyIvpsFPeARS.png,"被称为""人体节拍器""的天才钢琴少年，从小在母亲严苛的指导下获奖无数。母亲去世后因心理创伤失去了听到自己钢琴声的能力。直到遇见了自由奔放的小提琴手宫园薰，她教会了他——音乐不是用来取悦别人的，是用来传达心意的。",Kousei Arima|有马公生|Kousei|人体节拍器,黑发|眼镜|钢琴天才|人体节拍器|听力丧失|心理创伤|母亲去世|古典音乐|温柔,花江夏树
69409,泽部椿,四月是你的谎言,https://s4.anilist.co/file/anilistcdn/character/large/69409-lq7MFPFTwmBu.png,有马公生的青梅竹马和邻居。足球少女，性格热血直率。从小就陪伴在公生身边，暗恋他多年却不敢表白。对音乐并无特殊感情，但对公生的钢琴生涯给予了最朴实的支持。在薰出现后被迫直面自己的感情。,Tsubaki Sawabe|泽部椿|Tsubaki|青梅竹马,棕发|运动少女|青梅竹马|足球|暗恋|热血|直率|邻居|公生支柱,佐仓绫音
69411,宫园薰,四月是你的谎言,https://s4.anilist.co/file/anilistcdn/character/large/b69411-lxM0FRvWHqlv.png,"自由奔放的小提琴少女，以充满感情的演奏风格著称。在樱花飞舞的四月遇见了有马公生，改变了彼此的人生。表面上活泼开朗但背负着重病的秘密。她用生命最后的时光教会了公生爱的含义。名言是""你驻足于春色之中""。",Kaori Miyazono|宫园薰|Kaori|四月的小提琴手,金发|蓝色眼瞳|小提琴|自由奔放|重病|乐观|活出精彩|四月|樱花|谎言|天使,种田梨沙
69725,槙岛圣护,心理测量者,https://s4.anilist.co/file/anilistcdn/character/large/n69725-Seck1SZfwQiR.jpg,犯罪系数为0的完美罪犯——西比拉系统无法检测他的恶意。白发的哲学家杀手，热爱纸质书、古典音乐和被遗忘的艺术。他的目的并非简单的犯罪而是想要撬动这个被系统支配的世界。狡啮慎也一生的宿敌。,Shougo Makishima|槙岛圣护|Makishima|白毛死神,白发|0犯罪系数|完美罪犯|哲学家|纸质书恋|古典音乐|狡啮宿敌|优雅|冷血,樱井孝宏
70069,时崎狂三,约会大作战,https://s4.anilist.co/file/anilistcdn/character/large/b70069-DEV7X6o2L7oG.jpg,"被称为""最恶的精灵""的存在，拥有操纵时间的""时之天使""刻刻帝。标志性的黑色双马尾与红金异色瞳，穿着哥特风洋装，宛如人偶般美丽。她的左眼是一枚时钟，通过吞噬他人的时间来驱动能力。性格邪气而危险，说话带着魅惑的语调，自称为了某个目的不惜沾染血腥。她既是令人恐惧的灾厄，也藏着不为人知的悲愿。",Kurumi Tokisaki|狂三|时崎狂三,黑色双马尾|异色瞳|精灵|时之天使|哥特萝莉|邪气|病娇|时间操控,Asami Sanada
70295,幸田香子,三月的狮子,https://s4.anilist.co/file/anilistcdn/character/large/b70295-ohnNsotn2FDf.png,零的义姐，幸田家的长女。对零有着复杂的感情——既有因零而失去父亲关注的怨恨又有无法言说的依赖。性格偏执激烈，是故事中一个令人心碎的角色。,Ayumu Kouda|幸田香子,黑发|义姐|偏执|复杂情感|怨恨|依赖,暂未收录
70603,四糸乃,约会大作战,https://s4.anilist.co/file/anilistcdn/character/large/b70603-7IKQbX4JZBIT.png,"外表如洋娃娃般可爱的精灵，拥有操纵冰雪的""冰之天使""冰结傀儡。一头蓝色的长发，性格极度胆小害羞，说话细声细语。身边总带着一个名为""四糸奈""的手偶，把想说的话通过手偶表达出来。她害怕与人交流，却渴望温暖。看似柔弱，却拥有足以冻结一切的强大灵力。是个让人忍不住想要保护的治愈系少女。",Yoshino|四糸乃|四糸乃,蓝色长发|蓝瞳|精灵|冰之天使|胆小|柔弱|布偶|治愈系,Iori Nomizu
70733,真奥贞夫,打工吧魔王大人,https://s4.anilist.co/file/anilistcdn/character/large/b70733-d564H7iUj7Y2.png,"安特·伊苏拉——魔王撒旦。在勇者手中逃到日本后失去魔力变成了快餐店员工。社畜中的社畜——每天赶着末班车打工补贴家用。站在柜台后面大喊""欢迎光临——麦当劳！""的前魔王是日本动画最荒谬也最可爱的画面。",,,Ryouta Oosaka
70735,游佐惠美,打工吧魔王大人,https://s4.anilist.co/file/anilistcdn/character/large/b70735-DmmbHRLKpS0E.png,"安特·伊苏拉的勇者艾米莉亚——追着魔王来到日本当起了呼叫中心客服。每天和魔王在同一个城市过着普通的打工生活。从宿敌到邻居——""为什么你这个魔王住的地方比我还便宜！""",,,Youko Hikasa
71121,韩吉·佐耶,进击的巨人,https://s4.anilist.co/file/anilistcdn/character/large/b71121-7R7CnQd3lHgt.png,调查兵团分队长，后来成为第14代调查兵团团长。对巨人有近乎狂热的科研兴趣，性格古怪但极有才华。研究出多种对抗巨人的战术和武器，是调查兵团不可或缺的智囊。,Hange Zoe|韩吉·佐耶|韩吉|Hange|科学狂人,棕发|棕色眼瞳|科学狂人|巨人爱好者|调查兵团|团长|眼镜|怪人|智囊|性别模糊,朴璐美
71267,孤爪研磨,排球少年,https://s4.anilist.co/file/anilistcdn/character/large/b71267-q44J2MXMinXD.jpg,音驹高中的二传手，黑尾的铁杆搭档。外表懒散对任何事都提不起劲但实际上是音驹的大脑——拥有惊人的分析能力能看穿对手的所有习惯。喜欢打游戏熬夜导致常年黑眼圈。与日向的那场宿命对决是整部作品的经典。,Kenma Kozume|孤爪研磨|Kenma|研磨,黑发|猫瞳|二传手|分析|懒散|游戏宅|黑眼圈|音驹大脑,暂未收录
71479,尤弥尔,进击的巨人,https://s4.anilist.co/file/anilistcdn/character/large/b71479-huCD908XIdqv.png,尤弥尔是远古时期第一个获得巨人之力的人。她的故事贯穿整个进击的巨人世界，是所有巨人的起源。,Ymir|尤弥尔|始祖尤弥尔|鄂之巨人,黑发|棕色眼瞳|雀斑|傲娇|忠诚|始祖巨人|鄂之巨人|巨人化|流浪儿|千年诅咒|芙莉妲附身,藤田咲
72903,尤金,刀剑神域,https://s4.anilist.co/file/anilistcdn/character/large/b72903-sydZD4sXrDTw.png,ALO中火精灵族的将军，全种族最强玩家之一。使用传说级武器魔剑格拉姆，在ALO中拥有极高的声望和战斗力。外表粗犷但重情重义，在战斗和谈判中展现了领袖风范。,Eugene|尤金|火精灵将军,赤发|将军|火精灵|魔剑格拉姆|最强玩家|ALO|领袖|重情义|粗犷,三宅健太
73507,丽塔·艾因斯沃斯,樱花庄的宠物女孩,https://s4.anilist.co/file/anilistcdn/character/large/b73507-GAtBQ12TSAO6.png,来自英国的少女，同样是一位才华横溢的天才画家。拥有一头金发和开朗外向的性格。她与某位世界级画家是旧识，两人的关系亦敌亦友。性格活泼健谈，与沉默寡言的那位形成鲜明对比。她对自己曾经伤害过的人心存愧疚，也因此而成长。是个外表光鲜、内心细腻的角色。,Rita Ainsworth|丽塔|艾因斯沃斯,金色长发|绿瞳|天才画家|开朗|欧洲人|绘画|活泼|金发碧眼,Ayako Kawasumi
73935,埼玉,一拳超人,https://s4.anilist.co/file/anilistcdn/character/large/b73935-ON5d0mAcrItd.jpg,"兴趣使然的英雄，称号""秃头披风侠""。经过三年每天100个俯卧撑+100个仰卧起坐+100个深蹲+10km长跑后获得了无敌的力量，任何敌人都能一拳解决。但因为太强而陷入了深深的空虚和无聊。平时最大的烦恼是超市打折和不断变秃。",Saitama|埼玉|秃头披风侠|一拳超人|老师,光头|披风|一拳必杀|无敌|空虚|超市打折|C级英雄|锻炼狂|最强|黄色战服|表情简单|兴趣使然,古川慎
73979,杰诺斯,一拳超人,https://s4.anilist.co/file/anilistcdn/character/large/b73979-tVi9maPID881.jpg,"S级第14位的改造人英雄，称号""魔鬼改造人""。全家被暴走改造人杀害后被库赛诺博士所救。为了变得更强而拜埼玉为师，忠实地做笔记记录老师的教导。虽然实力强大但总是在关键时刻被击毁等待升级。",Genos|杰诺斯|魔鬼改造人|Genos|徒弟君,金发|改造人|S级英雄|埼玉徒弟|笔记者|酷帅|复仇|机械|不断升级|燃尽,石川界人
74033,夜久卫辅,排球少年,https://s4.anilist.co/file/anilistcdn/character/large/b74033-pevzERaxK8hB.png,音驹高中的自由人，防守大师。虽然身材不高但在自由人位置上展现出了顶级实力。是研磨的定心丸和保护者。,Morisuke Yaku|夜久卫辅,自由人|防守|音驹|保护者,暂未收录
74269,仓桥莉子,恋爱研究所,https://s4.anilist.co/file/anilistcdn/character/large/b74269-bzZOUwBQ2IUt.png,,Riko Kurahashi|莉子,,Manami Numakura
74271,真木夏绪,恋爱研究所,https://s4.anilist.co/file/anilistcdn/character/large/b74271-8AGO0Hs5h56X.png,,Natsuo Maki|夏绪,,Chinatsu Akasaki
74850,北白川玉子,玉子市场,https://s4.anilist.co/file/anilistcdn/character/large/b74850-D8ksLbb9p9cw.png,"经营饼店""玉屋""的少女，棕色长发，性格天然元气。她从小在商店街长大，与饼店和商店街的大家关系亲密。她对麻薯（饼）有着超乎寻常的热爱，总能从麻薯联想到各种事情。她善良真诚，是商店街的开心果。那份不加修饰的天真与温暖，是这部作品最治愈的底色。",Tamako Kitashirakawa|玉子|北白川玉子,棕色长发|棕瞳|饼店|天然|元气|活泼|善良|麻薯,Aya Suzaki
75080,牧野神奈,玉子市场,https://s4.anilist.co/file/anilistcdn/character/large/b75080-vPIpzTM4qxlt.png,某位饼店少女的好友，性格文静内向的少女。她擅长木工，心灵手巧。虽然话不多，却总是用行动默默地支持着朋友。她观察力敏锐，心思细腻，总能注意到别人忽略的细节。那份安静之下的温柔与才气，令人欣赏。,Kanna Makino|牧野神奈|神奈,棕发|棕瞳|朋友|木工|文静|认真|才艺|内向,Yuuki Kaneko
75082,常盘绿,玉子市场,https://s4.anilist.co/file/anilistcdn/character/large/b75082-UZLQGACELKnF.png,某位饼店少女的好友，黑色长发，性格冷静可靠。她与那位好友从小一起长大，是彼此最重要的朋友之一。她偶尔会捉弄对方，却总是第一个挺身而出帮助对方。她在学校担任学生会职务，做事认真负责。那份既毒舌又温柔的友情，令人羡慕。,Midori Tokiwa|常盘绿|绿,黑色长发|绿瞳|朋友|冷静|认真|活泼|学生会|可靠,Juri Nagatsuma
75184,北白川馅子,玉子市场,https://s4.anilist.co/file/anilistcdn/character/large/b75184-IDcZnlkjhzg0.png,某位饼店少女的妹妹，性格懂事早熟。虽然年纪小，却常常表现得比姐姐还要成熟。她有些傲娇，嘴上嫌弃姐姐，实则非常依赖和喜欢对方。她有着超出年龄的冷静与观察力。那份小大人般的可爱与对姐姐的关心，令人会心一笑。,Anko Kitashirakawa|馅子|北白川馅子,棕色头发|棕瞳|妹妹|懂事|早熟|可爱|姐姐控|傲娇,Rina Hidaka
75186,大路饼藏,玉子市场,https://s4.anilist.co/file/anilistcdn/character/large/b75186-DlCvXVmZ7xQV.png,"经营另一家饼店""饼藏屋""的青年的儿子，是某位饼店少女的青梅竹马。他性格温柔害羞，一直默默暗恋着对方，却迟迟不敢表白。他对饼也有着独特的执着，两人常常因饼的话题产生奇妙的默契。那份青涩而真挚的心意，是故事中最动人的情感线索之一。",Mochizou Ooji|饼藏|大路饼藏,棕发|棕瞳|饼店|青梅竹马|害羞|暗恋|温柔|认真,Atsushi Tamaru
75188,朝雾史织,玉子市场,https://s4.anilist.co/file/anilistcdn/character/large/b75188-B5HZrFMdrj53.jpg,某位饼店少女的好友，性格内向害羞的少女。她曾经十分怕生，在与朋友们的相处中逐渐变得开朗。她努力学习与人交流，一步步克服自己的内向。那份笨拙却真诚的努力，令人心疼又感动。她的成长，是故事中温暖的支线之一。,Shiori Asagiri|朝雾史织|史织,黑发|棕瞳|朋友|内向|害羞|温柔|成长|努力,Yurie Yamashita
75216,幸平创真,食戟之灵,https://s4.anilist.co/file/anilistcdn/character/large/b75216-KDU8333eIcqf.jpg,"平民料理店继承者——被父亲扔进远月学园——这所靠料理决斗生存的贵族料理学校。用一碗鸡蛋拌饭挑战整个精英世界。""招待不周——""这句开场白是他每次在最不可能赢的战斗中最平静的宣言。",,,Yoshitsugu Matsuoka
75284,薙切绘里奈,食戟之灵,https://s4.anilist.co/file/anilistcdn/character/large/b75284-4Hiyq7DOwvy7.png,"拥有""神之舌""的远月学园女王——能分辨出任何料理中所有成分和火候。从不认证任何人的料理——直到那个平民端上了一碗鸡蛋拌饭。她颤抖着说出了她从没说过的评价——""好吃""。",,,Risa Taneda
75434,大神樱,弹丸论破,https://s4.anilist.co/file/anilistcdn/character/large/b75434-KFXsL2xG9Ckm.jpg,超高校级的格斗家——被称为地上最强的女高中生。肌肉发达但内心比任何人都温柔。为了保护朋友做出最极端的选择——用自己的死亡换取所有人的生存。我不后悔——这就是我的战斗方式。,Sakura Oogami|大神樱|Sakura,白发|肌肉|格斗|最强|温柔|自我牺牲,鲸
75454,堀越二郎,起风了,https://s4.anilist.co/file/anilistcdn/character/large/b75454-8Vk7gyp43FsF.png,"日本零式战斗机的设计师——从小就梦想造出最美的飞机。在关东大地震后的混乱中遇到了生命中最重要的人菜穗子。但他的飞机最终成为了战争中的杀人武器。""我设计的飞机中没有一架是从战场上回来的。""梦想的美丽与残酷在风中同时起飞。",Jirou Horikoshi|堀越二郎|Jirou|二郎,黑发|飞机设计师|零式|梦想|战争|菜穗子|悲剧,暂未收录
75456,里见菜穗子,起风了,https://s4.anilist.co/file/anilistcdn/character/large/b75456-Gygsnz7b9r9j.jpg,"二郎的妻子——患有肺结核的美丽女性。在疗养院逃出来只是为了和二郎多待一天。她知道自己时日无多但她选择了在风最大的山顶上和他一起看飞机起飞。""起风了——我们要好好活下去。""",Nahoko Satomi|里见菜穗子|Nahoko|菜穂子,黑发|肺结核|妻子|温柔|坚强|不放弃|风,暂未收录
76026,田所惠,食戟之灵,https://s4.anilist.co/file/anilistcdn/character/large/b76026-cQAQTlZFfG2e.png,"远月学园最差的学生——每次料理对决都吓得发抖但在创真的鼓励下一次次站上对决台。她的料理是用""温柔""作为调料的——这是所有天才都无法复制的美味。",,,Minami Takahashi
76979,德拉·莫奇马兹,玉子市场,https://s4.anilist.co/file/anilistcdn/character/large/76979.jpg,一只会说话的白色怪鸟，自称来自南方岛屿。他有着夸张的自恋性格，满口大道理，却常常因贪吃而闹出笑话。他本是某国王子的使者，却阴差阳错地留在了商店街。他虽然常常帮倒忙，却也在关键时刻展现出意外的可靠。那份滑稽与真诚，是故事中最具喜剧色彩的存在。,Dera Mochimazzi|德拉|莫奇马兹,白色羽毛|鸟|会说话|自恋|搞笑|异国|美食家|肥胖,Takumi Yamazaki
78093,只野仁人,古见同学有交流障碍症,https://s4.anilist.co/file/anilistcdn/character/large/b78093-QnJ9wDICvhSR.png,"古见同学的同班同学，全校最普通的少年——""只野""谐音""普通人""。是第一个读懂古见笔记本交流方式的人。用极致的普通和极致的温柔帮古见完成交100个朋友的梦想。他的普通就是他最棒的超能力。",Hitohito Tadano|只野仁人|Tadano,黑发|普通人|温柔|读心翻译官|超普通|古见第一个朋友,暂未收录
79463,秋月孝雄,言叶之庭,https://s4.anilist.co/file/anilistcdn/character/large/79463.jpg,"15岁的高中生——梦想是成为制鞋师。下雨的早晨逃课到新宿御苑的庭院里画鞋子的设计图。在那里遇到了一个喝着啤酒看着天空的神秘女性。在雨声中他为她做了一双鞋——""我想为你做一双能让你走得更远的鞋。""那个梅雨季的庭院成了两人唯一的避难所。",Takao Akizuki|秋月孝雄|Takao,黑发|15岁|制鞋|下雨|庭院|逃课,Miyu Irino
79465,雪野百香里,言叶之庭,https://s4.anilist.co/file/anilistcdn/character/large/n79465-9RmwiUdbYlo9.png,"27岁的高中古文教师——因为被学生霸凌而失去了味觉和继续教书的勇气。下雨的早晨独自躲在公园庭院里喝啤酒吃巧克力。遇到了那个问她""我们是否在哪里见过""的少年。《万叶集》中的短歌是她唯一能表达心情的方式——""隐约雷鸣阴霾天空但盼风雨来能留你在此。""",Yukari Yukino|雪野百香里|Yukino,黑发|27岁|教师|被霸凌|失味|巧克力|万叶集,Kana Hanazawa
79607,爱德华·米德福德,黑执事,https://s4.anilist.co/file/anilistcdn/character/large/b79607-tTNBPbPwsQyZ.jpg,西雅尔的表兄兼同学，剑术高手。对西雅尔极为关怀和爱护，希望他能过上正常的生活。性格正直勇敢但在某些事情上过分天真。,Edward Midford|爱德华,金发|剑术|表兄|正直|同学|爱护少爷,暂未收录
81645,亚可·卡嘉莉,小魔女学园,https://s4.anilist.co/file/anilistcdn/character/large/81645-dvD1Ac67IkpJ.png,"从日本来到新月学园学习魔法的元气少女。她并非魔法世家出身——她的魔法梦想源于小时候看的一场闪亮夏莉欧的魔法秀。虽然天赋为零但用超强的意志和行动力弥补一切。口头禅是""相信的心就是魔法！""",Atsuko Kagari|亚可·卡嘉莉|Akko|亚可,棕发|魔女学徒|元气|0天赋|100意志|闪亮夏莉欧粉丝,暂未收录
81699,苏西·曼巴巴兰,小魔女学园,https://s4.anilist.co/file/anilistcdn/character/large/81699-mAzqlNupKWOB.jpg,"新月学园最奇怪的魔女。擅长调配各种诡异毒药和蘑菇——经常拿亚可当实验品。对毒蘑菇的狂热超越了一切。虽然外表恐怖但其实是个可靠的朋友。总是在亚可需要帮助时递上最奇怪的""解药""。",Sucy Manbavaran|苏西|Sucy,紫发|毒药|蘑菇|疯狂|朋友|可靠|实验狂,暂未收录
81709,戴安娜·卡文迪什,小魔女学园,https://s4.anilist.co/file/anilistcdn/character/large/81709-N5Yff4r6geiM.png,新月学园最优秀的魔女，来自英国最古老魔法世家。天才中的天才。最初看不起亚可的零天赋但逐渐被她的执着所打动。蓝色丝带和白色长袍是她的标志。其实她小时候也看过同一场夏莉欧的魔法秀。,Diana Cavendish|戴安娜|Diana,金发|天才魔女|精英|傲慢|被打动|隐藏夏莉欧粉|蓝色丝带,暂未收录
81751,栗山未来,境界的彼方,https://s4.anilist.co/file/anilistcdn/character/large/b81751-nUEIrhRFlkKc.png,"拥有操纵血液能力的异界士，能够用血液凝聚成剑战斗。戴着一副红框眼镜，是典型的眼镜娘。因为自身能力的特殊性而被家族排斥，过着孤独的生活。她有一句标志性的口癖""不愉快です（好不快）""。性格既坚强又脆弱，为了斩杀""妖梦""而战斗，却也因此背负着沉重的宿命。她的孤独，在与某人的相遇后逐渐被化解。",Mirai Kuriyama|未来|栗山未来,粉发|粉瞳|异界士|血剑|眼镜娘|贫乳|口癖|可爱,Risa Taneda
81753,名濑美月,境界的彼方,https://s4.anilist.co/file/anilistcdn/character/large/b81753-lsPYVQvvD1TZ.png,名濑家的异界士，能够张开强大的结界。黑色长发，气质冷艳，是个说话带刺的毒舌御姐。她对某位青梅竹马总是嘴上不饶人，实则关系亲密。性格冷静理智，在团队中扮演着可靠的领导者角色。作为异界士名门之后，她背负着家族的使命，却也有着自己的坚持与温柔。,Mitsuki Nase|美月|名濑美月,黑发|紫瞳|异界士|毒舌|结界|冷静|御姐|黑色长发,Minori Chihara
81757,神原秋人,境界的彼方,https://s4.anilist.co/file/anilistcdn/character/large/b81757-qrft6an7FZ4F.png,"半人半妖的高中生，体内寄宿着强大的妖梦，因此拥有不死之身。性格轻浮，是个无可救药的眼镜控，对眼镜娘毫无抵抗力。表面玩世不恭，实则内心温柔，总是默默守护着身边的人。他体内的妖梦既是力量也是诅咒，随时可能暴走。在平静与危机之间，他努力维持着作为""人""的自我。",Akihito Kanbara|秋人|神原秋人,棕发|蓝瞳|半妖|不死身|眼镜控|轻浮|温柔|妖梦化,KENN
81763,名濑博臣,境界的彼方,https://s4.anilist.co/file/anilistcdn/character/large/b81763-inhly5z6unnV.png,"名濑家的异界士，操纵冰之结界战斗。银色头发，脖子上常年围着围巾。他自称有""恋妹情结""，对妹妹宠爱有加，总是用夸张的方式表达。性格看似轻松散漫，实则心思细腻，是团队中的调和者。他的结界能力强大而可靠，在战斗中是不可或缺的战力。那份轻松之下的认真，令人信赖。",Hiroomi Nase|博臣|名濑博臣,银发|绿瞳|异界士|围巾|妹控|轻松|冰之结界|温柔,Tatsuhisa Suzuki
81929,战栗的龙卷,一拳超人,https://s4.anilist.co/file/anilistcdn/character/large/b81929-WPVp2LQoWgkc.png,"S级第2位的超能力者，称号""战栗的龙卷""。虽然外表是幼女但实际年龄28岁。拥有极其强大的念动力，可以轻松拉动陨石和撕碎龙级怪人。性格高傲任性，极度厌恶被当成小孩子看待。",Tatsumaki|战栗的龙卷|龙卷|龍卷,绿发|幼女外表|28岁|超能力者|S级No.2|念动力|傲娇|暴躁|龙卷|最强超能力者,悠木碧
83015,百夜优一郎,终结的炽天使,https://s4.anilist.co/file/anilistcdn/character/large/b83015-XmUdY42WSKRG.png,"被吸血鬼圈养的人类孤儿——逃出后加入了帝鬼军发誓杀光所有吸血鬼。手持Cursed Gear黑鬼系列。最恨吸血鬼但他最好的朋友就是那个变成了吸血鬼的人。""米迦——我一定会把你带回来的——""",,,Miyu Irino
83017,柊筱娅,终结的炽天使,https://s4.anilist.co/file/anilistcdn/character/large/b83017-XXdnbunnBdTd.png,"帝鬼军的精英队员——总是微笑但从不表露真实感情。银色短发的少女。在优一郎身边一边捉弄他一边默默守护着他。""我当然有自己的理由——只是不想告诉你而已。""",,,Saori Hayami
83209,蓝原芽衣,柑橘味香气,https://s4.anilist.co/file/anilistcdn/character/large/b83209-gv2ABy7LBr5x.jpg,学生会会长，冷静严肃的黑长直美人。柚子异父异母的妹妹。表面上对所有事都完美处理，实际内心孤独且渴望被爱。在与柚子的冲突和相处中逐渐开放心扉。,Mei Aihara|蓝原芽衣|Mei|芽衣,黑发|长发|学生会长|冷静|完美主义|孤独|义理姐妹|傲娇,津田美波
83367,蓝原柚子,柑橘味香气,https://s4.anilist.co/file/anilistcdn/character/large/b83367-qOJp0tfOZf7r.jpg,辣妹系女高中生，因母亲再婚而转学进入了一所大小姐女校。性格开朗热情但与周围格格不入。与异父异母的妹妹·学生会长蓝原芽衣从冲突开始渐渐发展出复杂的感情。,Yuzu Aihara|蓝原柚子|Yuzu|柚子,金发|辣妹|开朗|热情|义理姐妹|转校生|大小姐学校|柑橘味,竹达彩奈
83387,谷口晴美,柑橘味香气,https://s4.anilist.co/file/anilistcdn/character/large/b83387-UImdNRsseICO.jpg,柚子在女校的第一个朋友，性格爽朗。是学校中少有的对柚子表示友好的同学。在柚子和芽衣的关系中成为重要的支持者。,Harumi Taniguchi|谷口晴美,棕发|爽朗|朋友|支持者,暂未收录
83797,缠流子,斩服少女,https://s4.anilist.co/file/anilistcdn/character/large/b83797-ix0Cl5OMfV22.png,"转学到本能字学园的少女，手持一半的巨大剪刀。寻找杀害父亲的另一半剪刀的持有者。身穿鲜血——用神衣战斗，但神衣的""羞耻度""是最大的武器和代价。热血、暴躁、永不放弃。和鲜血（会说话的水手服）的羁绊令人泪目。",Ryuuko Matoi|缠流子|Ryuuko,黑发|红挑染|巨大剪刀|神衣鲜血|热血|暴躁|复仇|姊妹对决,暂未收录
83799,鬼龙院皐月,斩服少女,https://s4.anilist.co/file/anilistcdn/character/large/b83799-oPxSwMA9XAvu.png,"本能字学园的学生会长，用绝对的实力和恐怖支配着整个学校。身穿纯白神衣""纯洁""。她的野心是推翻母亲鬼龙院罗晓统治的整个体制——但她用的手段是成为体制本身。和流子是宿命的姐妹。""我问你——人的可能性是什么？""",Satsuki Kiryuuin|鬼龙院皐月|Satsuki,黑发|学生会长|纯白神衣|女王|野心|姐妹|绝对统治,暂未收录
84491,保登心爱,请问您今天要来点兔子吗,https://s4.anilist.co/file/anilistcdn/character/large/b84491-sxM637Dhh6yr.png,"来到咖啡厅""Rabbit House""工作的少女，粉色长发，性格元气满满。她梦想成为一名能干的""姐姐""，却总是笨手笨脚，料理水平更是灾难级。她对妹妹系角色毫无抵抗力，尤其喜欢粘着可爱的店员。虽然常常帮倒忙，却用满满的活力和真诚温暖着身边的每一个人。是个如同太阳般耀眼的开朗角色。",Cocoa Hoto|心爱|保登心爱,粉色长发|粉瞳|元气|姐姐型|咖啡厅|料理苦手|开朗|天然,Ayane Sakura
84677,夜斗,野良神,https://s4.anilist.co/file/anilistcdn/character/large/b84677-PFmohzIXD1ud.png,"穿着运动服的五元神——愿望只要五日元。没有神社居无定所靠着给人类打零工维持存在。他的过去——祸津神""夜卜""杀过的人比任何神都多。但他选择了用最不起眼的方式赎最深的罪。""你的愿望——我确实收到了。""",,,Hiroshi Kamiya
84679,壹岐日和,野良神,https://s4.anilist.co/file/anilistcdn/character/large/b84679-GdMxvYy36M9H.png,"半妖体质的高中生——灵魂会自动脱离身体。为了恢复成为普通少女而向夜斗许愿。在所有人的不愿意中她是第一个愿意对夜斗说""谢谢""的人。""你是个好神明——夜斗。""",,,Maaya Uchida
84681,雪音,野良神,https://s4.anilist.co/file/anilistcdn/character/large/b84681-vFMPNxeDkoqt.png,"夜斗的神器——金发少年。死前是个没人要的孩子死后成了没人要的神器。偷东西、撒谎、刺伤主人——但夜斗从未放弃过他。""我不是没人要——我有夜斗。""",,,Yuuki Kaji
86031,超合金黑光,一拳超人,https://s4.anilist.co/file/anilistcdn/character/large/b86031-7NpSkSSrT7ZJ.png,S级第11位的英雄，拥有超合金般的黑色肌肉。极度自信但被饿狼击败后陷入了严重的心理崩溃。曾经是最自恋的英雄，认为自己无人能敌。坚持高强度训练塑造出的完美身材让所有对手恐惧。,Ikemen Kamen Amai Mask|超合金黑光|超合金,黑肤|肌肉男|S级|超合金|自信|心理脆弱|训练狂|健美|第11位,桧山修之
86385,高山春香,樱trick,https://s4.anilist.co/file/anilistcdn/character/large/b86385-6Hjd2BO2tmeg.jpg,"高中女生，性格活泼。与园田优是最好的朋友，但某一天两人在意外中亲吻后关系彻底改变。以此为契机，两人开始了秘密的""接吻练习""——每次都要找出不同的接吻理由。",Haruka Takayama|高山春香|Haruka,棕发|活泼|女子高中生|接吻|朋友变恋人|百合|秘密关系,户松遥
86387,园田优,樱trick,https://s4.anilist.co/file/anilistcdn/character/large/b86387-wmk9wtRAkJiA.jpg,"春香最好的朋友和恋人。性格内向害羞但配合春香的每一次""接吻练习""。其实非常享受与春香的亲密时刻，比春香更早意识到自己的感情。",Yuu Sonoda|园田优|Yuu,黑发|内向|害羞|接吻恋人|百合|女子高中生,井口裕香
86681,伊莱恩,七大罪,https://s4.anilist.co/file/anilistcdn/character/large/86681-6kx3mfwNhraK.png,妖精族的守护圣人，金的妹妹。在保护妖精王之森时牺牲。后被班用自己的部分不死之身复活。与班跨越生死的感情是七大罪中最催泪的CP之一。娇小温柔但内心极为坚强。,Elaine|伊莱恩|エレイン,金发|妖精族|圣人|牺牲|复活|班恋人|温柔,暂未收录
86683,霍克,七大罪,https://s4.anilist.co/file/anilistcdn/character/large/n86683-ZXPoLZnKqNtx.png,"会说话的粉红猪——七大罪的吉祥物和剩饭处理机。总是被梅利奥达斯当球踢但每次都骂骂咧咧地回来。自称""混沌之母的儿子""——这身份后来居然是真的。全剧最佳吐槽担当。",Hawk|霍克|ホーク,粉色|猪|会说话|吉祥物|吐槽|剩饭处理|混沌之子,暂未收录
87267,御子柴实琴,月刊少女野崎君,https://s4.anilist.co/file/anilistcdn/character/large/87267.jpg,"野崎的助手——用花美男的外表说出最帅气的台词，然后立刻害羞到躲在垃圾桶里。他的台词被野崎直接搬进少女漫画——因为""这就是少女漫画男主角该有的反应""。全校女生的暗恋对象——但他本人是个看到女生就会脸红的社恐。",Mikoto Mikoshiba|御子柴实琴|Mikorin,红发|花美男|害羞|垃圾桶|野崎助手|社恐|反差萌,暂未收录
87269,野崎梅太郎,月刊少女野崎君,https://s4.anilist.co/file/anilistcdn/character/large/87269.jpg,"身高190cm的高中男生——著名少女漫画家""梦野咲子""。没错他是男的。画少女漫画时为了研究恋爱剧情做出各种令人窒息的操作——比如让暗恋他的佐仓千代骑双人自行车来取材。全剧的气氛毁灭者。当千代鼓起勇气说""我是你的粉丝""他送了她一张亲笔签名。",Umetarou Nozaki|野崎梅太郎|Nozaki,黑发|190cm|少女漫画家|梦野咲子|迟钝|取材狂魔|气氛毁灭者,暂未收录
87271,佐仓千代,月刊少女野崎君,https://s4.anilist.co/file/anilistcdn/character/large/n87271-IccVl2JDURIl.jpg,"身高仅145cm的娇小少女，暗恋着身高190cm的野崎。每次试图表白——""我是你的粉丝""——""谢谢支持！""（野崎直接给了签名）。于是她成了野崎的涂黑助手兼少女漫画原型。每天在""如何让他明白我的心意""和""算了还是先帮他赶上截稿日期吧""之间反复横跳。",Chiyo Sakura|佐仓千代|Chiyo,橘发|145cm|矮个子|涂黑助手|暗恋|表白失败专家|蝴蝶结,暂未收录
87275,金木研,东京喰种,https://s4.anilist.co/file/anilistcdn/character/large/b87275-mb13EWZBdbh3.png,"原本是普通的大学生，被卷入事件后移植了喰种的赫子而成为半喰种。经历了无数残酷的折磨和蜕变，从温柔少年转变为白发独眼的强大喰种组织首领。名言是""这个世界是错误的""和""1000-7等于多少？""。",Ken Kaneki|金木研|Kaneki|眼罩喰种|蜈蚣|黑色死神,白发|独眼喰种|赫子|鳞赫|大学生|文学少年|黑化|喰种首领|悲惨|拷问|吃货|人格分裂,花江夏树
87277,雾岛董香,东京喰种,https://s4.anilist.co/file/anilistcdn/character/large/b87277-oUaqrI1iBzu6.png,古董咖啡厅的女服务生兼喰种。紫羽赫持有者，性格冷淡但内心温柔。与金木经历了许多生死考验，最终与他结为夫妻并生下一女。战斗力在SS级喰种之上，是金木最坚强的后盾。,Touka Kirishima|雾岛董香|Touka|Rabbit,紫发|羽赫|咖啡厅|冷淡|温柔|喰种|SS级|金木妻子|坚强|表面冷酷,雨宫天
87287,百夜米迦尔,终结的炽天使,https://s4.anilist.co/file/anilistcdn/character/large/b87287-cBUVUJNbvfvT.png,"优一郎的家人——为了保护优一郎被吸血鬼吸血变成了吸血鬼。金发血瞳的吸血鬼少年。被所有人类憎恨但他唯一在乎的是优一郎的安危。""优——我不会让任何人伤害你——哪怕是我自己。""",,,Kenshou Ono
87510,鲜血,斩服少女,https://s4.anilist.co/file/anilistcdn/character/large/b87510-ZH2qoBYc6XNH.jpg,"会说话的神衣——流子的战斗伙伴。外表是水手服——但被流子穿上后能让流子变身成超强战斗形态。羞耻心是发动神衣的代价（露越多越强）。和流子的对话是全剧最暖心的部分。""穿上我，流子！""",Senketsu|鲜血|センケツ,水手服|神衣|说话|流子搭档|羞耻|变身|核心|羁绊,暂未收录
87511,满舰饰真子,斩服少女,https://s4.anilist.co/file/anilistcdn/character/large/b87511-T8lwlQKd6SoK.png,"流子的同班同学和最好的朋友——全剧的搞笑担当和良心担当。无论流子变成什么样子她都会无条件支持。每次的自言自语吐槽速度突破人类极限。""流子酱！""——只要听到她喊这个名字就知道一切都会好起来。",Mako Mankanshoku|满舰饰真子|Mako,棕发|搞笑|良心|流子挚友|超语速|无条件支持,暂未收录
87625,伊波樱,境界的彼方,https://s4.anilist.co/file/anilistcdn/character/large/b87625-nzrSmKvS0uC9.png,异界士，性格认真又容易害羞的少女。扎着双马尾，对某位前辈怀有复杂的感情，嘴上不承认却总是下意识地关注对方。她战斗时使用能够束缚对手的能力。虽然常常因为害羞而手足无措，但在关键时刻绝不掉链子。那份笨拙却真诚的心意，是她最可爱的地方。,Sakura Inami|伊波樱|樱,黑发|棕瞳|异界士|害羞|傲娇|双马尾|认真|努力,Moe Toyota
87626,名濑泉,境界的彼方,https://s4.anilist.co/file/anilistcdn/character/large/b87626-nGSW5LVpisZh.png,名濑家的长女，实力强大的异界士。金发碧眼，气质高贵。她长期在外执行任务，回到家乡后成为了事件的关键人物。作为姐姐，她对弟妹有着严格却深沉的爱。她的实力深不可测，是异界士中数一数二的存在。冷静的外表下，隐藏着对家族和亲人的深切关怀。,Izumi Nase|名濑泉|泉,金发|绿瞳|异界士|名濑家长女|强大|冷静|姐姐|监视者,Ayako Kawasumi
87627,新堂爱,境界的彼方,https://s4.anilist.co/file/anilistcdn/character/large/b87627-S3ZtpKf7OGWS.png,"年轻的异界士，性格活泼开朗的元气少女。个子娇小，总是充满活力。她擅长操纵动物型的""妖梦""，战斗方式灵活。作为后辈，她对前辈们充满憧憬，同时也努力证明自己的价值。她的开朗笑容如同阳光，为团队带来温暖。虽然实力尚有不足，但那份不服输的劲头让人刮目相看。",Ai Shindou|新堂爱|爱,棕发|棕瞳|异界士|元气|小个子|动物型|活泼|后辈,Yuri Yamaoka
87654,赫斯缇雅,在地下城寻求邂逅是否搞错了什么,https://s4.anilist.co/file/anilistcdn/character/large/b87654-UmmuLPwSK2Hd.jpg,"掌管""赫斯缇雅眷族""的女神，黑色双马尾，性格活泼又有点小脾气。她作为神来到下界，建立了属于自己的眷族。虽然眷族只有一名成员，却倾尽所有地支持着他。她总是粘着自己的眷族成员，会因对方的成长而骄傲，也会因嫉妒而闹别扭。那份毫不掩饰的偏爱与守护，是故事最温暖的底色之一。",Hestia|赫斯缇雅|女神,黑发双马尾|蓝瞳|女神|眷族主神|双马尾|活泼|嫉妒|守护,Inori Minase
87655,艾丝·华伦斯坦,在地下城寻求邂逅是否搞错了什么,https://s4.anilist.co/file/anilistcdn/character/large/b87655-50i1Y554Vs3z.png,"被誉为""剑姬""的最强剑士，金发金瞳，容貌绝美却沉默寡言。她是""洛基眷族""的王牌，剑术登峰造极。虽然实力超群，却总是一副平静淡漠的表情，鲜少流露情感。她的强大背后，隐藏着不为人知的执念。她成为了某位少年憧憬的对象，也成为了他不断前进的动力。",Ais Wallenstein|艾丝|华伦斯坦,金发|金瞳|剑姬|最强剑士|寡言|战斗天才|冷静|美少女,Saori Oonishi
87706,野田琴音,樱trick,https://s4.anilist.co/file/anilistcdn/character/large/b87706-7emA4ZvYZRUt.jpg,春香的另一好友，活泼搞笑的存在。,Kotone Noda|野田琴音,棕发|搞笑|活泼|好友,暂未收录
87713,坂井理奈,樱trick,https://s4.anilist.co/file/anilistcdn/character/large/87713.jpg,春香和优的同班同学，察觉到两人之间特殊的关系。偶尔给予助攻或吐槽。,Rina Sakai|坂井理奈,棕发|同学|见证者|助攻,暂未收录
87970,千斗五十铃,甘城光辉游乐园,https://s4.anilist.co/file/anilistcdn/character/large/b87970-MFZM2yLtEPPt.png,游乐园的员工，银色长发，性格冷静无表情。她是来自魔法王国的使者，擅长使用魔法枪械。她忠诚可靠，为了拯救游乐园而奔走。她看似冷淡，实则对游乐园和同事们怀有深厚的感情。那份无表情之下的忠诚与温柔，令人动容。,Isuzu Sento|千斗五十铃|五十铃,银色长发|蓝瞳|游乐园员工|枪械|无表情|忠诚|强大|魔法,Ai Kakuma
87971,可儿江西也,甘城光辉游乐园,https://s4.anilist.co/file/anilistcdn/character/large/87971-Os3Rm0dAZMVy.png,被委任为游乐园代理园长的少年，棕发，性格自恋又聪明。他头脑出众，却总是一副高高在上的样子。他最初对游乐园的糟糕现状嗤之以鼻，却在经营过程中逐渐投入了真心。他傲娇地关心着游乐园和员工们。那份自恋之下的责任与成长，令人印象深刻。,Seiya Kanie|可儿江西也|西也,棕发|棕瞳|经理|自恋|聪明|代理园长|成长|傲娇,Kouki Uchiyama
88032,香风智乃,请问您今天要来点兔子吗,https://s4.anilist.co/file/anilistcdn/character/large/b88032-YQOBGYKIpgnN.png,"咖啡厅""Rabbit House""店长的孙女，蓝色长发，气质安静乖巧的少女。她虽然年纪小，却能泡出一手好咖啡，是店里的小小咖啡师。性格有些内向，表情变化不大，却对身边的人充满细腻的关心。她总是把爷爷（一只叫""提比""的兔子）抱在头上。那份安静之下的温柔与坚定，让人忍不住想要守护。",Chino Kafuu|智乃|香风智乃,蓝色长发|蓝瞳|咖啡师|无表情|天然|提比|可爱|安静,Inori Minase
88033,桐间纱路,请问您今天要来点兔子吗,https://s4.anilist.co/file/anilistcdn/character/large/88033-5NN3jbHFddvp.jpg,"在咖啡厅工作的金发少女，气质如同贵族大小姐。虽然出身优渥，却坚持自食其力，过着节俭的生活。她患有严重的""咖啡因过敏""，一喝咖啡就会醉得判若两人。性格有些傲娇，嘴上不饶人，实则心地善良。她努力学习，梦想成为有用的人。那份既高贵又接地气的反差，让她格外可爱。",Syaro Kirima|纱路|桐间纱路,金发|绿瞳|大小姐|傲娇|咖啡因|努力|贫穷|可爱,Maaya Uchida
88034,天天座理世,请问您今天要来点兔子吗,https://s4.anilist.co/file/anilistcdn/character/large/b88034-RjrFBU7gVCGO.png,在咖啡厅工作的少女，出身军人世家，性格认真可靠。紫色长发，做事一丝不苟，对礼仪和规矩十分讲究。她私下里喜欢可爱的玩偶和粉色系的东西，与平时冷静的形象形成可爱的反差。厨艺精湛，是店里值得信赖的大姐姐。虽然偶尔会害羞地否认自己的少女心，但那份认真与温柔令人动容。,Rize Tedeza|理世|天天座理世,紫色长发|紫瞳|军人世家|手枪|可靠|认真|料理好|反差萌,Risa Taneda
88035,宇治松千夜,请问您今天要来点兔子吗,https://s4.anilist.co/file/anilistcdn/character/large/b88035-dSZDwFPFHM18.png,"和风咖啡厅""甘兔庵""的看板娘，黑色长发，气质温婉知性。她将日式茶道与咖啡文化巧妙融合，经营着别具一格的店铺。性格温柔，说话总带着古风韵味。她与好友之间的互动温馨有趣。那份沉淀的和风之美与温柔，让人如沐春风。是个充满治愈感的角色。",Chiya Ujimatsu|千夜|宇治松千夜,黑发|棕瞳|和风|咖啡厅|温柔|古风|知性|茶道,Satomi Satou
88093,丈枪由纪,学园孤岛,https://s4.anilist.co/file/anilistcdn/character/large/b88093-skekAluBmLLa.jpg,学园生活部的成员，粉色头发，性格天真乐观。她深爱着校园生活，用笑容感染着身边的每一个人。她看似无忧无虑，内心却隐藏着一个巨大的秘密——她将残酷的现实拒之门外，活在由幻想构筑的日常里。这份天真，既是她的保护壳，也是支撑大家活下去的希望。,Yuki Takeya|丈枪由纪|由纪,粉色头发|粉瞳|学园生活部|乐观|纯真|幻想|温柔|支柱,Inori Minase
88173,界冢伊奈帆,ALDNOAH.ZERO,https://s4.anilist.co/file/anilistcdn/character/large/88173-9ahmvKutxcVO.jpg,"冷静到极致的战术天才高中生——在火星骑士入侵地球时驾驶训练机甲击坠了无数敌机。没有感情波动的""面瘫""用最精准的计算把每一个对手拆解。他的每一步棋都是预判——""我只是选择了最优解而已。""",Inaho Kaizuka|界冢伊奈帆|Inaho,黑发|高中生|战术天才|面瘫|最优解|机甲,Natsuki Hanae
88174,斯雷因·特洛耶特,ALDNOAH.ZERO,https://s4.anilist.co/file/anilistcdn/character/large/88174-QRY3Ayq8xVvZ.jpg,"在火星长大的地球人——为了公主可以背叛任何人。在火星与地球的战争中在两个世界之间反复横跳。他的每一步选择都充满了矛盾和痛苦——""我到底是谁——地球人还是火星人？""",Slaine Troyard|斯雷因|Slaine,金发|火星|地球人|矛盾|背叛|公主至上,Kenshou Ono
88175,艾瑟依拉姆·薇瑟·艾莉欧斯亚,ALDNOAH.ZERO,https://s4.anilist.co/file/anilistcdn/character/large/88175.jpg,"火星公主——为了地球与火星的和平不惜假死。温柔的理想主义者面对残酷的战争仍然坚持寻求和平解决之道。伊奈帆和斯雷因两个人的命运都因她而改变。""我只想要——两个星球都能和平相处的世界。""",Asseylum Vers Allusia|公主|アセイラム,金发|公主|和平|理想主义|假死,Sora Amamiya
88346,希露菲叶特,无职转生,https://s4.anilist.co/file/anilistcdn/character/large/b88346-h8kCL93AXj4n.png,鲁迪乌斯的青梅竹马和第一位朋友。拥有绿色头发和精灵族血统，因被欺负而剪短发打扮成男孩。在鲁迪乌斯的鼓励下变得自信，擅长大范围风属性魔法。最终成为鲁迪乌斯的第一位妻子。,Sylphiette|希露菲叶特|Sylphy|Fitts,绿发|精灵血统|青梅竹马|伪男|被霸凌|风魔法|鲁迪妻子|害羞|善良,茅野爱衣
88348,鲁迪乌斯·格雷拉特,无职转生,https://s4.anilist.co/file/anilistcdn/character/large/b88348-bIe5XnXdRpmX.png,"34岁尼特族被撞死后转生到剑与魔法世界，保留前世记忆的魔法天才。从婴儿时期就开始修炼，成为无咏唱魔法的开创者。虽然前世是个废柴但今生发誓要""认真活下去""。魔法与剑术双修的全能型天才。",Rudeus Greyrat|鲁迪乌斯|Rudeus|鲁迪,棕发|转生者|魔法天才|无咏唱|原NEET|认真活下去|天才|双修|剑与魔法|家庭,内山夕实
88349,艾莉丝·伯雷亚斯·格雷拉特,无职转生,https://s4.anilist.co/file/anilistcdn/character/large/b88349-5dsNUah3oBj8.png,"阿斯拉王国贵族大小姐，鲁迪乌斯的远亲。个性火爆脾气极差但心地善良。起初完全抗拒学习，在鲁迪乌斯的教导下学会了读写和剑术。后来成长为被称作""狂剑王""的最强女剑士。",Eris Boreas Greyrat|艾莉丝|Eris|狂剑王|暴娇大小姐,红发|大小姐|暴力|火爆|剑士|狂剑王|鲁迪徒弟|傲娇|强大|贵族,加隈亚衣
88350,洛琪希·米格路迪亚,无职转生,https://s4.anilist.co/file/anilistcdn/character/large/b88350-QU1iwgZ887U8.png,魔族米格路德族的魔法导师，鲁迪乌斯的第一位老师和初恋对象。外表像小学生但实际年龄远大于此，因为该族成年后外貌不变。拥有极高的魔法造诣但极度怕生和不善社交。,Roxy Migurdia|洛琪希|Roxy|鲁迪老师,蓝发|魔族|魔法导师|幼女体型|怕生|鲁迪老师|初恋|水魔法|孤独|米格路德族,小原好美
88351,瑞杰路德·斯佩路迪亚,无职转生,https://s4.anilist.co/file/anilistcdn/character/large/b88351-grqY44xz6bvP.png,"斯佩路德族的战士，被世人畏惧为""死斑魔""。外表恐怖但内心善良，由于种族被诅咒而长期被人类误解和恐惧。成为鲁迪乌斯的旅行护卫和导师，教会了他战斗技巧和做人的道理。额头的宝石是他的标志。",Ruijerd Superdia|瑞杰路德|Ruijerd|死斑魔,光头|斯佩路德族|死斑魔|战士|护卫|被误解|善良|导师|红宝石|稳重,浪川大辅
88359,惠飞须泽胡桃,学园孤岛,https://s4.anilist.co/file/anilistcdn/character/large/b88359-OzPFOukNIRdj.jpg,学园生活部的成员，黑色短发，性格勇敢可靠。她手持一把铲子作为武器，是团队中的主要战力。她坚强果断，为了保护同伴不惜冒险。她看似强硬，实则内心温柔。那份在绝境中依然挺立的勇敢，令人敬佩。,Kurumi Ebisuzawa|惠飞须泽胡桃|胡桃,黑色短发|棕瞳|学园生活部|铲子|勇敢|可靠|守护|坚强,Ari Ozawa
88361,若狭悠里,学园孤岛,https://s4.anilist.co/file/anilistcdn/character/large/b88361-0TSVKo6DFDWl.jpg,学园生活部的部长，黑色长发，性格温柔坚强。她像姐姐一样照顾着每一位部员，是团队的灵魂人物。她操持着生活部的日常，努力维持着这个集体的运转。她温柔的外表下，藏着一颗坚韧的心。那份默默付出的温柔与担当，令人动容。,Yuuri Wakasa|若狭悠里|悠里,黑色长发|棕瞳|学园生活部|部长|温柔|照顾人|坚强|领导,Mao Ichimichi
88412,铃屋什造,东京喰种,https://s4.anilist.co/file/anilistcdn/character/large/b88412-sIOJUnIkyFRe.png,CCG特等搜查官，外表中性打扮满身缝合痕迹的天才少年。童年被Big Madam抚养受到严重虐待，性格极具虐待倾向但也渴望被爱。使用镰刀状昆克，战斗方式残酷而华丽。,Juuzou Suzuya|铃屋什造|Juuzou|13区杰森,白发|缝合痕迹|天才搜查官|镰刀昆克|虐待|中性|CCG|特等|悲惨童年|疯狂,钉宫理惠
88421,永近英良,东京喰种,https://s4.anilist.co/file/anilistcdn/character/large/b88421-F8yaeVfHjwYn.png,金木研最好的朋友，童年时代就认识的阳光青年。虽然没有任何特殊能力但头脑极为敏锐，在暗中调查喰种事件的真相。为了保护金木不惜一切，是金木人性不曾完全丧失的关键锚点。,Hideyoshi Nagachika|永近英良|Hide|金木挚友,金发|阳光|普通人类|挚友|敏锐|暗助金木|CCC|无能力者|义气,丰永利行
88505,拉媞珐·芙尔兰札,甘城光辉游乐园,https://s4.anilist.co/file/anilistcdn/character/large/b88505-PpLNBOPtqrMr.png,魔法王国的公主，金发蓝瞳，气质高贵温柔。她因诅咒而失去记忆，身体也日渐衰弱。游乐园的存亡与她的命运息息相关。她纯真善良，是游乐园所有人心中的精神支柱。那份温柔之下的坚强，让所有人都愿意为她努力。,Latifa Fleuranza|拉媞珐|芙尔兰札,金发|蓝瞳|公主|魔法|温柔|诅咒|游乐园|纯真,Yukiyo Fujii
88506,莫夫鲁,甘城光辉游乐园,https://s4.anilist.co/file/anilistcdn/character/large/88506-GKVRnONehYeu.png,游乐园的人气吉祥物，外形是个可爱的布偶。他性格傲娇别扭，常常口是心非，实则对游乐园充满热爱。他看似毒舌，却在关键时刻展现出可靠的担当。那份别扭之下的温柔，让他深受游客喜爱。,Moffle|莫夫鲁|莫夫鲁,布偶|吉祥物|傲娇|别扭|可靠|游乐园|人气|毒舌,Ayako Kawasumi
88509,缪丝,甘城光辉游乐园,https://s4.anilist.co/file/anilistcdn/character/large/88509-4GPtwnrQJ24C.png,游乐园的偶像成员，黑发的妖精少女。她安静温柔，与伙伴们一起用歌舞温暖着每一位游客。她虽然话不多，却用真诚的表演打动着人们。那份安静之下的魅力，令人着迷。,Muse|缪丝|缪丝,黑发|棕瞳|妖精|偶像|安静|歌舞|温柔|可爱,Yuuka Aisaka
88510,席尔菲,甘城光辉游乐园,https://s4.anilist.co/file/anilistcdn/character/large/b88510-YHSw6iSCTImT.png,游乐园中的人气偶像，粉发的妖精少女。她性格元气活泼，是精灵族的歌姬，用歌声和舞蹈为游乐园带来欢乐。她总是充满活力，是游乐园气氛的制造者。那份纯真的活力，让游客们流连忘返。,Sylphy|席尔菲|席尔菲,粉发|蓝瞳|妖精|元气|偶像|歌舞|活泼|可爱,Tomoyo Kurosawa
88512,莎拉玛,甘城光辉游乐园,https://s4.anilist.co/file/anilistcdn/character/large/b88512-mfptBmaEOhPf.png,游乐园的偶像成员，棕发的妖精少女。她与伙伴们一起用歌舞为游乐园增添欢乐。她活泼可爱，是偶像团体中不可或缺的一员。那份纯真的笑容，是游乐园最温暖的光景。,Salama|莎拉玛|莎拉玛,棕发|棕瞳|妖精|偶像|活泼|姐妹|舞蹈|可爱,Minami Tsuda
88572,艾米莉亚,Re:从零开始的异世界生活,https://s4.anilist.co/file/anilistcdn/character/large/b88572-IzTwXEHSobRs.jpg,卢格尼卡王国的半妖精少女，王选候选人之一。银发紫瞳的美少女，因外貌酷似嫉妒魔女而被世人歧视。性格善良单纯，使用冰系魔法和精灵术。虽然被昴深爱却经常对他的过度保护感到困惑。,Emilia|艾米莉亚|EMT|艾米莉亚碳|精灵术士,银发|紫瞳|半妖精|王选候选人|冰系魔法|精灵使|善良|单纯|被歧视|嫉妒魔女长相,高桥李依
88573,菜月昴,Re:从零开始的异世界生活,https://s4.anilist.co/file/anilistcdn/character/large/b88573-F8yMTK9GhnTA.png,"从便利店出来突然被召唤到异世界的高中生。唯一的能力是""死亡回归""——死后能以一定存档点复活。性格乐观但极度自虐，在反复的死亡中承受着常人无法想象的痛苦。深爱着艾米莉亚，为了拯救所有人不惜一次次赴死。",Subaru Natsuki|菜月昴|昴|Subaru|486,黑发|运动服|高中生|NEET|死亡回归|自虐|乐观|艾米莉亚厨|异世界|精神承伤|怠惰权能,小林裕介
88575,蕾姆,Re:从零开始的异世界生活,https://s4.anilist.co/file/anilistcdn/character/large/b88575-Ayu8UPDA8NS6.png,"罗兹瓦尔宅邸的双子女仆之一，拉姆的妹妹。蓝发鬼族少女，使用流星锤战斗。曾经因过去的愧疚而极度自卑，但被昴拯救后成为他最坚定的支持者。名言是""昴是蕾姆的英雄""。料理和家务全能。",Rem|蕾姆|雷姆|蓝色女仆|鬼族少女,蓝发|短发|鬼族|女仆|流星锤|自卑|温柔|昴的支柱|全能|姐控|毒舌,水濑祈
88576,拉姆,Re:从零开始的异世界生活,https://s4.anilist.co/file/anilistcdn/character/large/b88576-NWkotUiJ3mK3.png,罗兹瓦尔宅邸的双子女仆之一，蕾姆的姐姐。粉发鬼族，曾是最强的鬼族但因角被折断而魔力大减。性格傲娇毒舌，从不放过任何挖苦昴的机会但内心十分关心妹妹。与罗兹瓦尔有着复杂的关系。,Ram|拉姆|粉色女仆|鬼族姐姐,粉发|短发|鬼族|女仆|傲娇|毒舌|姐控|角断|原最强|风魔法,村川梨衣
88651,宫森葵,白箱,https://s4.anilist.co/file/anilistcdn/character/large/88651-QkCydMZc7HyK.jpg,"武藏野动画公司的制作进行。梦想是在动画业界工作——现在已经实现了但每天都被截稿日期追着跑。开着Toyota AE86奔波于各个制作环节之间。她的奋斗故事是所有在动画业界干活的人的真实写照。""我今天一定要拿到原画！""",Aoi Miyamori|宫森葵|Aoi|喵森,棕发|制作进行|AE86|动画业界|奋斗|努力|职场新人,暂未收录
88653,安原绘麻,白箱,https://s4.anilist.co/file/anilistcdn/character/large/88653-M6AsX8k4aEM6.jpg,"新人原画师，葵的高中同学。性格认真害羞，每天在作画桌前和原画战斗。""画不出想要的表情""——年轻的动画师的苦恼。在杉江先生的指导下逐渐成长为优秀的原画师。",Ema Yasuhara|安原绘麻|Ema,黑发|原画师|认真|害羞|作画|成长|动画师,暂未收录
88657,今井绿,白箱,https://s4.anilist.co/file/anilistcdn/character/large/88657-I3Acgj8ktl6J.png,立志成为脚本家的女大学生，葵的高中同学之一。在课余时间为动画公司打工积累经验。天然呆的文学少女，梦想写出一部属于自己的动画剧本。,Midori Imai|今井绿,棕发|脚本家|大学生|文学|天然呆|梦想,暂未收录
88707,加藤叶月,吹响吧上低音号,https://s4.anilist.co/file/anilistcdn/character/large/b88707-zzEOe2FDSdlv.jpg,久美子的同班同学和好友，大号手。元气满满的短发少女。虽然初学大号但热情不输任何人。暗恋同乐队的塚本秀一。是全剧中最温暖最普通的好朋友担当。,Hazuki Katou|加藤叶月,棕发|短发|大号|元气|好友|暗恋,暂未收录
88708,黄前久美子,吹响吧上低音号,https://s4.anilist.co/file/anilistcdn/character/large/b88708-ZiVPl8LjIjaK.jpg,"北宇治高中吹奏乐部的上低音号手。一年级时是个没什么干劲的半吊子——但在丽奈的影响下逐渐开始真正爱上了吹奏。和丽奈的关系是整部作品最核心的羁绊。""我想变得更好""——从这句话开始她的成长。第三年是吹奏乐部部长。",Kumiko Oumae|黄前久美子|Kumiko,棕发|上低音号|吹奏乐部|成长|丽奈的羁绊|部长|普通少女,暂未收录
88710,高坂丽奈,吹响吧上低音号,https://s4.anilist.co/file/anilistcdn/character/large/b88710-cFbSW1ga7Uax.png,"北宇治高中吹奏乐部的小号手。从小就立志成为最优秀的小号手。黑长直的高冷美人。对久美子有着超越友情的感情——""我想和你一起吹""。在县祭的夜晚穿着白衣站在久美子面前说出了最温柔的话。""久美子——你是特别的。""",Reina Kousaka|高坂丽奈|Reina,黑发|长直|小号|天才|高冷|对久美子的感情|白衣|特别的人,暂未收录
88727,一色彩羽,我的青春恋爱物语果然有问题,https://s4.anilist.co/file/anilistcdn/character/large/b88727-K9H1teOxoSLP.png,"某位孤僻前辈的学妹，性格古灵精怪的小恶魔。有着亚麻色的头发和琥珀色的眼睛，外表可爱甜美，实则精于算计。擅长利用自己的可爱和撒娇来达成目的，口头禅是""拜托啦～""。后来成为学生会的会长。她总是用半开玩笑的语气试探他人，但在关键时刻也会展现出认真可靠的一面。是个让人又爱又恨的可爱角色。",Iroha Isshiki|一色|彩羽|一色彩羽,亚麻色头发|琥珀色瞳|小恶魔|学生会会长|撒娇高手|腹黑|可爱系|后辈,Ayane Sakura
88747,安艺伦也,路人女主的养成方法,https://s4.anilist.co/file/anilistcdn/character/large/b88747-QKs2TbCGlZr0.png,[],Tomoya Aki|安艺伦也,,Yoshitsugu Matsuoka
88748,加藤惠,路人女主的养成方法,https://s4.anilist.co/file/anilistcdn/character/large/b88748-zPL68ZFgFRH8.png,[],Megumi Katou|加藤惠|圣人惠,,Kiyono Yasuno
88749,泽村·斯宾塞·英梨梨,路人女主的养成方法,https://s4.anilist.co/file/anilistcdn/character/large/b88749-loy0rBIbAcIC.png,[],Eriri Sawamura|英梨梨,,Saori Oonishi
88750,霞之丘诗羽,路人女主的养成方法,https://s4.anilist.co/file/anilistcdn/character/large/b88750-s7ZxVssLyP0p.png,[],Utaha Kasumigaoka|诗羽|学姐,,Ai Kayano
88753,艾拉,可塑性记忆,https://s4.anilist.co/file/anilistcdn/character/large/b88753-RO3lBZgzwdJF.jpg,"SAL终端服务部门的Giftia——即将到使用寿命的机器人少女。与司组成了回收过期Giftia的搭档。从第一次见面就笨拙地记住了司的名字。和司在一起的最后时光——每一天都是最美的回忆。""司——谢谢你。""",Isla|艾拉|アイラ,银发|Giftia|机器人|寿命将尽|回收搭档|温柔的告别,暂未收录
88754,水柿司,可塑性记忆,https://s4.anilist.co/file/anilistcdn/character/large/88754-1r7wmZfbyqKW.png,"SAL终端服务部门的新人员工——被分配与艾拉组成了回收Giftia的搭档。面对注定会失去的恋人在最后每一天都选择了珍惜和微笑。在摩天轮上的告别——""我会永远记得艾拉。""",Tsukasa Mizugaki|水柿司|Tsukasa,黑发|新人|回收员|珍惜当下|摩天轮|永远的约定,暂未收录
88817,岩谷尚文,盾之勇者成名录,https://s4.anilist.co/file/anilistcdn/character/large/b88817-Aku5CuN6wO2z.png,[],Naofumi Iwatani|尚文|盾之勇者,,Kaito Ishikawa
88860,贝尔·克朗尼,在地下城寻求邂逅是否搞错了什么,https://s4.anilist.co/file/anilistcdn/character/large/b88860-catfcwlvUYst.jpg,"渴望成为英雄的少年冒险者，白发红瞳，性格纯情而正直。他出身平凡，却怀揣着成为""英雄""的梦想，加入了某位女神的小小眷族。他拥有名为""一心憧憬""的技能，凭借对某人的憧憬与信念飞速成长。虽然经验尚浅，却在一次次生死战斗中磨砺自己。那份纯粹而炽热的意志，让他不断超越极限。",Bell Cranel|贝尔|克朗尼|小白兔,白发|红瞳|冒险者|英雄梦|成长|纯情|战斗|意志坚定,Yoshitsugu Matsuoka
88889,拉芙塔莉雅,盾之勇者成名录,https://s4.anilist.co/file/anilistcdn/character/large/b88889-CWYytVbCOPsV.png,[],Raphtalia|ラフタリア,,Asami Seto
88890,琉·璃昂,在地下城寻求邂逅是否搞错了什么,https://s4.anilist.co/file/anilistcdn/character/large/b88890-lJFKK5czkH9E.jpg,"精灵族的剑士，金发碧眼，气质清冷。她平日里在酒馆""丰饶的女主人""打工，是名优秀的店员。她拥有强大的战斗能力，剑术精湛，是可靠的战士。性格冷静克制，却有着一颗重情重义的心。她与酒馆的同伴们关系深厚，也以自己的方式守护着重要的人。那份凛然与温柔并存的气质令人着迷。",Ryuu Lion|琉|璃昂|妖精,金发|蓝瞳|妖精|剑士|店员|强大|冷静|温柔,Saori Hayami
88892,爆豪胜己,我的英雄学院,https://s4.anilist.co/file/anilistcdn/character/large/b88892-bdOha3lNcaN6.png,"爆豪胜己是绿谷的青梅竹马，拥有爆破个性。性格暴躁好胜但天赋极高，内心深处渴望成为最强英雄。口头禅是""去死吧""。",Katsuki Bakugou|爆豪|胜己|咔酱|Bakugo|小胜,金发|红色眼瞳|暴躁|好胜|傲娇|天赋极高|爆破个性|英雄科|战斗天才|幼驯染|No.1目标,冈本信彦
88897,莉莉露卡·厄德,在地下城寻求邂逅是否搞错了什么,https://s4.anilist.co/file/anilistcdn/character/large/b88897-2xey5UG7Qr2S.png,负责支援冒险者的小个子少女，曾经为生存不择手段，甚至欺骗过不少人。她背负着沉重的过去，独自在残酷的冒险者世界里挣扎。与某位少年相遇后，她的人生开始改变。她精明能干，善于在迷宫中发现宝物和危险。那份历经磨难却依然努力活下去的坚强，令人敬佩。,Liliruca Arde|莉莉|厄德,棕发|棕瞳|支援者|小个子|精明|背负|成长|坚强,Maaya Uchida
88923,中川夏纪,利兹与青鸟,https://s4.anilist.co/file/anilistcdn/character/large/b88923-YR8ykPfq5bMV.png,吹奏乐部的低音提琴手，在利兹与青鸟中作为希美和霙故事线的第三视角。是故事的见证者之一。,Natsuki Nakagawa|中川夏纪,棕发|低音提琴|吹奏乐部|见证者,暂未收录
88993,一濑红莲,终结的炽天使,https://s4.anilist.co/file/anilistcdn/character/large/b88993-YNw36YYleasn.png,"帝鬼军的中佐——优一郎和米迦尔的监护人。在最黑暗的时期保护了唯一存活的几个孩子。用自己的方式与掌控帝鬼军的权力者周旋。""这群孩子——我来保护。""",,,Yuuichi Nakamura
89025,莱昂纳多·沃奇,幻界战线,https://s4.anilist.co/file/anilistcdn/character/large/b89025-mUe7SN8rIaWP.png,"拥有""神之义眼""的青年——被神秘生物赋予了看穿一切的眼睛。加入秘密结社莱布拉只是为了在纽约地狱般的地下世界活下来。每天都在被怪物追着跑然后一脸茫然地问""为什么是我——""。",,,Daisuke Sakaguchi
89028,绿谷出久,我的英雄学院,https://s4.anilist.co/file/anilistcdn/character/large/b89028-8w1I9o1ISHMg.png,"绿谷出久是我的英雄学院的主角。天生无""个性""，但被No.1英雄欧尔麦特选中继承了One For All力量。对英雄的热爱和执着让他不断突破极限。",Izuku Midoriya|绿谷|出久|Deku|人久|One For All继承者,绿发|绿色眼瞳|雀斑|善良|执着|分析狂|One For All|英雄科|无个性出身|英雄狂热者|笔记狂魔,山下大辉
89054,直树美纪,学园孤岛,https://s4.anilist.co/file/anilistcdn/character/large/b89054-q2NQTe28T9YW.jpg,学园生活部的成员，棕色长发，性格冷静理性。她最初对眼前的一切感到无法接受，却在相处中逐渐融入了这个特殊的集体。她观察敏锐，是团队中理智的声音。她的成长，是从逃避到面对的转变。那份理性之下的坚强，令人动容。,Miki Naoki|直树美纪|美纪,棕色长发|棕瞳|学园生活部|冷静|理性|成长|坚强|观察,Rie Takahashi
89055,佐仓慈,学园孤岛,https://s4.anilist.co/file/anilistcdn/character/large/b89055-qqBdOFBnbALG.jpg,学园生活部的顾问老师，黑发，性格温柔可靠。她如同母亲般守护着学生们，是大家最信赖的依靠。她温柔的笑容，是这个残酷世界里最温暖的慰藉。她为了学生们付出了全部，甚至不惜牺牲自己。那份无私的守护与爱，令人肃然起敬。,Megumi Sakura|佐仓慈|慈老师,黑发|棕瞳|老师|温柔|守护|牺牲|母亲般|可靠,Ai Kayano
89057,太郎丸,学园孤岛,https://s4.anilist.co/file/anilistcdn/character/large/89057-UNfQPNW1XJ9k.jpg,学园生活部养的小狗，是大家忠实的伙伴。它可爱忠诚，总是陪伴在少女们身边，为这个残酷的世界带来一丝温暖。它虽然不会说话，却用行动表达着关怀。那份纯粹的陪伴，是这个绝望世界里难得的慰藉。,Taroumaru|太郎丸|太郎,小狗|宠物|可爱|忠诚|陪伴|治愈|伙伴|温暖,Emiri Katou
89103,安兹·乌尔·恭,OVERLORD,https://s4.anilist.co/file/anilistcdn/character/large/b89103-ZsnA0r77GHsR.png,"原名铃木悟——在游戏关服后发现自己和整个公会一起穿越到了异世界。变成了自己所创建的骷髅魔法师角色。为了寻找同伴和保护纳萨力克大坟墓开始了征服世界的旅途。外表是恐怖的骷髅王但内心还是那个普通的社畜玩家。在守护者面前被迫扮演完美的统治者。""我——安兹·乌尔·恭——绝不会让纳萨力克倒下。""",Momonga|安兹·乌尔·恭|Ainz|鈴木悟|鈴木悟,骷髅|魔法师|不死者之王|纳萨力克|穿越|社畜|最强统治者|演技,日野聪
89106,克劳斯·冯·莱因赫兹,幻界战线,https://s4.anilist.co/file/anilistcdn/character/large/b89106-nhuUmojcyv9w.png,"莱布拉的领袖——用拳头说话的红发巨汉。战斗风格——用牙齿咬碎对手然后用拳头轰飞整条街。可以徒手拧断吸血鬼的头。对同伴无比温柔——""保护这座城市的日常——就是我们莱布拉的使命。""",,,Rikiya Koyama
89121,夏提雅·布拉德弗伦,OVERLORD,https://s4.anilist.co/file/anilistcdn/character/large/b89121-N8hzLH4nfWna.png,"纳萨力克地下大坟墓第一至第三层的守护者——吸血鬼真祖。拥有最强的近战能力。对安兹有着狂热的爱慕——到了听到他的名字就会变形的程度。曾被世界级道具精神控制后与安兹单挑——那一战是全系列最经典的战斗。""安兹大人——请允许我为您献上一切。""",Shalltear Bloodfallen|夏提雅|シャルティア,银发|吸血鬼|守护者|最强近战|安兹狂热|被控制|椅子,暂未收录
89130,扎普·伦弗洛,幻界战线,https://s4.anilist.co/file/anilistcdn/character/large/89130-W0uwE4ZDzcUq.jpg,"莱布拉的剑士——操纵血液战斗的银发流氓。每次见到莱昂纳多都在欺负他但也总是在最危险的时候挡在他面前。""小鬼——这是大人的战斗——你退后。""",,,Kazuya Nakai
89152,娜贝拉尔·伽玛,OVERLORD,https://s4.anilist.co/file/anilistcdn/character/large/b89152-S3WrhOMakSCq.png,"纳萨力克的战斗女仆之一——娜贝。跟随安兹前往人类国度执行潜伏任务。外表是高冷美人但看不起除了安兹和纳萨力克同伴之外的任何生物。被安兹派到冒险者公会当冒险者。""安兹大人以外的生物都不配活着""——她真的这么想。",Narberal Gamma|娜贝拉尔|Narberal|ナーベラル,黑发|战斗女仆|魔法师|娜贝|冒险者|看不起人类|忠诚,暂未收录
89154,潘多拉·亚克特,OVERLORD,https://s4.anilist.co/file/anilistcdn/character/large/89154-jbsFsEsjL3aS.jpg,"安兹亲手创造的NPC——纳萨力克的宝物殿管理者。能变身成任何见过的人并使用其能力。行为举止极度夸张——因为他被安兹设定成了""中二病全开的角色""。每次出场都是德语腔调的戏剧化表演。是安兹最不愿面对的黑历史但他也是纳萨力克不可替代的军师。",Pandora Actor|潘多拉·亚克特|パンドラズアクター,变形|宝物殿|中二病|德语|戏剧化|安兹的尴尬,暂未收录
89196,福泽谕吉,文豪野犬,https://s4.anilist.co/file/anilistcdn/character/large/b89196-E2tIf6nIPKnW.png,"武装侦探社的社长——传说中的银狼剑客。前政府暗杀者。用自己的能力""人上人不造""来统率和管理社员们。外表威严但对待社员如父亲般保护。是整个侦探社的脊梁。",Yukichi Fukuzawa|福泽谕吉|Fukuzawa|社长,银发|社长|银狼|前暗杀者|威严|父亲般|保护者,暂未收录
89197,中岛敦,文豪野犬,https://s4.anilist.co/file/anilistcdn/character/large/b89197-vB5kP72ruckV.png,"被孤儿院赶出来后在河边饿得快死时遇到了正在""自杀""的太宰治——从此被拉入武装侦探社。能力""月下兽""可以变身为白虎。极度自卑但在同伴的信任中逐渐找到了自我价值。与芥川龙之介是宿命中的对手兼搭档。",Atsushi Nakajima|中岛敦|Atsushi|敦,白发|白虎|月下兽|武装侦探社|自卑|成长|太宰捡来的,暂未收录
89198,太宰治,文豪野犬,https://s4.anilist.co/file/anilistcdn/character/large/b89198-qKmRTw4Y3PRC.png,"武装侦探社的核心成员——能力""人间失格""能无效化一切异能。每天乐此不疲地尝试各种自杀方式（被敦和国木田制止）。曾经是港口黑手党的最年轻干部。在轻浮迷人的外表下是无人能看透的过去和精密的大脑。全剧最大的谜团和最深的温柔。",Osamu Dazai|太宰治|Dazai|ダザイ,棕发|人间失格|前黑手党|自杀爱好者|天才|神秘|侦探社,暂未收录
89199,芥川龙之介,文豪野犬,https://s4.anilist.co/file/anilistcdn/character/large/b89199-h8tHKG8vKPNZ.png,"港口黑手党的游击队队长——能力""罗生门""能将外套化为吞噬一切的黑兽。冷酷残忍的外表下是对太宰认可的病态执着。与中岛敦命中注定的战斗和合作是整部作品最燃的部分。""我是不会输给你这种人的——人虎！""",Ryuunosuke Akutagawa|芥川龙之介|Akutagawa,黑发|罗生门|黑手党|冷酷|太宰执着|敦的宿敌|黑色外套,暂未收录
89200,国木田独步,文豪野犬,https://s4.anilist.co/file/anilistcdn/character/large/b89200-mZJo7iEwJGzg.png,"武装侦探社的理想主义实干派——太宰的搭档兼负责把他从河里捞上来的人。能力""独步吟客""能将笔记本上写的任何东西具现化。随身携带一本写得密密麻麻的理想笔记本。""太宰——你又去跳河了？！""",Doppo Kunikida|国木田独步|Kunikida,金发|眼镜|独步吟客|笔记本|太宰搭档|理想主义|捞太宰,暂未收录
89220,轰焦冻,我的英雄学院,https://s4.anilist.co/file/anilistcdn/character/large/b89220-KNBwaVFAR8FD.png,雄英高中英雄科一年级学生，No.2英雄安德瓦之子。拥有半冷半燃的双重个性——左半身冰、右半身火。因父亲的家庭暴力而长期拒绝使用火焰能力，后在绿谷的鼓励下解开心结。实力极强，目标是成为不靠父亲的英雄。,Shouto Todoroki|轰焦冻|Shoto|Todoroki|半冷半燃,双色发|异色瞳|半冷半燃|冰与火|天才|高冷|家庭创伤|安德瓦之子|雄英高中|推荐入学,梶裕贵
89221,丽日御茶子,我的英雄学院,https://s4.anilist.co/file/anilistcdn/character/large/b89221-gSF2a4gPbG4m.png,丽日御茶子是绿谷的同学，拥有无重力个性。性格开朗善良，来自普通家庭，成为英雄是为了让父母过上好生活。对绿谷有好感。,Ochako Uraraka|御茶子|丽日|Ochako|无重力|茶茶,棕发|棕色眼瞳|可爱|开朗|善良|无重力|英雄科|为家赚钱|格斗术|漂浮|宇宙服|贫困出身,佐仓绫音
89223,蛙吹梅雨,我的英雄学院,https://s4.anilist.co/file/anilistcdn/character/large/b89223-5762vburxnlz.png,"雄英高中英雄科一年级学生，个性是""蛙""——拥有青蛙的各种能力，包括超长舌头、水面跳跃和出色的水中机动性。性格冷静成熟，说话时会加""呱""口癖。虽然在班级中不显眼但极有判断力。",Tsuyu Asui|蛙吹梅雨|Tsuyu|蛙吹|梅雨ちゃん,绿发|蛙个性化|长舌|冷静|成熟|水中战|雄英高中|口癖呱|判断力强,悠木碧
89224,欧尔麦特,我的英雄学院,https://s4.anilist.co/file/anilistcdn/character/large/b89224-K6KEuQAuYKzq.jpg,前No.1职业英雄，被称为和平的象征。拥有压倒性的力量和速度。在一次与宿敌的战斗中受重伤后实力大减，选择将力量传承给下一代。肌肉形态与真身形态判若两人。标志性的笑声和乐观精神感染了无数人。,Toshinori Yagi|All Might|欧尔麦特|八木俊典|和平的象征,金发|蓝色眼瞳|双形态|正义|无私|英雄|和平的象征|One For All|肌肉形态|瘦弱真身|No.1|雄英教师,三宅健太
89225,相泽消太,我的英雄学院,https://s4.anilist.co/file/anilistcdn/character/large/b89225-XBgvUhI9naVI.png,"雄英高中英雄科一年A班的班主任，职业英雄名""消除英雄Eraser Head""。个性是""消除""——注视目标时可以暂时消除对方的个性。平时以睡袋示人，对学生极为严格但内心十分关心他们。",Shouta Aizawa|相泽消太|Aizawa|Eraser Head|橡皮头|相泽老师,黑发|长发|倦怠|严格|内热|消除个性|Eraser Head|雄英教师|睡袋|绷带|红眼,諏访部顺一
89226,死柄木弔,我的英雄学院,https://s4.anilist.co/file/anilistcdn/character/large/b89226-qGXqFthO4SM3.jpg,"敌联合的首领，个性是""崩坏""——任何被他五指触碰的东西都会粉碎。全身覆盖着被自己抓伤的伤痕，被All For One收为弟子和继承人。内心对英雄社会充满仇恨，真实身份隐藏着重大秘密。",Tomura Shigaraki|死柄木弔|Shigaraki|志村转弧|敌联合首领,白发|红色眼瞳|干枯皮肤|崩坏个性|敌联合|首领|疯狂|游戏宅|All For One弟子|反派|伤痕,内山昂辉
89244,峰田实,我的英雄学院,https://s4.anilist.co/file/anilistcdn/character/large/b89244-VVwK9loDHeTV.png,雄英高中英雄科一年级学生，身材矮小的非典型英雄。个性是葡萄——可以从头上摘下超粘性的紫色球体投向敌人使其动弹不得。极度好色，常在关键时刻展现出意想不到的勇气。,Minoru Mineta|峰田|葡萄|Mineta,紫发|矮小|好色|狡猾|机智|葡萄|英雄科|粘性球|敏捷|小聪明,广桥凉
89277,饿狼,一拳超人,https://s4.anilist.co/file/anilistcdn/character/large/b89277-xBGb4B5YISXg.png,"原邦古的弟子，被英雄协会视为S级威胁的人类怪人。小时候总是被迫扮演被英雄打倒的怪人角色而形成了对英雄的逆反心理。拥有超强的武术天赋和""英雄狩猎""的称号，最终几乎完全怪人化。",Garou|饿狼|Garou|英雄猎人,灰发|武术|英雄狩猎|怪人|人类怪人|格斗天才|逆反|中二|曾被霸凌|已超越极限,绿川光
89313,哈尔希洛,灰与幻想的格林姆迦尔,https://s4.anilist.co/file/anilistcdn/character/large/b89313-uSvLfoxddA1K.png,"失去记忆、在异世界""格林姆迦尔""醒来的青年，被迫成为义勇兵以求生存。他成为了小队的队长，性格冷静而善于思考。他并非天生的战士，却在残酷的现实中不断磨砺自己。他背负着带领同伴活下去的责任，一次次做出艰难的抉择。他的成长，是一个普通人如何在绝境中变得坚强的故事。",Haruhiro|哈尔希洛|哈尔,黑发|黑瞳|盗贼|队长|冷静|成长|异世界|思考,Yoshimasa Hosoya
89314,梦儿,灰与幻想的格林姆迦尔,https://s4.anilist.co/file/anilistcdn/character/large/b89314-uTnztcUOdui0.png,在异世界醒来的少女猎人，红色头发，性格直率元气。她擅长使用弓箭，在战斗中灵活敏捷。她总是用爽朗的笑容和直来直去的言行，为小队带来活力。虽然有时会因冲动而陷入危险，却从不退缩。那份天真之下的勇敢与善良，是队伍中不可或缺的温暖。,Yume|梦儿|尤梅,红发|红瞳|猎人|元气|直率|弓箭|活泼|善良,Mikako Komatsu
89315,蓝德,灰与幻想的格林姆迦尔,https://s4.anilist.co/file/anilistcdn/character/large/b89315-vPk7tQMpAEJF.png,小队的暗黑骑士，性格轻浮吵闹，总是一副吊儿郎当的样子。他满嘴不着边际的话，常常惹队友生气。然而在战斗中，他却意外地可靠，是队伍里冲锋陷阵的战士。他看似漫不经心，实则比谁都关心同伴。那份口是心非的温柔，让他成为队伍中最鲜活的存在。,Ranta|蓝德|兰塔,黑发|红瞳|暗黑骑士|轻浮|吵闹|毒舌|傲娇|可靠,Hiroyuki Yoshino
89316,席赫露,灰与幻想的格林姆迦尔,https://s4.anilist.co/file/anilistcdn/character/large/b89316-kQi4arsp455S.png,小队的魔法师，黑色头发，性格害羞内向。她曾经缺乏自信，总是畏畏缩缩，却拥有成为魔法师的才能。在队友们的鼓励下，她逐渐成长，学会了信任自己。她施展的魔法威力强大，是队伍中重要的输出。那份从怯懦走向坚强的转变，令人动容。,Shihoru|席赫露|希赫露,黑发|黑瞳|魔法师|害羞|内向|魔法|成长|温柔,Haruka Terui
89317,马纳多,灰与幻想的格林姆迦尔,https://s4.anilist.co/file/anilistcdn/character/large/b89317-IK3uBl1On6o9.png,小队的原队长，金发神官。他性格温柔成熟，是队伍的灵魂人物，将一群失忆的陌生人凝聚成了同伴。他总是不求回报地照顾着每一个人，是大家最信赖的依靠。他的存在，让这个脆弱的队伍有了向前的勇气。他的离去，成为了所有队员心中永远的痛，也成为了他们成长的契机。,Manato|马纳多|马纳托,金发|蓝瞳|神官|领导|温柔|成熟|治愈|牺牲,Nobunaga Shimazaki
89321,芭芭拉,灰与幻想的格林姆迦尔,https://s4.anilist.co/file/anilistcdn/character/large/b89321-GvAYZzrRJjbj.png,义勇兵团的资深神官，性格冷静可靠。她作为前辈，指导着刚来到这个世界的义勇兵们。她经历过无数生死，深知这个世界的残酷，却依然温柔地对待后辈。她的话语中蕴含着宝贵的经验与关怀。那份沉稳与温柔，是新手们在这个残酷世界里难得的慰藉。,Barbara|芭芭拉|巴巴拉,黑发|棕瞳|神官|冷静|前辈|指导|温柔|可靠,Mamiko Noto
89334,灵幻新隆,灵能百分百,https://s4.anilist.co/file/anilistcdn/character/large/b89334-OPj1hCzvrt7X.png,"自称""灵能师""的男子，经营着一家灵类咨询所。虽然本身没有任何超能力，却凭借三寸不烂之舌和江湖手段混得风生水起。他满口大道理，市侩精明，靠话术和按摩（而非灵力）解决各种委托。然而在关键时刻，他却总是展现出超乎寻常的可靠与担当，是主角最重要的引路人。那句""你就是主角""的鼓励，改变了少年的一生。",Arataka Reigen|灵幻|师傅|灵幻新隆,金发|棕瞳|灵能师|欺诈师|口才|社会人|市侩|可靠,Takahiro Sakurai
89343,与太郎,昭和元禄落语心中,https://s4.anilist.co/file/anilistcdn/character/large/b89343-uhGYuy5LWMjP.png,刑满释放后拜八云为师的落语家，性格热血真诚。他原本是个小混混，却因一场落语演出而深深着迷，决心投身落语。他尊师重道，对落语充满纯粹的敬意与热爱。他努力磨炼技艺，逐渐成长为能够独当一面的艺人。那份笨拙却真挚的热情，是落语传承中最可贵的火种。,Yotarou|与太郎|与太郎,黑发|黑瞳|落语家|徒弟|热血|真诚|努力|继承,Tomokazu Seki
89345,有乐亭八云,昭和元禄落语心中,https://s4.anilist.co/file/anilistcdn/character/large/b89345-uIbJhd3aS0mf.png,"被誉为""昭和最后的落语大师""的落语家，白发苍苍却技艺登峰造极。他性格孤傲，对落语有着近乎偏执的执着。他年轻时与挚友一起投身落语的世界，经历了辉煌与失去。如今他背负着落语传承的重担，在时代变迁中守护着这门艺术。他的人生，是一部关于才华、孤独与传承的史诗。",Yakumo Yuurakutei|八云|有乐亭八云,白发|棕瞳|落语家|大师|孤傲|才华|传承|衰老,Akira Ishida
89346,助六,昭和元禄落语心中,https://s4.anilist.co/file/anilistcdn/character/large/b89346-6b3DRWQ56Dup.png,与八云同门的落语家，天才般的存在。他的落语自由奔放，充满生命力，是那个时代最具才华的艺人之一。他性格不羁，不愿被传统束缚，也因此与时代和师门产生冲突。他的一生如同绚烂的烟火，短暂却耀眼。他的才华与命运，深深影响了身边的每一个人。,Sukeroku Yuurakutei|助六|有乐亭助六,黑发|黑瞳|落语家|天才|自由|不羁|悲剧|才华,Kouichi Yamadera
89347,岬明乃,高校舰队,https://s4.anilist.co/file/anilistcdn/character/large/b89347-GoywqgrgjD9U.png,,Akeno Misaki|明乃,,Shiina Natsukawa
89361,惠惠,为美好的世界献上祝福,https://s4.anilist.co/file/anilistcdn/character/large/b89361-tq8PQQ4MmF0M.png,"红魔族的大魔法使，只会使用爆裂魔法——吟唱完一发后立刻倒地动弹不得。对爆裂魔法有着近乎信仰般的执念，拒绝学习任何其他魔法。戴着标志性的尖帽子和红色魔法杖。每天不爆裂一次就浑身不舒服。名言是""Explosion！""",Megumin|惠惠|めぐみん|爆裂魔导师|红魔族第一天才,黑发|红魔族|爆裂魔法|贫乳|一发倒|中二病|尖帽子|眼罩|魔法杖|Explosion|每日爆裂,高桥李依
89362,阿库娅,为美好的世界献上祝福,https://s4.anilist.co/file/anilistcdn/character/large/b89362-ibkc0eoECaW1.png,水之女神，被和真转生时拉下水一起带到异世界。拥有极强的治疗和净化能力但这些能力完全浪费在她的智障行为上。每次作死搞事被和真骂就会哭出声而且哭声大到召唤洪水。全剧智商地板兼搞笑担当。属性和数值被和真拿去当打牌素材。,Aqua|阿库娅|アクア|智障女神|废物女神,蓝发|女神|智障|治疗|净化|爱哭|宴会艺人|智商地板|搞笑担当|水之女神,雨宫天
89363,达克妮斯,为美好的世界献上祝福,https://s4.anilist.co/file/anilistcdn/character/large/b89363-mm21Ll4NegUD.png,十字骑士团的骑士——拥有出色的防御力但攻击命中率为零。因为是个抖M。非常非常严重的受虐狂，战斗时甚至会因为被怪物打得太爽而感动。真实身份是名门贵族大小姐拉拉蒂娜。外表金发碧眼的淑女内在已经完全崩坏。,Darkness|达克妮斯|Lalatina|ダクネス|拉拉蒂娜|十字骑士,金发|碧眼|骑士|抖M|贵族|攻击打不中|盾牌|防御力MAX|肌肉控|大小姐,茅野爱衣
89364,佐藤和真,为美好的世界献上祝福,https://s4.anilist.co/file/anilistcdn/character/large/b89364-7Th8Tv1XKJtt.png,被拖拉机吓死后转生到异世界的尼特族。转生女神让他带一件物品去异世界，他选择了嘲笑他的女神阿库娅本人从这里开始人生就全是坑。拥有鬼畜级的幸运值和不正经的战斗方式（偷窃术→偷内裤）。带领着三个坑货女神/废柴队友在异世界摸爬滚打。,Kazuma Satou|佐藤和真|Kazuma|鬼畜和真|人渣真,棕发|尼特族|转生者|鬼畜|高幸运|吐槽役|冒险者|偷窃术|智障队友|异世界|老司机,福岛润
89424,梅莉,灰与幻想的格林姆迦尔,https://s4.anilist.co/file/anilistcdn/character/large/b89424-8m6l2xYz6EVb.png,加入小队的金发神官，擅长治疗与支援。她外表冷静，内心却背负着失去队友的悲伤过去。这份伤痛让她一度封闭自己，却在与新队友的相处中逐渐治愈。她坚强可靠，是队伍中重要的支柱。那份经历过失去却依然选择前行的勇气，令人敬佩。,Mary|梅莉|玛丽,金发|蓝瞳|神官|治愈|冷静|坚强|悲伤过去|可靠,Chika Anzai
89425,海崎新太,ReLIFE,https://s4.anilist.co/file/anilistcdn/character/large/b89425-vLPRybM1gNa7.png,"27岁的无业青年——参加了""ReLIFE""实验回到高中重读一年。外表恢复到17岁回到校园。面对比自己小十岁的同学——他用成年人的温柔和少年人的热情重新度过青春。实验结束后所有关于他的记忆会被消除——但他无法不爱上那个叫日代千鹤的少女。",Arata Kaizaki|海崎新太|Kaizaki,黑发|27岁|ReLIFE|返老还童|高中|被遗忘|恋爱,暂未收录
89426,日代千鹤,ReLIFE,https://s4.anilist.co/file/anilistcdn/character/large/b89426-9VS3dWDKDs4v.jpg,"ReLIFE实验的另一个被实验者——成绩垫底、社交恐惧的面瘫少女。不会笑——但海崎教会了她。""为了不让这段记忆消失——我一定要把今天的事情记住。""当实验结束时——她选择和他一起面对那不可避免的遗忘。",Chizuru Hishiro|日代千鹤|Hishiro,黑发|面瘫|社交恐惧|被实验者|不会笑|学习|恋爱,暂未收录
89428,小野屋杏,ReLIFE,https://s4.anilist.co/file/anilistcdn/character/large/b89428-8UUfkFTy5jGR.png,ReLIFE研究所的职员——在海崎的高中当保健老师监视实验进度。每天笑眯眯地给海崎发实验任务。看似轻浮但对自己的工作极其负责。是最关心海崎和千鹤的实验结果的人。,An Onoya|小野屋杏|An,棕发|保健老师|研究所|监视|开朗|关心,暂未收录
89445,奈津惠,请问您今天要来点兔子吗,https://s4.anilist.co/file/anilistcdn/character/large/89445-KvLDxACu8tf3.jpg,和风咖啡厅的店员，性格安静温柔的少女。她在店里负责烘焙，做出的点心精致可口。虽然话语不多，却总是用温暖的笑容迎接每一位客人。她与活泼的朋友们形成鲜明的对比，是那个安静治愈的存在。那份不张扬的温柔，正是她最珍贵的魅力。,Megumi Natsu|奈津惠|惠,棕发|绿瞳|安静|温柔|烘焙|咖啡厅|治愈|笑容,Rie Murakawa
89520,条河麻耶,请问您今天要来点兔子吗,https://s4.anilist.co/file/anilistcdn/character/large/b89520-UIREtjdIaMfx.png,某位咖啡师少女的同班同学兼好友，性格活泼开朗的小个子少女。她总是充满活力，是那种能瞬间点亮气氛的存在。虽然有时会有点冒失，却对朋友真诚无比。她与那位少女之间的友谊纯真而美好。那份不加修饰的开朗，是故事中一抹明亮的色彩。,Maya Jouga|条河麻耶|麻耶,棕发|棕瞳|活泼|学生|朋友|元气|小个子|可爱,Sora Tokui
89577,美代吉,昭和元禄落语心中,https://s4.anilist.co/file/anilistcdn/character/large/b89577-UBrRl4ZP8oWT.png,一位美丽的艺伎，与落语家们有着纠缠一生的情感羁绊。她深情而执着，在爱与命运之间挣扎。她的人生充满了悲剧色彩，那份炙热的情感既成就了她，也毁灭了她。她是一个复杂而鲜活的人物，她的存在深刻影响了身边人的命运。,Miyokichi|美代吉|美代吉,黑发|棕瞳|艺伎|深情|悲剧|执着|美丽|复杂,Megumi Hayashibara
89616,影山茂夫,灵能百分百,https://s4.anilist.co/file/anilistcdn/character/large/b89616-dXmdOc7L6SDi.png,"外表平平无奇的中学生，却是拥有超强灵能力的超能力者，外号""龙套""（Mob）。他平时极力压抑自己的情感，因为情绪一旦突破临界值，就会爆发出毁灭性的力量。他渴望成为普通的人，为此努力过着平凡的生活。虽然拥有令人恐惧的力量，内心却无比善良，从不用力量伤害他人。他的成长，是关于如何接纳自我、表达情感的旅程。",Shigeo Kageyama|Mob|龙套|茂夫|影山茂夫,黑发|黑瞳|超能力者|情感抑制|爆发状态|善良|平凡|强大灵力,Setsuo Itou
89617,小酒窝,灵能百分百,https://s4.anilist.co/file/anilistcdn/character/large/b89617-HHZ1kziYxc0q.png,"原上级恶灵，因为想成为""神""而附身人体，却被主角轻松击败，从此沦为搞笑搭档。本体是一团绿色的灵体，总是摆出夸张的表情。他自称""上等灵""，野心勃勃却屡屡碰壁。虽然嘴上总是算计，但在关键时刻会挺身而出保护伙伴。是故事中最具喜剧色彩、也最让人意想不到的角色之一。",Ekubo|小酒窝|酒窝灵,绿色灵体|灵|搞笑|附身|上等灵|野心|伙伴|逗趣,Akio Ootsuka
89618,影山律,灵能百分百,https://s4.anilist.co/file/anilistcdn/character/large/b89618-iSTUyCdu1yZ8.png,某位超能力者的弟弟，成绩优异的优等生。与平凡无奇的哥哥不同，他一直是众人眼中的优秀学生。然而内心深处，他对拥有超能力的哥哥抱有复杂的自卑与憧憬。这份压抑的情感最终让他觉醒了超能力，也让他一度迷失。他理性而克制，却比谁都渴望力量。他的故事，是关于如何接纳自己与哥哥的差异。,Ritsu Kageyama|律|影山律,黑发|黑瞳|超能力者|优等生|弟弟|自卑|理性|觉醒,Miyu Irino
89621,花泽辉气,灵能百分百,https://s4.anilist.co/file/anilistcdn/character/large/b89621-3uLnmhFOGYFv.png,与主角同龄的超能力者，曾因拥有超能力而自视甚高，是学校的风云人物。金发碧眼，外表光鲜，内心却因力量而骄傲自负。在与主角的冲突中遭遇惨败，从此洗心革面，努力成为一个真正值得尊敬的人。他依然有些自恋和傲娇，但已经学会了谦逊与善意。是主角重要的同伴之一。,Teruki Hanazawa|花泽辉气|辉气,金发|绿瞳|超能力者|自恋|学生会长|改造|傲娇|成长,Yoshitsugu Matsuoka
89707,小夏,昭和元禄落语心中,https://s4.anilist.co/file/anilistcdn/character/large/b89707-DfHh2BWE5i5q.png,落语世家的女儿，性格坚强倔强。她从小在落语的世界中长大，与八云家有着千丝万缕的联系。她独立自主，努力在男性主导的落语界寻找自己的位置。她既要面对身世的复杂，又要承担起家庭的责任。那份历经磨难却依然挺立的坚强，令人敬佩。,Konatsu|小夏|小夏,黑发|棕瞳|坚强|倔强|成长|落语世家|母亲|独立,Yuu Kobayashi
89730,知床铃,高校舰队,https://s4.anilist.co/file/anilistcdn/character/large/b89730-G6qXjTgoiB7q.png,,Rin Shiretoko|铃,,Yurika Kubo
89797,佐藤,亚人,https://s4.anilist.co/file/anilistcdn/character/large/b89797-7FYeQEmgLdcj.png,最危险的反派——不死之身的亚人。把游戏作为人生唯一的乐趣。用最残忍的方式测试亚人的不死极限。白发眼镜老者的微笑背后是最疯狂的战斗天才。,Satou|佐藤|サトウ,白发|眼镜|亚人|不死|疯狂|游戏|反派|恐怖,暂未收录
89885,辉夜姬,辉夜姬物语,https://s4.anilist.co/file/anilistcdn/character/large/89885-ruLmoJQAQPsp.jpg,"从竹子中诞生被竹取翁夫妇养大的天女。在人间经历了成长的喜悦、被囚禁的痛苦和恋爱的无奈。当月光下的天人来接她回月亮时她拼命涂掉了前世的所有记忆——""我不想忘记——这个世上的一切——""",Kaguya-hime|辉夜姬|かぐや姫,黑发|竹取|天女|公主|人间|成长|不舍,暂未收录
89975,冈崎由真,捏造陷阱,https://s4.anilist.co/file/anilistcdn/character/large/b89975-VY76MlI6YYuU.png,"普通的女高中生，有一个交往中的男朋友。与青梅竹马的水科萤重逢后，被萤以""练习""为名带入了秘密的关系中。在男友和萤之间摇摆不定，逐渐意识到自己对萤的真实感情。",Yuma Okazaki|冈崎由真|Yuma,棕发|女高中生|青梅竹马|被引导|纠结|双性恋|内向,加隈亚衣
89976,水科萤,捏造陷阱,https://s4.anilist.co/file/anilistcdn/character/large/b89976-BwNm1AnYeonG.png,"由真的青梅竹马，高中时重逢。表面上开朗大方但内心隐藏着复杂的感情。主动引导由真进行""秘密关系""，真实动机是想要帮助由真认清自己的感情。",Hotaru Mizushina|水科萤|Hotaru,黑发|长发|开朗|主动|秘密关系|青梅竹马|引导者,五十岚裕美
89977,藤原,捏造陷阱,https://s4.anilist.co/file/anilistcdn/character/large/b89977-k8QuN63FwLRG.png,萤的男朋友，与由真和武田是朋友关系。对萤有着强烈的占有欲。,Fujiwara|藤原,黑发|占有欲|男友,暂未收录
89978,武田,捏造陷阱,https://s4.anilist.co/file/anilistcdn/character/large/b89978-b5Vs8hiwfEdp.png,由真的男朋友，温柔体贴的普通男高中生。虽然察觉到由真的变化但始终信任和支持她。,Takeda|武田,棕发|温柔|男友|理解|配角,暂未收录
90107,齐木楠雄,齐木楠雄的灾难,https://s4.anilist.co/file/anilistcdn/character/large/b90107-ZULW5HlPX1uU.png,"拥有所有超能力的高中生——心灵感应、瞬间移动、念动力、时间回溯……他想过的是普通的生活所以每天用各种方式隐藏自己的能力。粉发绿眼镜是为了抑制石化能力。口头禅是""呀嘞呀嘞""。最爱吃咖啡果冻。他的烦恼是——""身边的人全都有问题""。",Kusuo Saiki|齐木楠雄|Saiki|斉木楠雄,粉发|眼镜|超能力者|心灵感应|咖啡果冻|呀嘞呀嘞|想当普通人,神谷浩史
90108,燃堂力,齐木楠雄的灾难,https://s4.anilist.co/file/anilistcdn/character/large/b90108-BJYQbUaMLS7G.png,"齐木的同学——头脑简单四肢发达。唯一能免疫齐木心灵感应的人——因为他脑子里什么想法都没有所以无话可读。每天强行搭齐木的肩说""我们一起去吃拉面吧！""。齐木最头疼的人但慢慢也变成了他最好的朋友。",Riki Nendou|燃堂力|Nendou,光头|肌肉|白痴|零思想|拉面|齐木的朋友,暂未收录
90109,照桥心美,齐木楠雄的灾难,https://s4.anilist.co/file/anilistcdn/character/large/b90109-hr98ksrKzMOe.png,"完美的美少女——这是全世界的共识。无论走到哪里都会被众人围观仰慕。唯一不被她迷惑的人是齐木楠雄——这让她无法接受并决心让他说出""哦呼""。内心吐槽之魂不亚于齐木本人。",Kokomi Teruhashi|照桥心美|Teruhashi,蓝发|美少女|完美|被所有人喜欢|对齐木执着|哦呼,暂未收录
90169,薇尔莉特·伊芙加登,紫罗兰永恒花园,https://s4.anilist.co/file/anilistcdn/character/large/b90169-4wr1Zehnsac8.png,"曾是战场上被称为""武器""的少女士兵，在战争结束后成为自动手记人偶——替无法写信的人代笔。拥有机械般美丽和精确度的战斗义肢，但无法理解人类的情感。通过为他人代笔写信慢慢理解了""爱""的含义——这是那位对她说的最后一句话。",Violet Evergarden|薇尔莉特·伊芙加登|Violet|自动手记人偶,金发|蓝色眼瞳|义肢|自动手记人偶|前士兵|武器|代笔|寻找爱|无表情|美丽|机械般精准,石川由依
90178,阿尔迪巴兰,Re:从零开始的异世界生活,https://s4.anilist.co/file/anilistcdn/character/large/b90178-olaN8k9RJRxo.png,普莉希拉的骑士，全身盔甲只露出头盔下的两只眼睛。来自与昴相同的世界（日本），时间上比昴早了约18年。战斗经验丰富，与昴一起对抗过魔女教。真实身份和目的笼罩在谜团之中。,Aldebaran|阿尔迪巴兰|Al|Aldebaran|头盔骑士,盔甲|骑士|穿越者|18年前|战斗老练|谜团|忠心|阳光系,藤原启治
90181,碧翠丝,Re:从零开始的异世界生活,https://s4.anilist.co/file/anilistcdn/character/large/b90181-wRPm0OEaucmw.png,"罗兹瓦尔宅邸禁书库的守护者，外表是可爱的双卷发幼女但实际是400岁的人造精灵。口头禅是""真是的""（やれやれ）。性格傲娇，拥有强大的空间转移魔法。在禁书库孤独等待了400年的""那个人""。",Beatrice|碧翠丝|贝蒂|Beako|禁书库司书,金发|双卷发|幼女外表|400岁|精灵|禁书库|空间魔法|傲娇|等待400年|碧翠丝,新井里美
120649,四宫辉夜,辉夜大小姐想让我告白,https://s4.anilist.co/file/anilistcdn/character/large/b120649-NPaWaIpWy60E.png,"秀知院学园高中部学生会副会长，四宫财阀的大小姐。智商顶尖、容貌出众——却陷入了""如何让会长向我告白""的恋爱头脑战。每天和会长在学生会室里斗智斗勇，互相设计让对方先表白。她的内心是一个渴望恋爱却羞于表达的少女。口头禅是""哦卡哇伊口多""。",Kaguya Shinomiya|四宫辉夜|Kaguya|辉夜大小姐,黑发|大小姐|副会长|天才|傲娇|恋爱头脑战|冰辉夜|反差萌,古贺葵
120673,雏鹤爱,龙王的工作,https://s4.anilist.co/file/anilistcdn/character/large/b120673-cRr2ClHTLnfL.png,[],Ai Hinatsuru|雏鹤爱,,Rina Hidaka
120675,九头龙八一,龙王的工作,https://s4.anilist.co/file/anilistcdn/character/large/b120675-R6J5yrex6lrH.png,[],Yaichi Kuzuryu|九头龙八一|龙王,,Yuuma Uchida
120724,伞木希美,利兹与青鸟,https://s4.anilist.co/file/anilistcdn/character/large/b120724-RpJC4wcv8mWc.jpg,北宇治高中吹奏乐部的长笛手，开朗阳光。是霙最好的朋友和最深的爱慕对象。象征着童话中的青鸟——自由而美丽，不由自主飞向更广阔的天空。她对霙的感情比友情更深但没有自觉。,Nozomi Kasaki|伞木希美|Nozomi|希美,棕发|长笛|开朗|阳光|青鸟|吹奏乐部|被爱慕而不自知,东山奈央
120726,永井圭,亚人,https://s4.anilist.co/file/anilistcdn/character/large/b120726-lQIFUPMKBLb7.png,"在放学路上被车撞死后复活的少年——发现自己是一个""亚人""。从此被政府当作实验对象追捕。召唤出黑色幽灵""IBM""战斗。极度理性的他拒绝成为佐藤那样的疯子但也拒绝成为政府的实验品。在逃亡和反击中寻找着属于自己的道路。",Kei Nagai|永井圭|Nagai|ナガイ,黑发|亚人|不死|理性|IBM|逃亡|学生,暂未收录
120889,千户,少女终末旅行,https://s4.anilist.co/file/anilistcdn/character/large/120889-o9uGSBNtqgJ8.png,"在文明崩坏的末日世界中与尤莉驾驶半履带摩托车旅行的黑发少女。理性冷静，负责导航和记录。喜欢读书和写日记。虽然世界已经毁灭但她和尤莉的平淡日常却有着奇异的治愈感。""活着就是不断地与绝望和平共处。""",Chito|千户|Chii-chan,黑发|末日|旅行|理性|书|日记|半履带摩托|治愈,暂未收录
120890,尤莉,少女终末旅行,https://s4.anilist.co/file/anilistcdn/character/large/b120890-pu5qO3xxvvcx.png,金发少女，千户的旅伴。负责骑车和战斗。性格天真贪吃，和理性的千户形成完美互补。在这个什么都已经毁灭了的世界里她依然能为一碗热饭开心地笑出来。在终末的绝境中是最亮的光。,Yuuri|尤莉|Yuu,金发|末日|旅行|吃货|天真|骑车|治愈|最后的笑容,暂未收录
120969,小林,小林家的龙女仆,https://s4.anilist.co/file/anilistcdn/character/large/b120969-dHJBVb3lB8iN.png,普通（？）的程序员女性，在某天喝醉酒后救了受伤的龙托尔并稀里糊涂邀请她来当女仆。性格极度理性内敛，对托尔的疯狂示爱常年淡定无视但其实内心对托尔充满感激和温暖。标准社畜。,Kobayashi|小林|小林さん|Kobayashi,红发|眼镜|程序员|社畜|理性|面瘫|被龙喜欢|酒量差,田村睦心
120970,托尔,小林家的龙女仆,https://s4.anilist.co/file/anilistcdn/character/large/b120970-knjWLdlQIs1y.jpg,"来自异世界的龙族公主，变身女仆形态寄住在程序员小林家。对小林有着狂热的爱恋，每天用龙尾巴做菜、打扫和想尽办法追求那个冷面女。神力强大但平时只做家务和犯花痴。口头禅是""小林さん！""",Tohru|托尔|托尔大人|Tohru,金发|龙娘|龙角|女仆|尾巴|小林狂热粉|家务全能|混沌势力|龙族|痴情,桑原由气
120971,法夫纳,小林家的龙女仆,https://s4.anilist.co/file/anilistcdn/character/large/b120971-7XdpFZNKMBuM.png,"远古的诅咒之龙，托尔的旧识。外表高冷长发美男。被安排住在小林的朋友泷谷家住下后沉迷于游戏。经典台词是""人类，这游戏真好玩""。",Fafnir|法夫纳|Fafnir,黑发|长发|远古之龙|诅咒|游戏宅|高冷|美男|托尔旧识,暂未收录
120974,康娜·卡姆依,小林家的龙女仆,https://s4.anilist.co/file/anilistcdn/character/large/b120974-cZHsjS8DX9WW.png,"被放逐的龙族幼龙，寄住小林家。外表可爱小学生但真身是白龙。喜欢吃知了和各种奇怪东西。与才川同学的""一见钟情""（单方面）故事线是本作最甜的副CP。充电插尾巴。",康娜|Kanna|カンナ|康娜·卡姆依,白发|龙角|幼龙|小学生|贪吃|可爱|白龙|尾巴充电,长绳麻理亚
120978,才川莉子,小林家的龙女仆,https://s4.anilist.co/file/anilistcdn/character/large/b120978-rLBVr3LBNeul.jpg,神奈的富家千金同学，对神奈一见钟情并展开热烈追求。每次见到神奈都会花痴到流鼻血。是幼龙×人类百合CP的人类方代表。,Georgie Saikawa|才川莉子,棕发|大小姐|痴女|神奈狂热|流鼻血|百合幼女CP,暂未收录
121101,白银御行,辉夜大小姐想让我告白,https://s4.anilist.co/file/anilistcdn/character/large/b121101-Q8HzKP15At2d.png,"秀知院学园高中部学生会会长，通过努力从外部考入的天才。每天都在想""如何让辉夜向我告白""。虽然偏执地维持完美会长形象但私下是个打三份工养活家庭的穷学生。泡咖啡技术一绝。熬夜太多导致严重黑眼圈——""这是努力的证明""。",Miyuki Shirogane|白银御行|Shirogane|会长,黄发|会长|穷学生|努力家|咖啡|黑眼圈|恋爱头脑战|天才,古川慎
121102,石上优,辉夜大小姐想让我告白,https://s4.anilist.co/file/anilistcdn/character/large/b121102-tiQFxnSEIAwm.png,秀知院学园高中部学生会会计，阴沉系的游戏宅。总是独自在角落里玩掌机。曾因保护被欺负的同学而被全校误解和孤立——是辉夜和白银帮助他走出了阴影。虽然是个悲观厌世的死宅但心地善良。见到女生就脸红。,Yuu Ishigami|石上优|Ishigami|石上,黑发|死宅|会计|阴沉|善良|被误解|游戏|应援团篇封神,铃木崚汰
121103,藤原千花,辉夜大小姐想让我告白,https://s4.anilist.co/file/anilistcdn/character/large/b121103-UGLxT8utLPnq.png,"秀知院学园高中部学生会书记，永远开心的粉色少女。政治家的女儿有着谜一般的交际圈。她的存在本身就是混沌——总是在关键时刻拆掉辉夜和白银精心设计的恋爱陷阱。是被辉夜在脑内杀死了无数次的女人。但没有人能真正讨厌她。""地球之癌""——石上的评价。",Chika Fujiwara|藤原千花|Chika|书记|地球之癌,粉发|学生会书记|混沌|开朗|天然黑|政治世家|桌游爱好者|被暗杀,小原好美
121514,宫水三叶,你的名字。,https://s4.anilist.co/file/anilistcdn/character/large/b121514-MGI7JRluscpz.png,生活在岐阜县飞驒深山里为神社巫女仪式而烦恼的高中女生。某天突然与东京的男高中生立花泷开始不定期交换身体。这段跨越时空的奇幻经历最终引向了一个关于记忆、彗星和重逢的动人故事。那条红色发带是她与泷之间超越时间的羁绊。,Mitsuha Miyamizu|宫水三叶|Mitsuha|三叶,黑发|巫女|高中生|口嚼酒|发带|彗星|交换身体|穿越时空,上白石萌音
121516,立花泷,你的名字。,https://s4.anilist.co/file/anilistcdn/character/large/b121516-kuPVJLNsH5uE.png,生活在东京的高中男生，喜欢建筑和素描。某天开始与深山町的少女三叶不定期交换身体。这种奇异体验从互相恶作剧开始逐渐变为挂念和寻找。最终发现两人之间不仅隔着空间——还隔着整整三年时间和一场毁灭性的灾难。她的名字，他绝对不要忘记。,Taki Tachibana|立花泷|Taki|泷,棕发|高中生|建筑|素描|交换身体|穿越时空|寻找三叶|你的名字,神木隆之介
121560,塞蕾西娅·尤比蒂利亚,Re:CREATORS,https://s4.anilist.co/file/anilistcdn/character/large/b121560-6hSONiUnrHnb.jpg,"从轻小说《精灵机想曲》中来到现实世界的精灵骑士。发现自己的一切都是被一个作者写出来的——包括痛苦和失去。但她选择了接受这个事实并作为""被造物""活出自己的意志。""我的故事——由我自己来续写。""",Selesia Upitiria|塞蕾西娅|セレジア,红发|精灵|被造物|骑士|接受自我|继续前进|强大,暂未收录
121561,阿尔泰尔,Re:CREATORS,https://s4.anilist.co/file/anilistcdn/character/large/b121561-rYgIQOeHzR63.png,"从同人创作中诞生的""被造物""——超越所有虚构作品的终极存在。白色军服的她将所有创作者召唤到""鸟笼""中——目的是毁灭创造了她又抛弃了她的世界。拥有Holopsicon——操控万物法则的能力。她的悲愿是整个故事的核心。""这个世界——是错误的。""",Altair|阿尔泰尔|軍服姫,白发|军服|被造物|终极反派|同人创作|Holopsicon|复仇|悲愿,暂未收录
121563,米特奥拉·艾斯特莱希,Re:CREATORS,https://s4.anilist.co/file/anilistcdn/character/large/b121563-jJjOltETxJ9D.png,"从RPG游戏中来到现实世界的贤者。冷静理性地分析了""被造物""的本质。用游戏中的魔法和智慧辅助所有被造物理解自己在现实世界的处境。灰发蓝袍的知性美少女。""我只是一串代码——但代码也能改变世界。""",Meteora Österreich|米特奥拉|メテオラ,灰发|贤者|被造物|RPG角色|理性|分析|魔法,暂未收录
121661,珂朵莉·诺塔·瑟尼欧里斯,末日时在做什么,https://s4.anilist.co/file/anilistcdn/character/large/b121661-ZMTXdRglB2fx.png,"人类灭亡后诞生的妖精兵——用圣剑战斗的金发少女。她只有15岁——她的生命每一天都在燃烧自己的""前世""记忆。遇到了那个叫她""珂朵莉""而不是""兵器""的男人。""威廉——谢谢你让我成为世界上最幸福的少女。""",,,Azusa Tadokoro
121700,诺曼,约定的梦幻岛,https://s4.anilist.co/file/anilistcdn/character/large/b121700-CRwKIlcBcjbv.jpg,孤儿院最年长的三人之一，拥有超群的智力和策略头脑。在得知真相后制定了精密的逃脱计划。深爱艾玛和所有家人，愿意为了大家的自由自我牺牲。在被出货后竟奇迹般生还并成长为更强的存在。,Norman|诺曼|ノーマン,白发|天才|策略家|自我牺牲|冷静|深爱艾玛|孤儿院|智力超群|11岁|腹黑,内田真礼
121701,伊莎贝拉,约定的梦幻岛,https://s4.anilist.co/file/anilistcdn/character/large/b121701-hP5hanKRUH9u.png,格雷斯菲尔德孤儿院的妈妈，负责管理所有食用儿。外表温柔美丽但内心冷酷，曾是最优秀的妈妈。有着复杂的过去——自己也曾是想逃出孤儿院的食用儿，失败后选择了成为管理者。,Isabella|伊莎贝拉|妈妈|Isabella,黑发|妈妈|孤儿院管理者|冷酷|温柔表象|悲剧过去|前食用儿|复杂|长发,甲斐田裕子
121724,雷,约定的梦幻岛,https://s4.anilist.co/file/anilistcdn/character/large/b121724-SJTdODjeO7e6.jpg,孤儿院最年长的三人之一，拥有极强的记忆力和信息收集能力。六岁起就知道孤儿院是食用儿的农场却一直假装无知。性格表面冷淡、实际比谁都重情，是艾玛和诺曼最可靠的智囊和伙伴。,Ray|雷|レイ,黑发|记忆力|冷淡|重情|智囊|孤儿院|信息战|6岁知情|生存主义,伊濑茉莉也
121725,艾玛,约定的梦幻岛,https://s4.anilist.co/file/anilistcdn/character/large/b121725-LQciVJOjnMVh.png,"格雷斯菲尔德孤儿院最年长的三人之一，11岁的天才少女。拥有惊人的运动能力和乐观精神，在得知孤儿院的真相后决意带所有家人逃离。坚持""一个都不少的全员逃脱""信念，是集体越狱计划的核心推动者。",Emma|艾玛|エマ,橙发|11岁|天才|乐观|全员逃脱|运动全能|领导力|正义|孤儿院|不屈,诸星堇
121956,古见硝子,古见同学有交流障碍症,https://s4.anilist.co/file/anilistcdn/character/large/b121956-5FbIbcd6gAZW.png,"被誉为""校内第一美少女""的完美少女——但她有严重的交流障碍症。无法主动和人说话。她的目标是交到100个朋友。每天用笔记本写字和只野同学交流。虽然不说话但每一个微小的进步都让人从心底为她加油。",Shouko Komi|古见硝子|Komi|古见同学,黑发|长发|美少女|交流障碍|笔记本交流|100个朋友|猫耳|社交恐惧,古贺葵
122294,户崎优,亚人,https://s4.anilist.co/file/anilistcdn/character/large/b122294-m0z7G4egVPaa.png,厚生劳动省亚人管理委员会的负责人——追捕亚人的冷血官员。为了控制永井圭而不择手段。但在与佐藤的对抗中展现出了超越职责的人性。他的每一步棋都在佐藤的计算之中——直到最后他也开始作弊。,Yuu Tosaki|户崎优,黑发|官员|追捕|冷酷|人性|策略,暂未收录
122443,莉可,来自深渊,https://s4.anilist.co/file/anilistcdn/character/large/b122443-Md7TtolADEJh.png,"住在深渊边缘孤儿院的12岁少女——母亲是传说中的白笛探窟家""歼灭卿""。为了寻找母亲独自向深渊底层出发。在深渊第三层被血涂鸟攻击后被机器人少年雷格所救。以""绝界行""的决心踏上了有去无回的旅途。",Riko|莉可|リコ,金发|12岁|探窟家|深渊|寻找母亲|勇敢|决绝,暂未收录
122444,雷格,来自深渊,https://s4.anilist.co/file/anilistcdn/character/large/b122444-9rGUpcjwygHD.png,"在深渊中被莉可唤醒的机器人少年——失去了所有记忆。右手装有能发射""火葬炮""的强力武器。发誓保护莉可一起前往深渊底层。虽然身体是机器人但他的心和所有的疑问都在问——""我到底是什么？""",Reg|雷格|レグ,机器人|失忆|火葬炮|保护莉可|深渊|少年|身份,暂未收录
122730,望月冬夜,带着智慧型手机闯荡异世界,https://s4.anilist.co/file/anilistcdn/character/large/b122730-SC9en2JOxQ6y.jpg,[],Touya Mochizuki|冬夜,,Katsumi Fukuhara
122768,威廉·克梅修,末日时在做什么,https://s4.anilist.co/file/anilistcdn/character/large/122768-YNzTBE7wla0v.jpg,最后的幸存人类——被封印了五百年后苏醒。成为妖精仓库的管理者努力挽救每一个妖精少女。他救不了任何人——但他至少能让她们在被燃烧殆尽前像普通人一样活过。,,,Ryouhei Arai
122871,熊铁,怪物之子,https://s4.anilist.co/file/anilistcdn/character/large/122871-u6DZDugTDraW.jpg,"兽界的剑豪——粗鲁暴躁的熊人族大叔。在涩谷街头捡到莲后不情不愿地收他为弟子。教剑先教做人——虽然他的""教育方式""是把莲往死里揍。但在莲最需要的时候他会用最笨拙的方式站在他身后。""臭小子——剑不是用来杀人的！""",Kumatetsu|熊铁|クマテツ,熊|剑豪|大叔|师父|粗鲁|温柔,Kouji Hashimoto
122894,莲,怪物之子,https://s4.anilist.co/file/anilistcdn/character/large/b122894-rFWo7TcWiVPV.png,"在涩谷街头流浪的9岁孤儿——无意中闯入""兽界""被熊人族剑豪捡回收为弟子。在两个世界中成长——涩谷的废墟里藏着失去母亲的伤痛，兽界的道场中他在无数次的摔倒中学会了挥剑。长大后的他必须在人类和兽之间做出最终的选择。""剑在心里——不在手中。""",Ren|莲|九太,黑发|孤儿|双世界|剑术|熊人弟子,Aoi Miyazaki
123145,马璐璐库,来自深渊,https://s4.anilist.co/file/anilistcdn/character/large/123145-wWYcJ3SOF426.png,"深渊第二层监视基地的""深渊小偷""——实际是奥森的白笛弟子。穿着蓬松的可爱服装戴着花哨的头饰。在奥森的严酷训练下成为了出色的探窟家。是莉可和雷格在深渊中遇到的第一位朋友也是最有用的盟友。",Marulk|马璐璐库|マルルク,可爱|白笛弟子|探窟家|奥森弟子|朋友|蓬松,暂未收录
123181,古手川千纱,碧蓝之海,https://s4.anilist.co/file/anilistcdn/character/large/b123181-t0pV6LtaDUf6.png,伊织的表妹——从小在潜水店长大的少女。对潜水有着纯真的热爱。伊织的裸奔和喝酒行为让她对大学生这个物种产生了极大的偏见（很合理）。但在水下她是最优秀的潜水员和最耐心的导师。伊织在水下那个最美的瞬间是她教出来的。,Chisa Kotegawa|古手川千纱|Chisa,黑发|表妹|潜水|纯真|鄙视裸男|导师,暂未收录
123182,北原伊织,碧蓝之海,https://s4.anilist.co/file/anilistcdn/character/large/b123182-tuQ2yf5IEx02.jpg,"考上伊豆大学的普通大学生——搬进叔叔家的潜水店后人生彻底被毁了。被潜水社的裸男们拉入了一个80%是喝酒裸奔20%是潜水的社团。每次开学都在课堂上看自己全裸喝酒被灌醉的视频。但当他真正潜入水下那一刻——""潜水真的好美""。",Iori Kitahara|北原伊织|Iori,黑发|大学生|潜水|喝酒|裸奔|被迫|搞笑,暂未收录
123185,哈勃洛克,来自深渊,https://s4.anilist.co/file/anilistcdn/character/large/b123185-lOJJvAS0tqF0.jpg,深渊第二层的资深探窟家。在监视基地中协助奥森管理着基地的日常运作。对新人探窟家既严厉又关怀。,Hablog|哈勃洛克,探窟家|监视基地|前辈|严厉,暂未收录
123212,绫小路清隆,欢迎来到实力至上主义的教室,https://s4.anilist.co/file/anilistcdn/character/large/b123212-ewZgUQr9vvEM.png,"D班的真正操纵者——表面上是个无表情无干劲的普通学生，但实际上是""白房子""培养出来的最强人造天才。用所有人当棋子进行着最精密的心理博弈。从不出手——但每一件事都是他设计好的。""我只是想看人类的有趣之处。""",Kiyotaka Ayanokouji|绫小路清隆|Ayanokouji|绫小路,棕发|无表情|白房子|天才|幕后操控|棋子|全能|最强,暂未收录
123213,堀北铃音,欢迎来到实力至上主义的教室,https://s4.anilist.co/file/anilistcdn/character/large/b123213-jUfrGBXfW7BL.png,"D班最初的核心人物——为了追上哥哥堀北学而进入这所学校。黑长直的高冷美人。起初试图独自把D班拉到A班但在绫小路的暗中帮助下逐渐成长。""我不需要任何人的帮助""——直到她发现她每一次成功背后都有他的影子。",Suzune Horikita|堀北铃音|Horikita|堀北,黑发|长直|高冷|D班|哥哥执念|成长|被帮助不自知,暂未收录
123214,栉田桔梗,欢迎来到实力至上主义的教室,https://s4.anilist.co/file/anilistcdn/character/large/b123214-Ym9cldopi3yR.png,"D班的""天使""——全校公认的最温柔女生。但这只是她精心维护的人设。真实的她是个极其自我的人，为了维持这个人设不惜一切代价。是绫小路早期最有趣的棋子之一。知道她另一面的人都被她视为必须摧毁的威胁。",Kikyou Kushida|栉田桔梗|Kushida|栉田,棕发|双面人|天使人设|腹黑|威胁|伪装,暂未收录
123528,小糸侑,终将成为你,https://s4.anilist.co/file/anilistcdn/character/large/b123528-q3SR8wyDPTCe.png,"高中一年级学生，加入了学生会。一直憧憬恋爱却从未真正心动过。被灯子表白后以""我也无法爱上任何人""为由接受了这段特殊关系。但在陪伴灯子的过程中，她发现自己才是那个正在坠入爱河的人。",Yuu Koito|小糸侑|Yuu|侑,棕发|天然|温柔|初恋|学生会|恋爱困惑|陪伴|成长,高田忧希
123529,七海灯子,终将成为你,https://s4.anilist.co/file/anilistcdn/character/large/b123529-XSxpzTGWAq2a.png,"学生会会长，完美的优等生。所有人都认为她完美无缺但她内心空虚——因为她无法爱上任何人。直到遇见小糸侑，侑是唯一一个她可以放下伪装的人。对侑说""我不会爱上你所以请放心""却在不知不觉中越陷越深。",Touko Nanami|七海灯子|Touko|灯子,黑发|学生会长|完美主义|内心空虚|无法爱人|优等生|伪装|傲娇|深情,寿美菜子
123962,利姆鲁·坦佩斯特,关于我转生变成史莱姆这档事,https://s4.anilist.co/file/anilistcdn/character/large/b123962-eL9yGV0NLMF7.png,利姆鲁·坦佩斯特原本是普通上班族三上悟，被刺死后转生为史莱姆。拥有捕食者和智慧之王两大能力，建立了魔物之国坦佩斯特，成为魔物们的领袖。,Rimuru Tempest|利姆鲁|Rimuru|史莱姆|萌王|魔物之王|坦佩斯特,蓝发|金色眼瞳|中性容貌|善良|包容|智慧|史莱姆|魔王|捕食者|智慧之王|魔物之国|转生者|原上班族,冈咲美保
124093,叶修,全职高手,https://s4.anilist.co/file/anilistcdn/character/large/b124093-nEn03Xv0gD1S.png,"荣耀之神——""一叶之秋""。被俱乐部驱逐后从零开始在网吧重新建队。十年荣耀——一千五百场连胜——三百六十五天不休息——只因为""荣耀——从来不只是一个游戏。""",,,
124545,玉木麻理,比宇宙更远的地方,https://s4.anilist.co/file/anilistcdn/character/large/b124545-qwgoxY241muu.png,"普通的女子高中生。厌倦了平淡无奇的日常——""青春就应该拿去冒险！""。偶然听到了关于南极科考队的消息后决心去南极——""去比宇宙更远的地方！""。从零开始规划这个疯狂的计划，在这个过程中收获了最珍贵的友情和成长。",Mari Tamaki|玉木麻理|Mari|小决,棕发|高中生|南极|冒险|青春|行动力|成长,暂未收录
124546,小渊泽报濑,比宇宙更远的地方,https://s4.anilist.co/file/anilistcdn/character/large/b124546-m2grkrB5gfCJ.png,"为了寻找在南极失踪的母亲而决心去南极的黑发少女。被全校嘲笑为""南极同学""但她从不动摇。在遇到麻理之前独自攒了一百万日元的打工钱。把自己的所有积蓄拍在桌上——""这就是我决定的青春""。那一幕令人热泪盈眶。",Shirase Kobuchizawa|小渊泽报濑|Shirase,黑发|南极|寻找母亲|一百万日元|坚强|不被理解|执着,暂未收录
124547,三宅日向,比宇宙更远的地方,https://s4.anilist.co/file/anilistcdn/character/large/n124547-6nbhiholxEve.jpg,"开朗的关西腔少女，便利店打工仔。被前辈欺负后退学决意重新开始。她在南极的暴风雪中对麻里和报濑说出了全剧最燃的台词——""我绝对不会放弃，因为现在的我已经不是以前那个我了！""",Hinata Miyake|三宅日向|Hinata,棕发|关西腔|便利店|被欺负|退学|重新开始|燃,暂未收录
124548,白石结月,比宇宙更远的地方,https://s4.anilist.co/file/anilistcdn/character/large/b124548-ukuGnwrtMPoT.png,"童星出身的艺人，被经济公司要求去南极拍摄纪录片。从小在娱乐圈长大，从来没有过真正的朋友。第一次和同龄人交朋友的她笨拙地想把人当""业务伙伴""处理。那句""我想和你们成为朋友——不是工作关系""是她人生第一次说真话。",Yuzuki Shiraishi|白石结月|Yuzuki,黑发|童星|艺人|孤独|没有朋友|第一次真诚|成长,暂未收录
124576,各务原抚子,摇曳露营,https://s4.anilist.co/file/anilistcdn/character/large/b124576-daumBIJ4lOwq.png,性格天真烂漫、元气满满的少女，拥有粉色长发和永远挂在脸上的灿烂笑容。因为一次偶然的相遇而对露营产生了浓厚兴趣，从此加入露营的世界。她是个不折不扣的吃货，对美食毫无抵抗力，尤其爱吃各种露营料理。虽然是个新手，却有着超强的行动力和感染力。她的乐观与热情，总能把身边的人都带动起来。,Nadeshiko Kagamihara|抚子|各务原抚子,粉色长发|粉瞳|元气|露营新手|吃货|天真|乐观|笑容,Yumiri Hanamori
124577,犬山葵,摇曳露营,https://s4.anilist.co/file/anilistcdn/character/large/b124577-LA9JusqQcAJV.png,露营部的前辈，说话带着柔和的关西腔。金发碧眼，性格温柔稳重，像姐姐一样照顾着后辈们。她喜欢钓鱼和料理，在露营活动中是可靠的支柱。虽然常常吐槽部员的脱线行为，却总是第一个伸出援手。那份成熟与包容，让露营部的每一次活动都充满安心感。,Aoi Inuyama|犬山葵|葵,金发|蓝瞳|关西腔|温柔|露营部|成熟|料理|姐姐,Aki Toyosaki
124578,大垣千明,摇曳露营,https://s4.anilist.co/file/anilistcdn/character/large/b124578-3n5ImKmsxsvg.png,露营部的部长，戴着眼镜，性格活泼搞怪的少女。她是各种露营活动的主要策划者，脑子里装满了奇思妙想。虽然常常因为准备不足而闹出乌龙，却总能靠着一股热情和伙伴们的帮助化险为夷。她的领导力和感染力，是露营部凝聚在一起的重要原因。是个让人又爱又无奈的开朗角色。,Chiaki Oogaki|大垣千明|千明,棕发|绿瞳|露营部|领导|活泼|搞怪|策划|眼镜,Sayuri Hara
124579,齐藤惠那,摇曳露营,https://s4.anilist.co/file/anilistcdn/character/large/b124579-xRtRfeogX1uO.jpg,"某位独行少女的朋友，性格慵懒悠闲的少女。养着一只名为""竹轮""的可爱小狗，与爱犬形影不离。她总是用直率的语气说话，对朋友真诚而坦率。虽然没有加入露营部，却时常参与大家的露营活动。那份与世无争的悠闲气质，让人感到放松。是个像邻家女孩一样亲切可爱的角色。",Ena Saitou|齐藤惠那|惠那,黑发|棕瞳|慵懒|爱犬|朋友|悠闲|可爱|直率,Rie Takahashi
124586,志摩凛,摇曳露营,https://s4.anilist.co/file/anilistcdn/character/large/b124586-9lGoHg1zZkFr.png,"喜欢独自露营的少女，是个经验丰富的露营老手。蓝色长发，性格冷静寡言，享受一个人的露营时光。她骑着摩托车四处旅行，在安静的风景中放松自己。看似有些孤僻，实则内心温柔，只是不擅长主动表达。随着与他人的相遇，她渐渐体会到""和大家一起露营""的乐趣。那份沉静的温柔，令人心安。",Rin Shima|志摩凛|凛,蓝色长发|蓝瞳|独行侠|露营老手|冷静|摩托车|傲娇|喜欢独处,Nao Touyama
124691,坂柳有栖,欢迎来到实力至上主义的教室,https://s4.anilist.co/file/anilistcdn/character/large/b124691-S9GyfwMAkkJ9.jpg,"A班的领袖——白色长发的娇小少女。先天性心脏病但她的大脑是整个学校最强的武器。认定绫小路是她唯一认可的对手。""你有资格做我的对手""——这句话是对绫小路最高等级的赞赏。与绫小路在运动会上的一战是全书最精彩的智斗。",Arisu Sakayanagi|坂柳有栖|Arisu|坂柳,白发|娇小|A班领袖|天才|心脏病|绫小路对手|智斗,暂未收录
124699,白石由竹,黄金神威,https://s4.anilist.co/file/anilistcdn/character/large/b124699-dcZaqPHKkT8D.png,"""越狱王""白石——从任何监狱都能逃脱的天才。全身上下刻满了逃狱用的地图纹身。性格狡猾搞笑但又非常重视伙伴。总是在最危急的时刻用最意想不到的方式出场救人。口头禅是""我可是越狱王！""但他越狱的姿势永远是最滑稽的。",Yoshitake Shiraishi|白石由竹|白石,棕发|越狱|地图纹身|搞笑|狡猾|可靠,暂未收录
124701,阿希莉帕,黄金神威,https://s4.anilist.co/file/anilistcdn/character/large/b124701-PecnElfoJlP1.png,"阿伊努族少女——与杉元结盟寻找被偷走的黄金。精通阿伊努族的狩猎和生存技能。教杉元各种他闻所未闻的荒野知识。口头禅是""品那品那""和看到美食时眼睛发光的小表情。外表是可爱少女但一枪能打死一头熊。""杉元——这个是西他卡——好吃的意思。""",Asirpa|阿希莉帕|アシㇼパ,黑发|阿伊努|猎人|少女|生存|品那|可爱,暂未收录
124704,杉元佐一,黄金神威,https://s4.anilist.co/file/anilistcdn/character/large/b124704-bndQyaj7X9dv.png,"日俄战争的退伍兵——""不死身的杉元""。在战场上用肉身硬扛子弹炮弹活下来的男人。为了给死去战友的遗孀筹钱治病而踏上寻找阿伊努黄金的旅途。战斗力和生存能力无人能敌。但最令人难忘的是——他在和一只熊抢鱼的时候被甩飞的画面。""我可是不死身的杉元啊——""然后爬起来继续打。",Saichi Sugimoto|杉元佐一|Sugimoto|不死身の杉元,黑发|不死身|退伍兵|黄金猎人|战斗|搞笑|阿伊努,暂未收录
124787,卡特莉亚·波德莱尔,紫罗兰永恒花园,https://s4.anilist.co/file/anilistcdn/character/large/b124787-1HuZGawvoejp.jpg,CH邮政公司的首席自动手记人偶，也是培训薇尔莉特的导师。拥有丰富的代笔经验和敏锐的文学品味，深受客户信赖。虽然薇尔莉特开始时写得像战报一样但卡特莉亚耐心地引导她。,Cattleya Baudelaire|卡特莉亚|Cattleya|首席人偶,棕发|自动手记人偶|首席代笔|导师|文学品味|耐心|优雅|资深,暂未收录
124790,吉尔伯特·布干维利亚,紫罗兰永恒花园,https://s4.anilist.co/file/anilistcdn/character/large/b124790-QR7zyemTK0zq.png,"原莱顿沙夫特里希陆军少佐，在战场上捡到并抚养了薇尔莉特。教她识字和语言，在最后一战中对她说出了""我爱你""并被认为战死。整个故事围绕薇尔莉特寻找这句话含义的旅程展开。绿宝石胸针是两人的信物。",Gilbert Bougainvillea|吉尔伯特·布干维利亚|Gilbert|少佐,蓝发|少佐|军人|绅士|温柔|捡到薇尔莉特|我爱你|绿宝石|失踪|深情,浪川大辅
124799,克劳迪亚·霍金斯,紫罗兰永恒花园,https://s4.anilist.co/file/anilistcdn/character/large/b124799-htaqVGZd83GW.jpg,原陆军中佐，战后创立了CH邮政公司。曾是吉尔伯特的战友，受其临终托付照顾薇尔莉特。性格洒脱不拘小节，给薇尔莉特提供了成为自动手记人偶的机会。是薇尔莉特新人生的第一个引路人。,Claudia Hodgins|克劳迪亚·霍金斯|Hodgins|社长,金发|眼镜|前军人|邮政公司社长|洒脱|引路人|吉尔伯特战友|照顾薇尔莉特,子安武人
124810,卢克利娅·马尔伯勒,紫罗兰永恒花园,https://s4.anilist.co/file/anilistcdn/character/large/b124810-CuoTUTc7U08r.jpg,住在首都的小镇少女，与战后失明的哥哥相依为命。委托薇尔莉特为哥哥写情书的人——希望让哥哥相信远方还有人在等他。这个故事展示了薇尔莉特作为自动手记人偶帮助他人的第一个典型案例。,Luculia Marlborough|卢克利娅|Luculia,棕发|少女|妹妹|善良|情书委托|代笔客户|照顾家人,暂未收录
125023,各务原樱,摇曳露营,https://s4.anilist.co/file/anilistcdn/character/large/b125023-b3RIW5PV3FC8.jpg,某位元气少女的姐姐，性格成熟可靠。她总是担心着冒失的妹妹，默默照顾着对方。自己也拥有摩托车，是露营和旅行爱好者。比起妹妹的活泼，她更加沉静稳重，是那种让人安心的存在。虽然偶尔会为妹妹的莽撞头疼，但那份姐妹间的牵挂与温暖，正是她最动人的地方。,Sakura Kagamihara|各务原樱|樱,黑发|棕瞳|姐姐|成熟|照顾人|摩托车|可靠|温柔,Marina Inoue
125369,乔,MEGALO BOX,https://s4.anilist.co/file/anilistcdn/character/large/125369-uVnKfLJKTI4K.jpg,"地下MEGALO拳击场的无名拳手——只用肉身对抗机械拳套的野狗。在唯一能使自己摆脱底层命运的MEGALONIA大赛中一路血战。他没有任何科技辅助——只有这双拳头。被称为""Gearless Joe""的男人用最原始的拳击挑战整个科技世界。""我的名字是乔——记好了。""",Joe|乔|Gearless Joe,黑发|拳击|Gearless|野狗|底层|热血|机械拳击,暂未收录
125397,山田结衣,牵牛花与加濑同学,https://s4.anilist.co/file/anilistcdn/character/large/b125397-TtFXE0cUSkNl.jpg,普通的女高中生，绿化委员。内向害羞，暗恋着同班的运动少女加濑同学。在照料学校花坛的日常中与加濑同学逐渐拉近关系。一段平凡却美好的校园百合恋情。,Yui Yamada|山田结衣|Yui,黑发|内向|绿化委员|害羞|暗恋|平凡|温柔,暂未收录
125398,加濑友香,牵牛花与加濑同学,https://s4.anilist.co/file/anilistcdn/character/large/b125398-433cvbotvXxV.jpg,田径部的运动少女，开朗帅气。对山田有着温柔的关注和喜欢。主动而体贴地接近山田，两人在校园花坛边建立了一段美好的恋情。,Tomoka Kase|加濑友香|加濑同学|Kase,黑发|短发|田径部|帅气|开朗|主动|温柔|运动少女,暂未收录
125442,鹤见中尉,黄金神威,https://s4.anilist.co/file/anilistcdn/character/large/b125442-m8IVnzFOZOTS.png,陆军第七师团的情报官——脑袋上一块金属板是为了纪念被炮弹炸掉的头骨。微笑的外表下是最危险的男人。任何人都可能被他策反——包括你最信任的同伴。为了黄金不择手段但同时又对部下有着真实的感情。是整个黄金争夺战中最复杂也最吸引人的角色。,Tokushirou Tsurumi|鹤见中尉|鶴見,军服|金属头盖|情报官|微笑|危险|复杂,暂未收录
125884,龙泽政道,东京喰种,https://s4.anilist.co/file/anilistcdn/character/large/b125884-x9UNA2Lp31pf.jpg,CCG二等搜查官，在喰种收容所任务中被青桐树俘虏并改造成独眼喰种。性格扭曲疯狂，内心却仍保留着对过去自我的记忆和悔恨。是喰种与人类矛盾冲突下的悲剧产物。,Seidou Takizawa|龙泽政道|Taki|菠萝,独眼喰种|前搜查官|扭曲|疯狂|悲剧|改造|CCG|半喰种,松冈祯丞
125886,伊井野弥子,辉夜大小姐想让我告白,https://s4.anilist.co/file/anilistcdn/character/large/b125886-TQbmqAaSgBLS.png,"秀知院学园高中部学生会会计监察，风纪委员的正义少女。矮个子双马尾，对校规有着近乎偏执的执着。""这是违反校规的！""——口头禅。和石上是死对头但互怼中暗藏甜蜜。内心深处渴望被认可和需要。",Miko Iino|伊井野弥子|Iino|小弥子,棕发|双马尾|矮个子|风纪委员|正义感|死板|石上死对头,富田美忧
125917,今村耕平,碧蓝之海,https://s4.anilist.co/file/anilistcdn/character/large/b125917-FBK4DlUGycsr.jpg,伊织的同级生兼宿友——重度宅男。梦想是变成二次元美少女。每次喝酒都被扒光然后摆出最夸张的姿势。和伊织是难兄难弟——一起喝酒一起裸奔一起被千纱鄙视。但真正的友谊就是在裸奔的时候建立的。,Kouhei Imamura|今村耕平|Kouhei,金发|宅男|声优控|二次元|喝酒|裸奔|损友,暂未收录
125925,莉莉艾,精灵宝可梦,https://s4.anilist.co/file/anilistcdn/character/large/b125925-CxQr9CTQbl8D.png,阿罗拉地区的少女，以太财团的大小姐。因童年创伤无法触碰宝可梦，但在小智和同学们的帮助下逐渐克服恐惧。与UB01水母有着特殊的联系。性格温柔害羞但为了保护重要的事物会展现出惊人的勇气。,Lillie|莉莉艾|リーリエ,金发|大小姐|以太财团|宝可梦恐惧|克服|温柔|勇敢,暂未收录
125960,铠冢霙,利兹与青鸟,https://s4.anilist.co/file/anilistcdn/character/large/b125960-sUJI3F13pRyr.png,北宇治高中吹奏乐部的双簧管手，内向寡言的音乐天才。暗恋着长笛手伞木希美，但害怕自己过度依赖希美的感情会束缚对方。以利兹的身份弹奏音乐——利兹爱上了变成人类的青鸟却选择放她自由。,Mizore Yoroizuka|铠冢霙|Mizore|霙,黑发|双簧管|内向|音乐天才|暗恋|依赖|利兹|吹奏乐部,种崎敦美
126014,玛奥,精灵宝可梦,https://s4.anilist.co/file/anilistcdn/character/large/b126014-jQuNai2bDll6.jpg,阿罗拉地区小智的同学之一，草系宝可梦训练家。家里开餐厅，擅长制作宝可梦食物。性格开朗热情，喜欢照顾他人。与甜舞妮是亲密搭档。,Mao|玛奥,绿发|草系|开朗|厨师|阿罗拉|同学,暂未收录
126071,灶门炭治郎,鬼灭之刃,https://s4.anilist.co/file/anilistcdn/character/large/b126071-BTNEc1nRIv68.png,灶门炭治郎是鬼灭之刃的主角。家人被鬼杀害后，为了寻找让妹妹祢豆子恢复成人类的方法而加入鬼杀队。性格善良坚韧，嗅觉异常灵敏。使用水之呼吸和日之呼吸（火之神神乐）进行战斗。,炭治郎|Tanjiro,水之呼吸|日之呼吸|火之神神乐|鬼杀队|日轮刀|红发|深红发|红色眼瞳|额头疤痕|花牌耳饰|温柔|善良|坚韧|执着|嗅觉灵敏|兄长,花江夏树
126371,中野一花,五等分的花嫁,https://s4.anilist.co/file/anilistcdn/character/large/b126371-0KQpl80s8kXQ.png,五姐妹的长女，短发成熟。梦想成为女演员。性格慵懒经常穿着内衣在家里晃。作为大姐习惯性地把妹妹们的幸福放在第一位——包括把喜欢的人也推给妹妹。,Ichika Nakano|中野一花|Ichika|一花,棕发|短发|长女|女演员|慵懒|内衣|让爱|大姐,花泽香菜
126372,中野二乃,五等分的花嫁,https://s4.anilist.co/file/anilistcdn/character/large/b126372-DtorHRgQaYUJ.png,"五姐妹的次女，长发的傲娇女王。厨艺巅峰——世界第一。最初对风太郎极度抗拒甚至下药但后来爱上了他并成为最主动的追求者。""我喜欢你""是她最先说出口。长发双蝴蝶结是标志。",Nino Nakano|中野二乃|Nino|二乃,粉发|长发|傲娇|厨艺|蝴蝶结|傲转娇|直球|恋爱暴走,竹达彩奈
126373,中野三玖,五等分的花嫁,https://s4.anilist.co/file/anilistcdn/character/large/b126373-CWeyXb822uDN.png,"五姐妹的三女，内向的耳机历史宅。最喜欢战国武将，玩战国游戏玩到全服第一。用耳机把自己和世界隔开。喜欢风太郎后鼓起勇气向他表露心声。""我不会输给姐姐们""——最令人心疼的一花党震怒的一集。",Miku Nakano|中野三玖|Miku|三玖,棕发|长发|历史宅|耳机|内向|战国武将|料理进步|三玖天下第一,伊藤美来
126374,中野四叶,五等分的花嫁,https://s4.anilist.co/file/anilistcdn/character/large/b126374-Aal36iSQ5nKz.png,五姐妹的四女，运动万能元气少女。总是笑嘻嘻的兔子头饰。运动社团的救火队员——每天被各个社团借来借去。但她灿烂的笑容下隐藏着最深的心事：她是在五年前就与风太郎相遇过的人。,Yotsuba Nakano|中野四叶|Yotsuba|四叶,棕发|短发|元气|兔耳头饰|运动万能|隐藏心事|五年前|风太郎初恋,佐仓绫音
126375,中野五月,五等分的花嫁,https://s4.anilist.co/file/anilistcdn/character/large/b126375-dEe9IyQ9By09.png,五姐妹的幺女，认真严肃的吃货。头顶一根呆毛。对风太郎的态度最为抗拒——但其实最喜欢吃他做的饭。每次出场基本都在吃——肉包、咖喱、拉面、汉堡肉。是五姐妹里最有常识的人但在食物面前毫无抵抗力。,Itsuki Nakano|中野五月|Itsuki|五月,红发|呆毛|吃货|认真|幺女|肉包|常识人,水濑祈
126455,吉尔达,约定的梦幻岛,https://s4.anilist.co/file/anilistcdn/character/large/b126455-ki6wpr5Un4fF.png,孤儿院中年纪较大的孩子之一，性格沉静勇敢。在越狱计划中协助核心三人组收集信息和资源。虽然在体力上不如艾玛但在组织协调方面非常出色，是团队不可或缺的支柱。,Gilda|吉尔达|Gilda,黑发|眼镜|沉静|勇敢|组织者|孤儿院|越狱团队|可靠,暂未收录
126635,伏黑惠,咒术回战,https://s4.anilist.co/file/anilistcdn/character/large/b126635-L0y3I92JSUkN.png,伏黑惠是咒术高专一年级学生，禅院家血脉。使用十种影法术召唤式神战斗。性格冷静理智，但不惜牺牲自己的黑暗面也常展现。,Megumi Fushiguro|伏黑|惠|Megumi|十种影法术|式神使,黑发|蓝色眼瞳|冷静|理智|自我牺牲|十种影法术|咒术高专|禅院血脉|式神|领域展开|天才咒术师,内田雄马
126754,松坂砂糖,砂糖的幸福生活,https://s4.anilist.co/file/anilistcdn/character/large/b126754-8qXcvqW1gPNf.png,"与名为""盐""的小学女生同住的高中女生。对盐有着深入骨髓的执念和爱——称之为""幸福""。表面甜美可爱但为了守护与盐的生活会毫不犹豫地杀人。纯真与疯狂并存的病娇少女。",Satou Matsuzaka|松坂砂糖|Satou|砂糖,粉发|双马尾|甜美|病娇|病态之爱|为爱杀人|幸福|疯狂|单纯,花泽香菜
126755,神户盐,砂糖的幸福生活,https://s4.anilist.co/file/anilistcdn/character/large/n126755-7JUcnmtvFsPU.jpg,"与砂糖同住的小学女生，纯真无暇。因家庭原因被砂糖收留保护。对砂糖有着完全的信任和依赖，是砂糖口中""最幸福的东西""。",Shio Koube|神户盐|Shio|盐,蓝发|小学生|纯真|无辜|依赖|被保护|天使,久野美咲
126756,神户朝日,砂糖的幸福生活,https://s4.anilist.co/file/anilistcdn/character/large/b126756-qfSWWbB3IxNd.jpg,盐的哥哥，一直在寻找失踪的妹妹。发现砂糖与盐的关系后试图将盐带回家。是故事中为数不多的正常视角。,Asahi Koube|神户朝日|Asahi,黑发|哥哥|寻找妹妹|正常人视角|高中生,暂未收录
126818,莱欧斯·托登,迷宫饭,https://s4.anilist.co/file/anilistcdn/character/large/b126818-vWeIwxSERSHd.png,"为了救回被红龙吞掉的妹妹法琳而重返迷宫的战士。因为没钱买食物所以决定——""那就把迷宫里的魔物做成料理吧！""从此踏上了边吃魔物边下迷宫的不归路。对魔物料理有着令人恐惧的热情和品味。是个""我可以为了妹妹死——但先让我尝尝这个史莱姆的味道""的奇人。",Laios Thorden|莱欧斯|Laios|ライオス,金发|战士|魔物料理|吃货|救妹妹|狂热|奇人|迷宫,暂未收录
126824,猫猫,药屋少女的呢喃,https://s4.anilist.co/file/anilistcdn/character/large/b126824-MqsCncTO1qpv.png,在花街长大的药师少女。被拐卖到后宫当了下级宫女后本打算低调过日子，但因为对毒药和药理的狂热让她忍不住插手了后宫中接连发生的离奇事件。雀斑是为了掩盖美貌的伪装。每次见到稀有药材都会双眼放光然后被壬氏各种利用这点来雇佣她查案。,Maomao|猫猫|マオマオ,绿发|药师|后宫|毒物|推理|雀斑|伪装|药痴,悠木碧
126825,长名奈津美,古见同学有交流障碍症,https://s4.anilist.co/file/anilistcdn/character/large/b126825-J4GTiz4OHDa5.png,"性别是""奈津美""的神秘存在——有时是男生有时是女生？完美的社交达人，全校所有人的朋友（自称）。性格奔放无法预判，是古见的第X个朋友。",Najimi Osana|长名奈津美|Najimi,性别未知|社交达人|奔放|无法预判,暂未收录
126828,菲洛,盾之勇者成名录,https://s4.anilist.co/file/anilistcdn/character/large/b126828-nZDnMK4Bw7f9.png,[],Filo|フィーロ|菲洛鸟,,Rina Hidaka
127212,虎杖悠仁,咒术回战,https://s4.anilist.co/file/anilistcdn/character/large/b127212-FVm2tD0erQ5B.png,虎杖悠仁是咒术回战的主角。吞下两面宿傩的手指后成为宿傩的容器，加入东京都立咒术高等专门学校。身体能力极强，性格正直善良，重视同伴。,Yuuji Itadori|虎杖|悠仁|Itadori|宿傩容器,粉棕发|棕色眼瞳|正义|善良|身体素质极强|宿傩容器|咒术高专|诅咒之王|径庭拳|黑闪|重视同伴,榎木淳弥
127221,梓川咲太,青春猪头少年不会梦到兔女郎学姐,https://s4.anilist.co/file/anilistcdn/character/large/n127221-Wxg4xFtW4kaJ.png,"峰之原高中二年级学生。因为""送医事件""被全校误解和避之不及，但本人完全不以为意。对麻衣一见钟情后展开了直球追求攻势。总能一针见血地指出问题本质，帮助陷入青春期综合征的少女们。名言是""我想确认你的存在""。",Sakuta Azusagawa|梓川咲太|Sakuta|咲太,黑发|高中生|直球|温柔|被误解|青春期综合征解决者|情商高|天然撩,石川界人
127222,樱岛麻衣,青春猪头少年不会梦到兔女郎学姐,https://s4.anilist.co/file/anilistcdn/character/large/b127222-Jh5hhP7vZ7s1.png,"峰之原高中的三年级学姐，知名女演员。因""青春期综合征""而逐渐从人们的视野中消失——没有人能再看见她。直到她在图书馆穿着兔女郎装测试是否还有人能看到自己时遇到了咲太。外表毒舌傲娇但内心极度温柔。",Mai Sakurajima|樱岛麻衣|Mai|麻衣学姐,黑发|兔女郎|女演员|学姐|毒舌|傲娇|温柔|青春期综合征|消失|美丽,濑户麻沙美
127278,壬氏,药屋少女的呢喃,https://s4.anilist.co/file/anilistcdn/character/large/b127278-0qCQciTkPOMS.jpg,后宫的总管太监——俊美得让所有宫女失语的美男子。真实身份和目的笼罩在迷雾之中。每次后宫出事都会以各种珍贵药材作为诱饵让猫猫出手调查。虽然表面上总是捉弄猫猫但信任她的能力到了几乎依赖的程度。,Jinshi|壬氏|ジンシ,黑发|美男子|宦官|后宫总管|神秘|猫猫雇主,暂未收录
127292,玛露西尔·多纳托,迷宫饭,https://s4.anilist.co/file/anilistcdn/character/large/b127292-MAWgxbS0Cbrs.png,"精灵族的魔法使——莱欧斯的青梅竹马兼队友。对吃魔物这件事极度抵触——""我不要我不要我绝对不要！""但每次都被塞进嘴里然后表情变了。擅长使用高等魔法是队伍的主要火力输出。经常因为被强迫吃奇怪东西而发出可爱的悲鸣。",Marcille Donato|玛露西尔|Marcille|マルシル,金发|精灵|魔法使|青梅竹马|抗拒魔物料理|真香|可爱,暂未收录
127420,吉原爱菜,碧蓝之海,https://s4.anilist.co/file/anilistcdn/character/large/b127420-ssYIvTQrmliT.jpg,潜水社少有的正常人——被拉来凑数的女生。喜欢耕平但每次表白都说错话变成了恐怖现场。化妆技术一流——从不化妆到化妆的反差令所有裸男闭嘴。是潜水社中唯一的良心。,Aina Yoshiwara|吉原爱菜|Aina,棕发|化妆|暗恋|正常|吐槽|良心,暂未收录
127465,魏无羡,魔道祖师,https://s4.anilist.co/file/anilistcdn/character/large/b127465-vxaYSRgh7Rjf.png,"夷陵老祖——云梦江氏大弟子。修鬼道的天才被世人畏惧和唾弃。手持笛子""陈情""驱使万鬼。性格洒脱不羁但内心深处藏着对蓝忘机最深的信任。""蓝湛——你信我吗？""——他从来不需要答案。",,,Ryouhei Kimura
127466,蓝忘机,魔道祖师,https://s4.anilist.co/file/anilistcdn/character/large/b127466-J3otX1gFDatJ.png,"姑苏蓝氏二公子——含光君。白袍古琴不问世事的面瘫剑仙。十六年前没能在不夜天城保护好那个人。十六年后——""魏婴——我在。""——他用十六年等一个人回来。",,,Shinnosuke Tachibana
127518,灶门祢豆子,鬼灭之刃,https://s4.anilist.co/file/anilistcdn/character/large/b127518-NRlq1CQ1v1ro.png,灶门祢豆子是炭治郎的妹妹，被鬼舞辻无惨变为鬼，但因对家人的强烈情感保留了保护人类的本能。她是唯一克服嗜血本能的鬼，使用血鬼术·爆血战斗。平时缩小身体躲在炭治郎背着的木箱中。,祢豆子|Nezuko,血鬼术·爆血|鬼化|箱中少女|鬼之少女|黑发|长发|粉色眼瞳|竹筒|粉色和服|温柔|坚强|保护欲|沉默|火焰血鬼术,鬼头明里
127538,二阶堂沙希,佐贺偶像是传奇,https://s4.anilist.co/file/anilistcdn/character/large/n127538-z0mYekgT8d5P.png,前不良少女暴走族总长，死后成为僵尸偶像。打架超强的传奇太妹但在台上是帅气的团队Leader。口头禅超级凶但做的饭意外地好吃。每次看到摩托车零件都想骑上去。,Saki Nikaidou|二阶堂沙希,金发|不良少女|暴走族|僵尸|偶像|Leader|做饭,暂未收录
127539,水野爱,佐贺偶像是传奇,https://s4.anilist.co/file/anilistcdn/character/large/b127539-u9SPsvkHmgCf.png,前超人气偶像组合成员——在演唱会上被雷劈死后变成了僵尸。曾经是演艺圈的顶流偶像，变成僵尸后重新以Franchouchou成员身份出道。舞蹈和歌唱能力是所有僵尸中最强的。,Ai Mizuno|水野爱,蓝发|前顶流偶像|被雷劈|僵尸|舞蹈|歌唱|Franchouchou,暂未收录
127540,源樱,佐贺偶像是传奇,https://s4.anilist.co/file/anilistcdn/character/large/b127540-H1wiC6lu34WT.jpg,出门就被卡车撞死的倒霉少女——然后被神秘制作人变成了僵尸偶像。团队中最没特长但最有热情的人。作为Franchouchou的中心成员为了拯救佐贺县而高歌。虽然是僵尸但梦想比任何人都鲜活。,Sakura Minamoto|源樱|Sakura,粉发|僵尸|偶像|卡车|倒霉|热情|Franchouchou,暂未收录
127574,勇利,MEGALO BOX,https://s4.anilist.co/file/anilistcdn/character/large/b127574-lxBOWzqmNRlY.png,白都财团培养的完美拳手——将最先进的MEGALO装备和天赋结合在一起的冠军。在MEGALONIA大赛中与乔展开了最激烈的对决。他看到了乔眼中那头不服输的野狗——然后明白了自己也渴望像他那样用最纯粹的方式战斗。,Yuuri|勇利|ユーリ,白发|冠军|MEGALO|白都财团|乔的宿敌|纯粹,暂未收录
127584,内海将,SSSS.GRIDMAN,https://s4.anilist.co/file/anilistcdn/character/large/n127584-JBxvtPDCJpZt.png,"裕太的好友——特摄狂热粉丝。对Gridman和怪兽的知识储备使他成为了支援队的核心。""我就是为了这一刻才看了这么多特摄的！""——热血搞笑的支援担当。",Shou Utsumi|内海将|Utsumi,眼镜|特摄宅|支援|好友|热血|搞笑,暂未收录
127585,宝多六花,SSSS.GRIDMAN,https://s4.anilist.co/file/anilistcdn/character/large/b127585-3lGc9BytiXjZ.png,"裕太的同班同学——慵懒系的短发美少女。被卷入Gridman与怪兽的战斗后成为了支援队的一员。总是在关键时刻用最平静的表情做出最勇敢的决定。""我只是觉得应该这样做。""——不需要任何热血台词她的行动比语言更有力。",Rikka Takarada|宝多六花|Rikka|六花,黑发|短发|慵懒|支援|冷静|勇敢,暂未收录
127587,新条茜,SSSS.GRIDMAN,https://s4.anilist.co/file/anilistcdn/character/large/b127587-DZBuSJgxunUq.jpg,"被全班同学喜爱的完美少女——但她也是制造怪兽的元凶。用自己创造的怪兽一次次摧毁城市因为""这个世界本来就是我的游戏""。她的孤独和扭曲背后的真相是整个故事最令人心碎的部分。粉发可爱的外表下是无尽的寂寞。",Akane Shinjou|新条茜|Akane,粉发|双面|怪兽制造者|孤独|扭曲|完美外表,暂未收录
127592,古立特,SSSS.GRIDMAN,https://s4.anilist.co/file/anilistcdn/character/large/b127592-jwbMj8dEB59O.jpg,"来自异世界的巨大英雄——寄宿在响裕太体内。当怪兽出现在城市中时变身与怪兽战斗。需要裕太和同伴们在电脑前的支援。经典的""Access Flash！""变身场景完美致敬了原版特摄。""照亮世界——Gridman！""",Gridman|古立特|グリッドマン,巨人|英雄|特摄|变身|电脑世界|守护,暂未收录
127613,梓川花枫,青春猪头少年不会梦到兔女郎学姐,https://s4.anilist.co/file/anilistcdn/character/large/b127613-LBtFkMJfUWpg.png,咲太的妹妹，因遭受校园霸凌而患上青春期综合征——身体出现大片不明原因的伤痕。在哥哥的保护下逐渐恢复。是咲太为了保护麻衣而奋不顾身的原动力之一。,Kaede Azusagawa|梓川花枫|Kaede|花枫,棕发|妹妹|校园霸凌|青春期综合征|被保护|伤痕|成长,暂未收录
127633,双叶理央,青春猪头少年不会梦到兔女郎学姐,https://s4.anilist.co/file/anilistcdn/character/large/b127633-FcCwWK5sQRhK.png,"咲太的同班同学，科学部的唯一成员。理性至上的理科少女，是咲太唯一可以商量青春期综合征问题的智囊。自己也陷入了""两个人格分裂""的青春期综合征。暗恋国见佑真。",Rio Futaba|双叶理央|Rio|理央,黑发|眼镜|理科女|理性|智囊|科学部|人格分裂|自拍照|青春期综合征,暂未收录
127689,先西,迷宫饭,https://s4.anilist.co/file/anilistcdn/character/large/b127689-SC65fBVrUx8v.png,"矮人族的迷宫厨师——整个故事的核心。在迷宫中生活了十年的烹饪大师，能用任何魔物做出令人惊叹的美食。随身携带全套厨具和调味料。将""在迷宫中好好吃饭""作为人生哲学。每次做菜前的仪式感和讲解是全剧的精髓。""吃是生命最基本也是最美好的事。""",Senshi|先西|センシ,矮人|厨师|魔物料理|迷宫十年|厨具|美食哲学|胡子,暂未收录
127691,五条悟,咒术回战,https://s4.anilist.co/file/anilistcdn/character/large/b127691-9zqh1xpIubn7.png,五条悟是咒术高专的教师，现代最强的咒术师。拥有六眼和无下限咒术，实力远超其他咒术师。性格轻浮随性，但对自己的学生极为重视。,Satoru Gojou|五条|悟|Gojo|最强咒术师|六眼,白发|蓝色眼瞳|高挑|最强|随性|护短|六眼|无下限咒术|咒术高专|教师|领域无量空处|五条家主,中村悠一
127840,古贺朋绘,青春猪头少年不会梦到兔女郎学姐,https://s4.anilist.co/file/anilistcdn/character/large/b127840-z2LUox2R2Ivg.jpg,"咲太的学妹，陷入了""同一日不断重复""的青春期综合征。为了逃避现实而假装与咲太交往。性格活泼可爱但内心对人际关系缺乏安全感。",Tomoe Koga|古贺朋绘|Tomoe|朋绘,棕发|学妹|假交往|时间循环|青春期综合征|活泼|缺乏安全感,暂未收录
128040,朱菜,关于我转生变成史莱姆这档事,https://s4.anilist.co/file/anilistcdn/character/large/b128040-QOhtFHgfOT5O.png,鬼人族公主，侍奉利姆鲁的巫女。拥有美丽的粉色长发和温柔性格，擅长缝纫和料理。在利姆鲁命名后获得了强大魔力，成为魔物之国的重要支柱。,Shuna|朱菜|巫女姬|鬼人族,粉发|红色眼瞳|温柔|善良|巫女|鬼人族|公主|缝纫|料理|魔力编织,千本木彩花
128424,藏原走,强风吹拂,https://s4.anilist.co/file/anilistcdn/character/large/b128424-sUjzP2Fnr4qo.png,"拥有惊人长跑天赋的青年，是天生的跑者。他曾经因一次事件而放弃田径，封闭了自己的内心。性格内向寡言，不擅长与人交流。被拉入""宽政大学田径队""后，他重新开始奔跑，也在与队友的相处中逐渐打开心扉。他的奔跑纯粹而热烈，是对自己过去的一种和解。那份天赋之下的孤独与挣扎，令人动容。",Kakeru Kurahara|藏原走|阿走,黑发|黑瞳|长跑|天才|内向|孤僻|奔跑|成长,Takeo Ootsuka
128425,清濑灰二,强风吹拂,https://s4.anilist.co/file/anilistcdn/character/large/b128425-RNUr1c5wGqKI.jpg,"宽政大学田径队的队长，性格温柔而执着。他怀抱着""参加箱根驿传""的梦想，为此努力组建队伍。曾经是备受期待的长跑选手，却因伤病不得不离开赛场。他始终没有放弃奔跑，用自己的方式守护着队伍和梦想。那份温柔之下的坚定与牺牲，是他最动人的地方。",Haiji Kiyose|清濑灰二|灰二,棕发|棕瞳|队长|长跑|领导|温柔|执着|伤病史,Toshiyuki Toyonaga
128517,松田,昭和元禄落语心中,https://s4.anilist.co/file/anilistcdn/character/large/n128517-oIQRqpxu8ovx.jpg,某位热血落语家的徒弟，性格认真忠诚。他尊重师长，努力学习落语技艺。他见证着落语界的人事变迁，也用自己的方式延续着这门艺术。那份朴实的忠诚与坚持，是落语传承中默默无闻却不可或缺的力量。,Matsuda|松田|松田,黑发|棕瞳|徒弟|忠诚|认真|努力|传承|陪伴,Shigeru Ushiyama
128519,圆山满月,昭和元禄落语心中,https://s4.anilist.co/file/anilistcdn/character/large/n128519-95QWIpyHHDPJ.jpg,落语界的后辈，性格认真努力。他继承了前辈们对落语的热爱，在新时代里探索着这门艺术的可能。他尊重传统，也敢于创新。那份对落语的执着与热忱，是这门古老艺术延续的希望。,Mangetsu Tsuburaya|圆山满月|满月,黑发|棕瞳|落语家|后辈|努力|成长|认真|传承,Kouji Yusa
128551,杉山高志,强风吹拂,https://s4.anilist.co/file/anilistcdn/character/large/b128551-9bKQB7MNQDve.png,宽政大学田径队的成员，性格积极向上的青年。他拥有丰富的田径经验，是队伍中可靠的中坚力量。他对跑步充满热情，总是用积极的态度感染身边的人。虽然有时会因竞争而焦虑，却始终不放弃。那份热血与坚持，让他在箱根驿传中拼尽全力。,Takashi Sugiyama|杉山高志|高志,黑发|棕瞳|长跑|热血|努力|团队|积极|成长,Kouki Uchiyama
128554,岩仓雪彦,强风吹拂,https://s4.anilist.co/file/anilistcdn/character/large/b128554-NctnqQ9UaniY.png,宽政大学田径队的成员，性格理智冷静的青年。他善于观察和分析，是队伍中理性的声音。虽然最初对跑步抱有怀疑，却在过程中逐渐理解了奔跑的意义。他的冷静与成熟，为队伍提供了宝贵的支撑。那份理性之下的热情，在驿传中彻底绽放。,Yukihiko Iwakura|岩仓雪彦|雪彦,黑发|棕瞳|长跑|理智|冷静|团队|观察|成熟,Kazuyuki Okitsu
128556,平田彰宏,强风吹拂,https://s4.anilist.co/file/anilistcdn/character/large/b128556-cnv5TRC6coNn.png,宽政大学田径队的成员，性格坚毅努力的青年。他并非天赋出众，却用日复一日的训练弥补差距。在队伍中，他是那种脚踏实地、默默坚持的类型。他对箱根驿传的渴望，驱使他不断突破自己。那份朴实无华的毅力，令人敬佩。,Akihiro Hirata|平田彰宏|彰宏,黑发|棕瞳|长跑|努力|团队|坚持|可靠|毅力,Takanori Hoshino
128557,柏崎茜,强风吹拂,https://s4.anilist.co/file/anilistcdn/character/large/b128557-MBfwlSSVeB6b.png,宽政大学田径队的成员之一，性格认真努力的青年。他并非天赋型选手，却靠着一股不服输的劲头坚持训练。在队伍中，他是那个默默付出、稳定可靠的成员。他对跑步的热爱朴素而真挚。那份努力与坚持，让他成为了队伍不可或缺的力量。,Akane Kashiwazaki|柏崎茜|茜,黑发|棕瞳|长跑|认真|努力|团队|成长|可靠,Miyu Irino
128561,儿玉都,终将成为你,https://s4.anilist.co/file/anilistcdn/character/large/b128561-TWh3PyMtgBYu.jpg,学生会的学姐成员，开朗活泼。是灯子和侑身边的重要见证人。她观察着两人的关系变化，偶尔给出不痛不痒的评论和助攻。,Miyako Kodama|儿玉都,棕发|开朗|学生会|见证人|助攻,暂未收录
128563,堂岛卓,终将成为你,https://s4.anilist.co/file/anilistcdn/character/large/b128563-pgBXP0w8X5L4.png,灯子的青梅竹马和同班同学。一直默默喜欢灯子但知道自己的感情不会被回应。选择以朋友的身份继续守护在灯子身边。,Suguru Doujima|堂岛卓,黑发|青梅竹马|默默喜欢|守护|配角,暂未收录
129090,剑崎梨梨花,利兹与青鸟,https://s4.anilist.co/file/anilistcdn/character/large/b129090-C7RqY9pCxzR9.png,吹奏乐部成员，在利兹与青鸟中有少量出场。是音乐世界中又一个普通但重要的存在。,Ririka Kenzaki|剑崎梨梨花,棕发|吹奏乐部|配角,暂未收录
129130,嘴平伊之助,鬼灭之刃,https://s4.anilist.co/file/anilistcdn/character/large/n129130-SJC0Kn1DU39E.jpg,嘴平伊之助是炭治郎的同期鬼杀队剑士，从小在山中由野猪抚养长大。常戴着野猪头套，性格好斗莽撞但实力强大。使用自创的兽之呼吸，触觉极度灵敏，能感知空气的细微振动。,伊之助|Inosuke,兽之呼吸|野猪头套|超常触觉|双刀流|蓝发|长发|肌肉发达|赤裸上身|蓝色眼瞳|好斗|莽撞|野性|不服输|山中之子,松冈祯丞
129131,我妻善逸,鬼灭之刃,https://s4.anilist.co/file/anilistcdn/character/large/b129131-FZrQ7lSlxmEr.png,我妻善逸是炭治郎的同期鬼杀队剑士。平时胆小怯懦，但在极度恐惧下会陷入沉睡，此时展现出惊人的剑术才能——雷之呼吸·壹之型·霹雳一闪。听觉异常灵敏，对祢豆子一见钟情。,善逸|Zenitsu,雷之呼吸|霹雳一闪|超常听觉|日轮刀|金发|黄发|金色眼瞳|黄色羽织|胆小|怯懦|沉睡变强|雷之呼吸传人|暗恋祢豆子,下野纮
129132,鬼舞辻无惨,鬼灭之刃,https://s4.anilist.co/file/anilistcdn/character/large/b129132-4nIZakUZ1o8W.jpg,鬼之始祖，所有鬼的创造者。存活超过千年的究极生物，拥有多重心脏和大脑。以人类形态混迹社会中，追求永生不死和克服阳光。残忍冷酷，容不下任何失败，是所有鬼杀队剑士的最终敌人。,Muzan Kibutsuji|鬼舞辻无惨|无惨|鬼之始祖|千年的鬼王,黑发|红色眼瞳|鬼之始祖|千年不死|多重心脏|残忍|冷酷|克服阳光|究极生物|最终BOSS|迈克杰克逊发型,关俊彦
129133,炼狱杏寿郎,鬼灭之刃,https://s4.anilist.co/file/anilistcdn/character/large/b129133-VlTPowwt68rJ.png,"鬼杀队的炎柱，使用炎之呼吸。性格热血开朗，说每句话都充满激情和活力。在无限列车篇以一人之力保护了所有乘客，展现出炎柱的终极奥义。虽然最终战死但精神震撼了所有观众。名言是""燃烧心臓！""。",Kyoujurou Rengoku|炼狱杏寿郎|Rengoku|炎柱|大哥,金发|红色眼瞳|热血|开朗|炎柱|炎之呼吸|九柱|无限列车|燃烧心脏|牺牲|饭量超大,日野聪
129247,基罗兰克,黄金神威,https://s4.anilist.co/file/anilistcdn/character/large/b129247-0UERXeEojRPd.png,阿希莉帕的叔叔——阿伊努族的猎人和革命者。在黄金争夺战中扮演着关键角色。对阿希莉帕既是保护者也是引导者。,Kiroranke|基罗兰克|キロランケ,阿伊努|猎人|叔叔|革命|引导者,暂未收录
129571,乙骨忧太,咒术回战,https://s4.anilist.co/file/anilistcdn/character/large/b129571-GHJk7gviHOOw.jpg,特级咒术师，咒术高专二年级学生。体内寄宿着特级过怨咒灵——青梅竹马折本里香。原本是个胆小善良的少年，为了保护同伴逐渐成长为能独当一面的强大咒术师。被称为仅次于五条悟的天才。,Yuuta Okkotsu|乙骨忧太|Yuta|Okkotsu|特级,黑发|特级咒术师|过怨咒灵|天才|胆小|善良|咒术高专|里香|五条悟后第一人,绪方惠美
129917,多尔德,关于我转生变成史莱姆这档事,https://s4.anilist.co/file/anilistcdn/character/large/n129917-3UC194PSkLFQ.jpg,猪头族的战士，原猪头帝手下。在猪头帝被击败后归顺魔物之国。外表粗野但性格憨厚忠诚，是魔物之国军队的中坚力量。,Dord|多尔德|猪头族,棕色毛发|肌肉发达|憨厚|忠诚|猪头族|战士|魔物之国,暂未收录
129928,成秦禹,我独自升级,https://s4.anilist.co/file/anilistcdn/character/large/b129928-BCEjVaP0AQSw.png,"人类最弱的E级猎人——""人类最弱兵器""。在一次双重地下城中被系统选中获得了""升级""的唯一能力。从此从一个连最低级魔物都打不过的废物变成了无可匹敌的S级存在。他的每一次升级都在刷新这个世界的极限。""起来——我还没死呢。""",Jin-U Seong|成秦禹|Sung Jin-Woo|シャドウモナーク,黑发|E级猎人|系统|升级|暗影君主|最弱到最强|召唤,暂未收录
130025,陈果,全职高手,https://s4.anilist.co/file/anilistcdn/character/large/n130025-A0SOf9nSZBPB.png,兴欣网吧的老板——荣耀菜鸟叶修的忠实粉丝。收留了被驱逐的叶修然后眼睁睁看着他把自己网吧变成了冠军训练营。,,,
130027,唐柔,全职高手,https://s4.anilist.co/file/anilistcdn/character/large/n130027-4w88NcgN8RwC.png,"钢琴天才——在网吧摸了叶修的键盘后决意挑战荣耀职业联赛。从新手到职业选手只用了几个月——因为她的手腕里住着钢琴家的灵魂。""我不需要天赋——我只需要赢。""",,,
130050,富冈义勇,鬼灭之刃,https://s4.anilist.co/file/anilistcdn/character/large/b130050-qsLThJs5VIbz.png,富冈义勇是鬼杀队的水柱，也是最顶尖的九柱之一。他是第一个遇到炭治郎的鬼杀队成员，引荐炭治郎拜师鳞泷左近次。性格沉默寡言、不善交际，但实力极强，水之呼吸的造诣无人能及。,义勇|Giyu,水柱|水之呼吸|九柱|鬼杀队|日轮刀|黑发|长发|蓝色眼瞳|半半羽织|沉默寡言|冷静|不善交际|实力至上|孤独,樱井孝宏
130070,贝尔法斯特,碧蓝航线,https://s4.anilist.co/file/anilistcdn/character/large/n130070-aFSpprHYoWNn.jpg,[],Belfast|ベルファスト,,Yui Horie
130102,淀治,电锯人,https://s4.anilist.co/file/anilistcdn/character/large/b130102-FO1VHNnEnLlB.png,淀治是电锯人的主角。被黑帮压榨的贫穷少年，与恶魔波奇塔融合后获得变身为电锯人的能力。梦想是过上普通的生活——吃好吃的、谈恋爱。加入了公安对魔特异4课。,Denji|淀治|电锯人|链锯人,金发|棕色眼瞳|贫穷|天真|渴望平凡|电锯人|公安对魔特异4课|心脏引擎|链锯|恶魔人|波奇塔,户谷菊之介
130267,江澄,魔道祖师,https://s4.anilist.co/file/anilistcdn/character/large/b130267-lxfJm8K1W2ml.png,"云梦江氏宗主——紫电鞭持有者。魏无羡的师弟和最终的决裂者。莲花坞的覆灭改变了他的一生。他恨魏无羡——但他也找了他十三年。""魏无羡——你给我回来。""",,,Hikaru Midorikawa
130509,齐尔查克·蒂姆斯,迷宫饭,https://s4.anilist.co/file/anilistcdn/character/large/b130509-NFZ7xFt1kLqd.png,"半身人盗贼，队伍中的机关专家和解锁担当。小巧灵活的身材让他能进入任何地方。虽然嘴硬但对队友的关心全在行动里。每次踩陷阱都会抱怨但每次都会第一个冲上去。""我真受不了你们这帮人——但还是先把前面的陷阱拆了吧。""",Chilchuck Tims|齐尔查克|チルチャック,半身人|盗贼|小巧|解锁|机关|嘴硬心软|可靠,暂未收录
130585,草野,寄生兽,https://s4.anilist.co/file/anilistcdn/character/large/n130585-7g7ZGqka0mOz.png,新一的同学，温柔善良的少女。在新一变化最大的时期始终陪伴在他身边试图理解他。是故事中为数不多的人性锚点。,Kusano|草野,棕发|同学|温柔|人性锚点|理解,暂未收录
130645,小君,未来的未来,https://s4.anilist.co/file/anilistcdn/character/large/n130645-yV9zzZONnf7R.jpg,,Kun|くんちゃん,,Moka Kamishiraishi
130646,未来,未来的未来,https://s4.anilist.co/file/anilistcdn/character/large/n130646-hJBvo3nZL1TQ.jpg,,Mirai|ミライ,,Haru Kuroki
131779,枫,怪物之子,https://s4.anilist.co/file/anilistcdn/character/large/b131779-i9x91xvL7LcH.jpg,,Kaede|楓,,Suzu Hirose
132729,托蕾妮,关于我转生变成史莱姆这档事,https://s4.anilist.co/file/anilistcdn/character/large/n132729-wTAcZIkmMZak.jpg,树妖精族的守护者，居住在鸠拉大森林深处。拥有操控植物的能力，是森林的观察者和记录者。外表优雅神秘，常年与树木共生。,Treyni|托蕾妮|树妖精|Trainie,绿发|绿色眼瞳|优雅|神秘|树妖精|植物操控|鸠拉大森林|守护者,田中理惠
132753,关口良太,关于我转生变成史莱姆这档事,https://s4.anilist.co/file/anilistcdn/character/large/b132753-g2ZZbl1UBXCN.jpg,原日本上班族，曾与利姆鲁前世是同事。在故事早期被卷入事件身亡，其死亡间接导致了转生。虽然出场时间极短但推动了整个故事的起点。,Ryouta Sekiguchi|关口良太|良太,黑发|普通人|上班族|善良|故事起点,暂未收录
132847,月,平凡职业成就世界最强,https://s4.anilist.co/file/anilistcdn/character/large/b132847-rxYUEsbcLxTm.png,[],Yue|ユエ|吸血鬼姬,,Yuuki Kuwahara
132848,南云始,平凡职业成就世界最强,https://s4.anilist.co/file/anilistcdn/character/large/b132848-HsUfgM0nr2Dz.jpg,[],Hajime Nagumo|南云始,,Toshinari Fukamachi
132972,乡田武藏,灵能百分百,https://s4.anilist.co/file/anilistcdn/character/large/n132972-OMoDKqJSfLjs.jpg,肌肉改造部的成员，体格壮硕的热血少年。虽然与超能力毫无关系，却以惊人的体魄和纯粹的热血在故事中留下了深刻印象。他为人正直，充满正义感，是主角在学校里的朋友之一。那身经过千锤百炼的肌肉，是他努力与坚持的证明。即便没有超能力，他也用自己的方式守护着重要的人和事。,Musashi Gouda|乡田武藏|武藏,黑发|棕瞳|肌肉改造部|壮硕|热血|学生|健身|友情,Toshihiko Seki
133676,喜多川海梦,更衣人偶坠入爱河,https://s4.anilist.co/file/anilistcdn/character/large/b133676-kV2czE3C8Qls.png,完美到发光的辣妹——但实际上是个狂热的Cosplay宅女。梦想是Cosplay所有自己喜欢的角色。因不擅长做衣服而找上了同班的裁缝高手新菜帮她制作Cos服装。两人的距离在一次次量尺寸和试装中越来越近。是个能把所有动漫宅的梦想穿在身上的人。,Marin Kitagawa|喜多川海梦|Marin|海梦,金发|辣妹|Cosplay|宅女|开朗|完美外貌|反差|喜欢新菜,直田姬奈
133677,乾纱寿叶,更衣人偶坠入爱河,https://s4.anilist.co/file/anilistcdn/character/large/b133677-PqshvUeVFB7u.jpg,知名Cosplayer——JuJu。初中生但拥有超高的人气和顶尖的Cos技术。最初对海梦充满敌意但在看到新菜的手艺后态度大变。毒舌傲娇但实际上非常珍惜海梦和新菜这两个朋友。妹妹心寿是她最忠实的摄影师。,Sajuna Inui|乾纱寿叶|Sajuna|JuJu,黑发|Cosplayer|JuJu|初中生|傲娇|毒舌|妹妹,暂未收录
133678,五条新菜,更衣人偶坠入爱河,https://s4.anilist.co/file/anilistcdn/character/large/b133678-IitCgjDxQGgu.png,"被全班孤立的""人偶宅""少年。祖传人偶职人的孙子，拥有精湛的裁缝手艺。因童年被嘲笑""男生玩人偶""而一直隐藏自己的爱好。被海梦发现手艺后成为了她的专属Cos服制作人。在制作衣服的过程中逐渐走出阴影。",Wakana Gojou|五条新菜|Gojou|新菜,黑发|人偶宅|裁缝|内向|被孤立|认真|手艺人|成长,石毛翔弥
133699,夏油杰,咒术回战,https://s4.anilist.co/file/anilistcdn/character/large/b133699-FCnXaISgazAi.png,特级咒术师，咒灵操术的使用者。曾是五条悟的挚友和同期，后来因理念不同走向对立。能够操控大量咒灵，建立了以咒术师统治世界的宏大计划。是咒术回战前传故事的核心反派。,Suguru Getou|夏油杰|Geto|Suguru|最恶诅咒师,黑发|长发|特级咒术师|咒灵操术|反派|五条悟同期|理想主义者|教祖|袈裟|心机深沉,樱井孝宏
133700,钉崎野蔷薇,咒术回战,https://s4.anilist.co/file/anilistcdn/character/large/b133700-f6sOO3TcgLV6.png,钉崎野蔷薇是咒术高专一年级学生，从乡下来到东京。使用钉子加锤子的咒术战斗，性格豪爽自信，绝不向任何人低头。,Nobara Kugisaki|野蔷薇|钉崎|Nobara|锤子咒术师,橙发|棕色眼瞳|豪爽|自信|不服输|钉子咒术|锤子|稻草人术式|咒术高专|乡下出身|东京梦想,濑户麻沙美
133704,七海建人,咒术回战,https://s4.anilist.co/file/anilistcdn/character/large/b133704-8wLTGjc234q2.png,"七海建人是咒术高专的一级咒术师。曾经是上班族，后回归咒术界。性格认真严肃，信奉""加班就是狗屎""原则。咒术能力比率术式可在目标身上制造弱点。",Kento Nanami|七海|Nanami|上班族咒术师|一级咒术师,金发|棕色眼瞳|高挑|认真|理性|批判加班|比率术式|一级咒术师|原上班族|咒术高专|面冷心热,津田健次郎
135592,相泽梓,持续狩猎史莱姆三百年,https://s4.anilist.co/file/anilistcdn/character/large/b135592-jmc9t87YdKAZ.png,[],Azusa Aizawa|梓|高原魔女,,Aoi Yuuki
135593,莱卡,持续狩猎史莱姆三百年,https://s4.anilist.co/file/anilistcdn/character/large/b135593-czzOPefhnjw5.png,[],Laika|ライカ|龙族,,Kaede Hondo
135594,哈鲁卡拉,持续狩猎史莱姆三百年,https://s4.anilist.co/file/anilistcdn/character/large/b135594-ilPDl72ZLtjj.png,[],Halkara|ハルカラ|精灵,,Sayaka Harada
136069,时透无一郎,鬼灭之刃,https://s4.anilist.co/file/anilistcdn/character/large/b136069-6PLglx4tETUX.png,鬼杀队的霞柱，年仅14岁的天才剑士。使用霞之呼吸，在两个月内从握刀到成为柱。因过去的创伤而丧失大部分记忆，性格淡漠像空气一样。拥有日之呼吸剑士的血脉，潜力无人能及。,Muichirou Tokitou|时透无一郎|Muichiro|霞柱|无一郎|天才少年,黑发|淡色眼瞳|14岁|天才|淡漠|失忆|霞柱|霞之呼吸|九柱|日之呼吸血脉|两个月成柱,河西健吾
136070,蝴蝶忍,鬼灭之刃,https://s4.anilist.co/file/anilistcdn/character/large/b136070-MC9LLxJsHyHE.png,蝴蝶忍是鬼杀队的虫柱，九柱之一。擅长使用毒术，以优雅的微笑掩盖内心的愤怒与悲伤。因身高和力量不足无法斩下鬼首，转而开发紫藤花毒素来消灭鬼。姐姐蝴蝶香奈惠被鬼杀害后继承其意志。,忍|Shinobu,虫柱|毒术|紫藤花毒|九柱|鬼杀队|细剑|紫发|黑发|紫色眼瞳|蝴蝶发饰|蝴蝶羽织|优雅|微笑|腹黑|复仇心|理智|姐姐被杀,早见沙织
136071,宇髄天元,鬼灭之刃,https://s4.anilist.co/file/anilistcdn/character/large/b136071-99Kexnnn2PiV.png,鬼杀队的音柱，使用音之呼吸。曾是忍者，以华丽为人处世的信条。有三个妻子，身上戴着大量华丽的珠宝装饰。拥有超凡的听力和节奏感，能通过声音判断地形和敌人位置。性格张扬但实力极强。,Tengen Uzui|宇髄天元|Uzui|音柱|宇髄|华丽之神,白发|肌肉发达|高挑|华丽|忍者出身|音柱|音之呼吸|九柱|三个妻子|超常听觉|珠宝装饰,小西克幸
136072,甘露寺蜜璃,鬼灭之刃,https://s4.anilist.co/file/anilistcdn/character/large/b136072-xVwyRUKdpybi.png,鬼杀队的恋柱，使用恋之呼吸。粉绿相间的彩色长发和丰满身材是她的标志。肌肉密度是常人的八倍但外表看不出来。性格天真浪漫，加入鬼杀队的原因是想找到比自己更强的人结婚。食量惊人。,Mitsuri Kanroji|甘露寺蜜璃|Mitsuri|恋柱|蜜璃,粉绿发|彩色长发|丰满|天真|浪漫|恋柱|恋之呼吸|九柱|肌肉密度8倍|大食量|求偶目的,花泽香菜
136073,宋致烈,我独自升级,https://s4.anilist.co/file/anilistcdn/character/large/b136073-0hZNgsWB9ZLH.png,韩国S级猎人——用火焰魔法战斗的大叔。性格豪放不羁但对后辈极为照顾。在与蚂蚁王的大战中牺牲自己为秦禹争取了关键的时间。他的死是秦禹成长中最沉重的一课。,Chi-Yul Song|宋致烈,红发|S级猎人|火焰|豪放|牺牲|大叔,暂未收录
136077,白允浩,我独自升级,https://s4.anilist.co/file/anilistcdn/character/large/b136077-IIMqRmMK5Fgs.png,"韩国S级猎人——白虎公会的会长。最早注意到成秦禹异常成长的人之一。外表是中年大叔但实力在韩国排名第一。在秦禹成长的过程中给予了最关键的指引和信任。""小子——你到底是什么人？""",Yun-Ho Baek|白允浩|白叔叔,金发|S级猎人|白虎公会|会长|导师|最强,暂未收录
137056,绫波,碧蓝航线,https://s4.anilist.co/file/anilistcdn/character/large/b137056-hDdmwlcAzprB.jpg,[],Ayanami|綾波,,You Taichi
137079,帕瓦,电锯人,https://s4.anilist.co/file/anilistcdn/character/large/b137079-6yLEUYR3bmpr.png,"帕瓦是血之魔人，淀治的搭档和好友。性格狂野、任性、爱撒谎，但内心深处渴望被认可。头上长角，能用血液制造武器。自称""本大爷""。",Power|帕瓦|血之魔人|Powaa,金发|红色眼瞳|狂野|任性|撒谎|血之魔人|公安|头角|血液武器|自称本大爷|猫奴,菲鲁兹·蓝
137080,玛奇玛,电锯人,https://s4.anilist.co/file/anilistcdn/character/large/b137080-UHcynYNjb5ZU.png,玛奇玛是公安对魔特异4课的长官。外表温柔美丽，擅长操控他人，实际上是支配恶魔。她的真面目和终极目的令人不寒而栗。,Makima|玛奇玛|支配恶魔|玛琪玛,红发|金色眼瞳|美丽|温柔表象|腹黑|支配恶魔|公安课长|操控人心|恐怖|支配之力|终极反派,楠木灯
137081,早川秋,电锯人,https://s4.anilist.co/file/anilistcdn/character/large/b137081-TSrUR3mUJL6r.png,公安对魔特异4课的恶魔猎人，淀治的搭档兼监护人。为人沉稳可靠，内心背负着被恶魔杀光全家的创伤。与诅咒恶魔和狐之恶魔签订契约，用寿命换取力量。梦想杀光所有恶魔为家人复仇。,Aki Hayakawa|早川秋|Aki|早川|秋,黑发|蓝色眼瞳|高挑|沉稳|可靠|复仇心|恶魔猎人|公安|诅咒恶魔契约|狐之恶魔|烟瘾|剑道,坂田将吾
137260,画眉丸,地狱乐,https://s4.anilist.co/file/anilistcdn/character/large/b137260-xmSis8FmwhEE.png,"被誉为""石隐村最强者""的忍者——称号""空之画眉丸""。被判处死刑后接到了幕府的任务——前往极乐净土寻找不老不死的仙药以换取无罪赦免。使用各种忍术的冷血杀手但唯一的牵挂是深爱的妻子。为了回到妻子身边愿意砍翻任何挡路的人或神。",Gabimaru|画眉丸|Gabimaru,白发|忍者|最强者|死刑犯|寻找仙药|深爱妻子|冷酷|空之画眉丸,暂未收录
137261,杠,地狱乐,https://s4.anilist.co/file/anilistcdn/character/large/b137261-lWhxTwLOYLpO.png,与画眉丸同行的死囚之一——使用绷带缠绕的诡异战斗方式。外表阴沉但在极乐仙乡的危机中多次出手相助。和画眉丸一行人从敌人变成了可以托付背后的战友。,Touma|杠|トウマ,棕发|死囚|绷带|诡异|战友|沉默,暂未收录
137263,佐切,地狱乐,https://s4.anilist.co/file/anilistcdn/character/large/b137263-I2krXFEFOHjL.png,幕府的执刑人——山田浅右卫门家的养女。剑术精湛的少女。奉命陪同画眉丸前往极乐净土并在任务完成后亲手执行他的死刑。但在旅途中对画眉丸产生了超越任务的情感。理性与感性的冲突让她反复挣扎。,Sagiri|佐切|サギリ,黑发|执刑人|剑术|山田家|监督|矛盾|正义,暂未收录
137773,鳞泷左近次,鬼灭之刃,https://s4.anilist.co/file/anilistcdn/character/large/b137773-N4O52f73dJKZ.png,鳞泷左近次是炭治郎的师父，原水柱。戴着天狗面具的神秘剑士，负责最终选拔前的训练。对待弟子严厉但内心温柔。,Sakonji Urokodaki|鳞泷|Urokodaki|天狗面具|原水柱,白发|天狗面具|严厉|温柔内里|原水柱|鬼杀队|培育师|最终选拔|水之呼吸|狭雾山,大冢芳忠
137774,不死川实弥,鬼灭之刃,https://s4.anilist.co/file/anilistcdn/character/large/b137774-O1iYrnGLB71l.png,鬼杀队的风柱，满身伤痕的硬汉。使用风之呼吸，性格极端暴躁但对弟弟玄弥怀有深深的爱和保护欲。因稀血体质对鬼有天然优势。脸上和身上布满战斗留下的伤痕，是九柱中最凶暴的存在。,Sanemi Shinazugawa|不死川实弥|Sanemi|风柱|不死川|伤疤柱,白发|伤痕满身|暴躁|风柱|风之呼吸|九柱|稀血|硬汉|弟弟保护者|鬼杀队,关智一
137816,七星静香,无职转生,https://s4.anilist.co/file/anilistcdn/character/large/b137816-ub5QE86fHD3C.png,与鲁迪乌斯一样从日本转生而来的少女，但转生的时间和方式不同。在魔法大学中与鲁迪乌斯相遇并成为重要的盟友。拥有关于另一个世界召唤魔法的知识，是连接两个世界秘密的关键人物。,Shizuka Nanahoshi|七星静香|Nanahoshi|静香,黑发|转生者|日本人|魔法大学|异世界知识|盟友|冷静|召唤魔法,若山诗音
138100,阿尼亚·福杰,间谍过家家,https://s4.anilist.co/file/anilistcdn/character/large/b138100-4Li0tWRCa5bQ.png,阿尼亚·福杰是福杰家的养女，拥有读心术的超能力者。她是某个组织实验的产物，天真活泼又好奇心旺盛。为了帮助父亲完成任务、维护家庭和平而暗中努力。,Anya Forger|阿尼亚|Anya|读心术|花生,粉发|绿色眼瞳|天真|可爱|好奇心旺盛|读心术|超能力者|实验体|花生控|伊甸学院|小学生,种崎敦美
138101,洛伊德·福杰,间谍过家家,https://s4.anilist.co/file/anilistcdn/character/large/b138101-7NCB0Md8zA6G.png,"洛伊德·福杰是西国情报局的对东间谍，代号""黄昏""。为了执行""枭""任务而组建临时家庭。伪装成精神科医生，实际上拥有极强的战斗和间谍能力。",Loid Forger|洛伊德|Loid|黄昏|间谍,金发|蓝色眼瞳|高挑|冷静|完美主义|间谍|黄昏|精神科医生伪装|西国情报局|百面相|战斗力极强|好父亲,江口拓也
138102,约尔·福杰,间谍过家家,https://s4.anilist.co/file/anilistcdn/character/large/b138102-ZOAu9jI2d5ke.png,"约尔·福杰是洛伊德的假妻子和阿尼亚的养母。表面上是一名市政厅职员，实际上是暗杀组织""花园""的王牌杀手，代号""睡美人""。厨艺极差但战斗力惊人。",Yor Forger|约尔|Yor|睡美人|杀手,紫发|红色眼瞳|美丽|温柔|天然呆|杀手|睡美人|花园|暗杀术|厨艺极差|怪力|好母亲,早见沙织
138191,西恩·沃夫德,贤者之孙,https://s4.anilist.co/file/anilistcdn/character/large/b138191-a5pX21jLduAb.jpg,[],Shin Wolford|西恩,,Yuusuke Kobayashi
138192,西希莉·冯·克劳德,贤者之孙,https://s4.anilist.co/file/anilistcdn/character/large/b138192-3ITi9SS5XXvp.jpg,[],Sicily von Claude|西希莉,,Rina Honizumi
138713,药尘,斗破苍穹,https://s4.anilist.co/file/anilistcdn/character/large/b138713-hdndr5zLVjbr.jpg,"曾经的斗尊——只剩一缕残魂寄宿在戒指中。成为萧炎的导师教他炼药和修炼。外表是个俊美的青年但实际年龄超过百岁。""小子——想变强吗？那就把你的一切都交给我吧。""",,,
139461,宝月夜宵,黑暗集会,https://s4.anilist.co/file/anilistcdn/character/large/b139461-AxfBBZMZjwaH.jpg,萤太郎的学妹——对恶灵和都市传说有着异常狂热的执念。看似可爱的外表下是对灵异事物的冷静分析和不惜一切也要捕获恶灵的冷酷。收集恶灵的目的是为了找到当年杀害母亲的诅咒之灵然后亲手毁灭它。,Yayoi Houzuki|宝月夜宵|Yayoi,黑发|学妹|灵异狂热|捕获恶灵|复仇|冷静|可爱外表,暂未收录
139462,幻灯河萤太郎,黑暗集会,https://s4.anilist.co/file/anilistcdn/character/large/b139462-VicTVjHmpHtA.jpg,"极其胆小的大学男生——因为童年被恶灵附身的创伤对一切超自然事物恐惧到极点。被学妹夜宵强行拉入""黑暗集会""——陪着她去各种灵异地点冒险。明明怕得要死但为了保护同伴每次都会硬着头皮上。是队伍中最可靠的""普通人""。",Keitarou Gentouga|幻灯河萤太郎|Keitarou,棕发|胆小|大学|被拉下水|保护|普通人的勇气,暂未收录
139463,宝月咏子,黑暗集会,https://s4.anilist.co/file/anilistcdn/character/large/b139463-dwhPQsBaAZw5.jpg,夜宵的姐姐——拥有强大灵力的巫女。在妹妹捕获恶灵的过程中提供灵力的支持和防护。性格温柔稳重是团队中最令人安心的存在。,Eiko Houzuki|宝月咏子,黑发|巫女|灵力|温柔|姐姐|防护,暂未收录
139703,天野凪,天气之子,https://s4.anilist.co/file/anilistcdn/character/large/b139703-A9GVtE2EscpF.png,阳菜的弟弟，一个早熟懂事的小学男生。在姐姐为生计奔波时陪在她身边，也在帆高最困难的时候给予了帮助。是这部作品中可爱又让人心疼的弟弟角色。,Nagi Amano|天野凪,棕发|小学生|弟弟|早熟|懂事,暂未收录
139709,森岛帆高,天气之子,https://s4.anilist.co/file/anilistcdn/character/large/b139709-LipsW9CYvlu1.png,离家出走来到东京的16岁少年。独自在池袋的网吧和街头流浪时遇到了改变天气的少女阳菜。为了守护她愿意与整个东京的天气为敌。他的爱是自私的却是纯粹的——哪怕让整个东京沉入雨中也在所不惜。,Hodaka Morishima|森岛帆高|Hodaka|帆高,黑发|离家出走|16岁|为爱自私|不后悔|守护阳菜,醍醐虎汰朗
139710,天野阳菜,天气之子,https://s4.anilist.co/file/anilistcdn/character/large/b139710-EnN2wXd5YeDb.png,"能用祈祷让天空放晴的少女——""100%的晴女""。与弟弟相依为命住在东京。每次使用祈晴能力她的身体就会逐渐变透明——因为她正在被天空吞噬。当帆高问她""你想要回去吗""时她选择了和他一起留在地上——""比起蓝天，我选择你。",Hina Amano|天野阳菜|Hina|阳菜|晴女,黑发|晴女|祈晴|透明化|照顾弟弟|比蓝天更重要的选择,森七菜
140856,洁世一,蓝色监狱,https://s4.anilist.co/file/anilistcdn/character/large/b140856-wVzKSyvU7R5B.png,"蓝色监狱的参赛者——300个前锋中最先""觉醒""的人。高中足球部默默无闻的前锋因为太自我而被队友排斥。但在蓝色监狱的残酷竞争中找到了属于自己的武器——""空间感知能力""。他的进化速度令所有人恐惧。""我要成为世界第一前锋。""",Yoichi Isagi|洁世一|Isagi|イサギ,黑发|前锋|空间感知|自我|觉醒|进化|利己主义,暂未收录
141624,莉丝妲黛,慎重勇者,https://s4.anilist.co/file/anilistcdn/character/large/b141624-gTy9Jhhc9UAk.png,[],Ristarte|リスタルテ|女神,,Aki Toyosaki
141625,龙宫院圣哉,慎重勇者,https://s4.anilist.co/file/anilistcdn/character/large/b141625-oYFYH78dmAkz.png,[],Seiya Ryuguin|圣哉|慎重勇者,,Yuuichirou Umehara
142005,戴沐白,斗罗大陆,https://s4.anilist.co/file/anilistcdn/character/large/b142005-VuGRUuRhHsxg.jpg,星罗帝国皇子——白虎武魂的强攻系魂师。史莱克七怪中最强战力的前三名。骄傲但不自大——为了保护朱竹清和伙伴可以付出一切。,,,
142006,马红俊,斗罗大陆,https://s4.anilist.co/file/anilistcdn/character/large/b142006-jzWKkQk56d8n.jpg,史莱克七怪之一——凤凰武魂觉醒的胖少年。在最初的七个怪物中他的爆发力是最强的。性格憨厚忠实的重情义汉子。,,,
142007,朱竹清,斗罗大陆,https://s4.anilist.co/file/anilistcdn/character/large/b142007-LChXs3jV2DDV.jpg,史莱克七怪之一——幽冥灵猫武魂的黑发少女。戴沐白的未婚妻。沉默寡言但行动力极强。在七怪中最冷酷但也最可靠。,,,
142010,宁荣荣,斗罗大陆,https://s4.anilist.co/file/anilistcdn/character/large/b142010-XvJFQnJa56R3.png,七宝琉璃宗的公主——九宝琉璃塔的辅助系魂师。最初是个娇气大小姐但在史莱克学院的魔鬼训练中蜕变为最出色的辅助魂师。,,,
142505,宫本大,BLUE GIANT,https://s4.anilist.co/file/anilistcdn/character/large/b142505-TJVBXimS9100.png,"拿起萨克斯那一刻就决定了——成为世界第一爵士乐手。从仙台独自来到东京的18岁少年。每天在河边从黄昏吹到深夜，吹到满手是血也不停。他的萨克斯声把所有人都卷入了他那蓝色的巨大梦想中。""我要用这把萨克斯——吹出整个世界的声音。""",Dai Miyamoto|宫本大|Dai,黑发|萨克斯|爵士|世界第一|热血|少年|每天练习10小时,暂未收录
142533,芙蕾雅,在地下城寻求邂逅是否搞错了什么,https://s4.anilist.co/file/anilistcdn/character/large/b142533-8HA0L1bjmF2P.png,"掌管""芙蕾雅眷族""的美神，银发紫瞳，美艳绝伦。她拥有看透灵魂的能力，对美丽的灵魂有着近乎偏执的追求。作为女神，她高贵而神秘，让人难以捉摸。她的眷族是都市中最强的势力之一。那份妖艳之下的执着与算计，使她成为故事中极具分量的存在。",Freya|芙蕾雅|美神,银发|紫瞳|女神|美神|妖艳|眷族主神|高深莫测|执着,Shizuka Ishigami
142923,大和命,在地下城寻求邂逅是否搞错了什么,https://s4.anilist.co/file/anilistcdn/character/large/b142923-3DX8e5beuivx.jpg,出身东方的少女剑士，性格认真严谨。她以武士的精神严格要求自己，剑术扎实。作为冒险者，她努力在迷宫中战斗，是可靠的伙伴。她重情重义，对朋友的忠诚令人动容。那份古风武士般的正直与努力，让她在冒险者中独树一帜。,Mikoto Yamato|大和命|命,黑发|棕瞳|剑士|认真|武士|忠诚|努力|伙伴,Chinatsu Akasaki
142935,虞紫鸢,魔道祖师,https://s4.anilist.co/file/anilistcdn/character/large/b142935-EYbtP7MESooQ.png,云梦江氏主母——江澄的母亲。性格刚烈强势但在莲花坞覆灭时她用生命守护了自己的丈夫和家。,,,Takako Honda
144573,达菲船长,天空之城,https://s4.anilist.co/file/anilistcdn/character/large/b144573-r58QsbfrbUOR.jpg,矿镇的船长，身材壮硕，性格豪爽。他带领矿工们辛勤劳作，是矿镇中可靠的长者。他友善而富有力量，在少年需要帮助时伸出援手。那份朴实而可靠的气质，是矿镇温暖的缩影。,Duffy Oyakata|达菲船长|达菲,壮硕|船长|豪爽|矿镇|力量|友善|矿工|可靠,Hiroshi Ito
144596,姬野,电锯人,https://s4.anilist.co/file/anilistcdn/character/large/b144596-kvL6SD2litJu.png,公安对魔特异4课的恶魔猎人，早川秋的前辈和搭档。与幽灵恶魔签订契约，用一只眼睛的代价换取力量。性格豪爽，喜欢照顾新人，是淀治和秋加入公安后的重要引导者。烟酒不忌的大姐头。,Himeno|姬野|幽灵恶魔契约者,黑发|眼罩|豪爽|大姐头|恶魔猎人|幽灵恶魔契约|独眼|公安|抽烟|喝酒|秋的前辈,伊濑茉莉也
144674,矢口八虎,蓝色时期,https://s4.anilist.co/file/anilistcdn/character/large/b144674-Y2Y6BlAPu22v.png,成绩优异的高中生，却对人生感到迷茫。他偶然接触到美术，被绘画深深震撼，从此踏上追求艺术的道路。他虽然拥有天赋，却也付出了超乎常人的努力。为了考上东京艺术大学，他废寝忘食地练习。他在艺术中找到了表达自我的方式，也逐渐明白了自己真正想要的是什么。他的故事，是关于追逐梦想的青春物语。,Yatora Yaguchi|矢口八虎|八虎,黑发|黑瞳|美术|努力|天才|迷茫|成长|东京艺术大学,Hiromu Mineta
144717,安达樱,安达与岛村,https://s4.anilist.co/file/anilistcdn/character/large/b144717-wdwT0NkNmOFS.png,高中不良少女，经常翘课在天台度过。看似冷漠但内心极度依赖岛村，无法忍受她与别人走得过近。对岛村的感情从友情逐渐变质为一心一意的独占欲。在岛村面前会展现出少见的孩子气一面。,Sakura Adachi|安达樱|Adachi|安达,黑发|不良少女|天台上|独占欲|冷漠外表|内心脆弱|翘课|孩子气,鬼头明里
144718,岛村抱月,安达与岛村,https://s4.anilist.co/file/anilistcdn/character/large/b144718-2m6bHwgM9Rii.jpg,温柔随和的女高中生，总是包容着安达的各种行为。似乎对安达的感情不太敏感但其实什么都看在眼里。以不紧不慢的节奏回应着安达，与安达度过一个又一个平静却温暖的日子。,Hougetsu Shimamura|岛村抱月|Shimamura|岛村,棕发|温柔|包容|随和|天然|高中女生|淡淡的爱,伊藤美来
145341,佐野万次郎,东京复仇者,https://s4.anilist.co/file/anilistcdn/character/large/b145341-CuPldCLZMvvf.png,"东京卍会的总长——Mikey。身材娇小的金发少年拥有怪物级别的战斗力。标志性的""笑容""背后是从小失去所有至亲的孤独。被武道一次次穿越回来救他但命运似乎总在把他推向黑暗。""武道——你是我的英雄。""",Manjirou Sano|佐野万次郎|Mikey|マイキー,金发|娇小|Mikey|最强|东京卍会|孤独|崩塌,暂未收录
145342,花垣武道,东京复仇者,https://s4.anilist.co/file/anilistcdn/character/large/b145342-GSUutL83jGgI.png,"26岁的人生失败者——在新闻上看到中学时的前女友被东京卍会杀害。跳下月台却回到了12年前。从此开启了不断穿越回过去拯救所有人的旅程。每次回到过去都哭着跪求Mikey——""不要死了！""他是所有穿越系主角中最弱的——也是哭得最多但永远不会放弃的。",Takemichi Hanagaki|花垣武道|Takemichi|タケミチ,金发|穿越|无能|不放弃|哭泣|拯救|Mikey,暂未收录
145343,场地圭介,东京复仇者,https://s4.anilist.co/file/anilistcdn/character/large/b145343-vRrkdWEUXwYM.jpg,东京卍会一番队队长——Baji。Mikey从小的伙伴。用暴力保护着所有他想保护的东西——哪怕是背叛东京卍会。他用自己的方式把所有事情扛在一个人身上直到最后。在废车场的那一战是东京复仇者中最震撼的画面。,Keisuke Baji|场地圭介|Baji|バジ,黑发|虎牙|Baji|一番队|牺牲|废车场,暂未收录
145345,龙宫寺坚,东京复仇者,https://s4.anilist.co/file/anilistcdn/character/large/b145345-zyirrSsKIDCb.png,"东京卍会的副总长——Draken。身高185cm的巨型少年是Mikey最信任的左右手。背后有一条从脖子到腰的龙纹身。虽然外表凶恶但内心比谁都温柔。是武道穿越后最先成为朋友的人。""在这里——只要有我在谁都不能欺负你。""",Ken Ryuuguji|龙宫寺坚|Draken|ドラケン,金发|185cm|Draken|龙纹身|副总长|温柔巨人,暂未收录
146584,萧炎,斗破苍穹,https://s4.anilist.co/file/anilistcdn/character/large/b146584-4aP9ukOzMnse.png,"曾经的修炼天才——一夜之间沦为废物被所有人嘲笑和悔婚。三年之后他带着药老留下的灵魂和全新的力量回来了。""三十年河东三十年河西——莫欺少年穷！""",,,
148740,蕾塞,电锯人,https://s4.anilist.co/file/anilistcdn/character/large/b148740-ceAibPxLW8rR.png,在咖啡店打工的美丽少女，与淀治短暂交往。真实身份是苏联培养的恶魔人——炸弹恶魔，奉命夺取淀治的心脏。虽然任务在身但真心喜欢上了淀治。摘下颈环即可引爆自身，实力极为恐怖。,Reze|蕾塞|Reze|炸弹恶魔|炸弹女,紫发|美丽|温柔表象|炸弹恶魔|苏联|恶魔人|暗杀者|咖啡店员|颈环|自爆,上田丽奈
148767,翔鹤,碧蓝航线,https://s4.anilist.co/file/anilistcdn/character/large/b148767-PMpgH3XZy47o.png,[],翔鹤|Shoukaku,,Risa Taneda
148768,瑞鹤,碧蓝航线,https://s4.anilist.co/file/anilistcdn/character/large/b148768-sMFFXEej6ttf.png,[],Zuikaku|瑞鹤,,Risa Taneda
150417,鲇川龙二,蓝色时期,https://s4.anilist.co/file/anilistcdn/character/large/b150417-DVMK9sQwBx8a.png,主角的挚友，充满个性的美术才子。他有着自由不羁的气质，在艺术上天赋异禀。他不受世俗眼光的束缚，坚持自己的表达方式。作为朋友，他总是在关键时刻给予支持和启发。他的存在，让主角看到了艺术的不同可能性。那份洒脱与真诚，让他成为故事中不可或缺的存在。,Ryuuji Ayukawa|鲇川龙二|龙二,黑发|黑瞳|美术|自由|个性|朋友|才华|自我,Yumiri Hanamori
150425,尤里·布莱尔,间谍过家家,https://s4.anilist.co/file/anilistcdn/character/large/b150425-mP852peLh9eS.jpg,约尔的亲生弟弟，20岁的国家保安局中尉。表面上是外交官实为秘密警察。有着极端的姐控属性，极度排斥姐姐的伪装婚姻。对任何接近姐姐的人都充满敌意。,Yuuri Briar|尤里|Yuri Briar|秘密警察,棕发|棕色眼瞳|年轻|热血|姐控|秘密警察|保安局|中尉|外交官伪装|极端|国家至上,小野贤章
154103,市谷知雪,终将成为你,https://s4.anilist.co/file/anilistcdn/character/large/b154103-lcYetDREdomb.jpg,"已故的七海家姐姐，灯子的精神支柱和模仿对象。灯子一直在扮演""姐姐的替身""来维持她完美的外表。是灯子性格塑造的关键人物。",Tomoyuki Ichigaya|市谷知雪,已故|姐姐|精神支柱|完美|关键人物,暂未收录
156323,优奈,熊熊勇闯异世界,https://s4.anilist.co/file/anilistcdn/character/large/b156323-JZbBp6YPZhmN.png,[],Yuna|ユナ|熊装,,Maki Kawase
156324,菲娜,熊熊勇闯异世界,https://s4.anilist.co/file/anilistcdn/character/large/b156324-ZUNzdQ5BGOVK.png,[],Fina|フィナ,,Azumi Waki
156371,哪吒,哪吒之魔童降世,https://s4.anilist.co/file/anilistcdn/character/large/b156371-9mVrYawnrawo.png,"混元珠转世——注定要成为魔丸的少年。被全村人畏惧和唾弃。但他的父母从未放弃过他。在雷电交加的对决中——""我命由我不由天——是魔是仙我自己说了算！""",,,
156374,敖丙,哪吒之魔童降世,https://s4.anilist.co/file/anilistcdn/character/large/b156374-EcKKQgzUPClk.png,"灵珠转世的龙族太子——被龙族寄予了全部希望的少年。与哪吒是唯一的朋友和最残酷的对手。""你是我唯一的朋友——但命运让我们必须厮杀。""",,,
157117,森丸,蓝色时期,https://s4.anilist.co/file/anilistcdn/character/large/b157117-pJhhwUaGaMxK.jpg,在补习班认识的美术生，性格安静温柔。她在艺术上细腻而敏感，作品透露出温柔的气质。作为朋友，她总是给予主角温暖的支持。她在追求艺术的道路上，也在寻找属于自己的表达。那份温柔之下的坚韧，令人动容。,Maru Mori|森丸|丸,黑发|黑瞳|美术|安静|温柔|朋友|细腻|支持,Mayu Aoyagi
157118,高桥世田介,蓝色时期,https://s4.anilist.co/file/anilistcdn/character/large/b157118-Otu2NmNHzLxX.png,天赋异禀的美术生，绘画技巧高超。他性格孤僻，不善与人交流，却在艺术上有着惊人的才华。他曾是主角的竞争对手，两人在艺术的道路上互相影响。他在追求技巧完美的同时，也逐渐开始思考艺术更深层的意义。那份孤高之下的纯粹与执着，令人印象深刻。,Yotasuke Takahashi|高桥世田介|世田介,黑发|黑瞳|美术|天才|孤僻|技巧派|竞争|成长,Daiki Yamashita
157244,相座凪,四月是你的谎言,https://s4.anilist.co/file/anilistcdn/character/large/b157244-Hlp5gH8ia6GN.jpg,"小学生钢琴天才，一直崇拜着""人体节拍器""时代的有马公生。性格傲娇嘴硬，在公生的指导下开始理解音乐的自由和乐趣。是公生成长之后回头帮助下一代的小小象征。",Nagi Aiza|相座凪|Nagi,黑发|小学生|钢琴|傲娇|崇拜公生|天才|双马尾|成长,暂未收录
160246,凯露,公主连结Re:Dive,https://s4.anilist.co/file/anilistcdn/character/large/b160246-g44lB2ZlqdiT.png,[],Karyl|キャル,,Rika Tachibana
160247,佩可莉姆,公主连结Re:Dive,https://s4.anilist.co/file/anilistcdn/character/large/b160247-MeZX1W0Vgvo1.png,[],Pecorine|ペコリーヌ,,Mao Ichimichi
160248,可可萝,公主连结Re:Dive,https://s4.anilist.co/file/anilistcdn/character/large/b160248-Q37H6ZX30iwj.png,[],Kokkoro|コッコロ,,Miku Itou
160249,佑树,公主连结Re:Dive,https://s4.anilist.co/file/anilistcdn/character/large/b160249-CXTSduncrRLJ.png,[],Yuuki|ユウキ,,Atsushi Abe
162213,蜂乐回,蓝色监狱,https://s4.anilist.co/file/anilistcdn/character/large/b162213-4czykzdxmWG6.png,"洁世一在蓝色监狱的第一个盟友——自由奔放的盘带天才。足球对他来说就是""和怪物们一起玩的游戏""。在场上只听自己内心的""怪物""指挥。看似疯疯癫癫但拥有无人能及的技术和创造力。",Meguru Bachira|蜂乐回|Bachira|バチラ,金发|盘带|自由|怪物|天才|创造力,暂未收录
162214,国神炼介,蓝色监狱,https://s4.anilist.co/file/anilistcdn/character/large/b162214-9x9Q3A9rxpx8.png,"蓝色监狱的另一个竞争者——身材高大的强力前锋。信奉""正义""足球——拒绝使用任何卑鄙手段也要堂堂正正地进球。但在蓝色监狱的残酷竞争中他被迫面对""正义""是否真的能让他成为最强的事实。",Rensuke Kunigami|国神炼介|Kunigami,橙发|强力前锋|正义|高大|信念动摇,暂未收录
167444,千切豹马,蓝色监狱,https://s4.anilist.co/file/anilistcdn/character/large/b167444-JTHkkJAX4E3q.png,"蓝色监狱中速度最快的男人——""音速之千切""。拥有超越级别的冲刺速度是他的唯一武器也是他全部的存在价值。因膝盖旧伤一直被前队友过度保护在蓝色监狱中终于能放开奔跑不再被任何人束缚。",Hyouma Chigiri|千切豹马|Chigiri,红发|速度|音速|膝盖伤|自由|奔跑,暂未收录
168774,七草荠,彻夜之歌,https://s4.anilist.co/file/anilistcdn/character/large/b168774-zoB9InjmXYq2.png,"深夜在自动贩卖机旁遇到的吸血鬼少女——给了失眠的少年一个吻让他变成了吸血鬼的眷属。她用最慵懒的方式教会了他夜晚的乐趣。在城市的夜色中飞翔的他第一次觉得——""睡不着真是太好了""。但成为真正吸血鬼的代价是什么——她始终没有告诉他。",Nazuna Nanakusa|七草荠|Nazuna|ナズナ,金发|吸血鬼|夜晚|慵懒|吻|自动贩卖机|自由,暂未收录
168866,夜守光,彻夜之歌,https://s4.anilist.co/file/anilistcdn/character/large/b168866-zf5bb7rmZpxX.png,14岁的失眠少年——对学校和生活都失去了兴趣。每次深夜独自游荡在无人的街头。被吸血鬼少女荠吻了后获得了飞行的能力但必须在一年内爱上荠才能真正变成吸血鬼——否则就会死。在夜色中他第一次找到了活着的实感。,Kou Yamori|夜守光|Kou|コウ,黑发|14岁|失眠|被吸血鬼吻|飞行|寻找活着的意义,暂未收录
169392,久远涉,蓝色监狱,https://s4.anilist.co/file/anilistcdn/character/large/b169392-IWGJIFHcBsLa.png,蓝色监狱首轮比赛中洁世一所在的Z队成员。擅长观察和分析对手动向。是最早看出洁空间感知力可怕的人之一。,Wataru Kuon|久远涉,黑发|分析|观察|Z队,暂未收录
169409,麻中蓬,SSSS.DYNAZENON,https://s4.anilist.co/file/anilistcdn/character/large/b169409-qxaOR6fYkf1F.png,DYNAZENON的驾驶员之一——普通的高中生。在遇见失忆的怪兽使后获得了操控巨大机器人的力量。与南梦芽等同伴一起对抗来袭的怪兽。他的成长是所有队员中最明显的——从一个普通的少年到真正的英雄。,Yomogi Asanaka|麻中蓬|Yomogi,黑发|驾驶员|高中生|DYNAZENON|成长|普通少年,暂未收录
169410,失马,SSSS.DYNAZENON,https://s4.anilist.co/file/anilistcdn/character/large/b169410-1OPVzoQRlDqk.png,"自称""怪兽使""的神秘青年——失去了一切记忆。唯一记得的只有操控怪兽战斗的本能。与蓬和梦芽一起成为了DYNAZENON的核心。他的过去是整个故事最大的谜团。",Gauma|失马|ガウマ,白发|失忆|怪兽使|谜团|DYNAZENON,暂未收录
169411,南梦芽,SSSS.DYNAZENON,https://s4.anilist.co/file/anilistcdn/character/large/b169411-8gM6Cukk0KGP.jpg,"DYNAZENON的驾驶员之一——蓝色的短发少女。她与姐姐的过去是整个故事的核心伤痛。用操控机器的专注来逃避现实但在同伴的陪伴下逐渐打开了心扉。""我不是一个人——对吧？""",Yume Minami|南梦芽|Yume,蓝发|短发|驾驶员|过去伤痛|成长|同伴,暂未收录
170483,稀咲铁太,东京复仇者,https://s4.anilist.co/file/anilistcdn/character/large/b170483-mXcSRDNqVwCP.png,东京复仇者最核心的反派——拥有与武道同样的穿越能力。一次次从未来穿回过去修改历史。他操纵着东京卍会从背后把所有人推向毁灭。与武道是宿命中的对立者——一个人为了拯救一个人为了支配。,Tetta Kisaki|稀咲铁太|Kisaki|キサキ,黑发|反派|穿越|操纵|宿敌|幕后黑手,暂未收录
173544,Sugar,MEGALO BOX,https://s4.anilist.co/file/anilistcdn/character/large/b173544-xzh7ettJ0FUp.jpg,乔的少年助手——在贫民窟中长大的孤儿。帮乔修理装备安排比赛。是乔最忠实的伙伴和粉丝。,Sugar|Sugar,少年|孤儿|助手|乔的伙伴|修理,暂未收录
174263,荒井弘和,电锯人,https://s4.anilist.co/file/anilistcdn/character/large/b174263-TTMWfBlU1k3f.png,公安对魔特异4课的恶魔猎人，淀治的同事。性格胆小但善良，在关键时刻为了同伴挺身而出。对新人淀治颇为照顾但总是被卷入不可思议的危险中。,Hirokazu Arai|荒井弘和|荒井|Arai,黑发|瘦弱|胆小|善良|恶魔猎人|公安|牺牲精神,八代拓
174746,北埋川静香,砂糖的幸福生活,https://s4.anilist.co/file/anilistcdn/character/large/b174746-vfKQeBDG4yOy.png,砂糖的同班同学和朋友，对砂糖和盐的关系有所察觉。试图帮忙但往往把事情搞得更复杂。,Shizuka Kitaumekawa|北埋川静香,黑发|同学|朋友|观察者,暂未收录
174801,阿米娅,明日方舟,https://s4.anilist.co/file/anilistcdn/character/large/b174801-TMQak4mRHb1p.jpg,"罗德岛的公开领袖——兔耳少女。在战争中失去了一切被博士和凯尔希捡到。外表年幼但内心承受着感染者与正常人之间最深重的仇恨。左手无名指上的戒指——是继承""特蕾西亚意志""的证明。""博士——你不记得我了吗——没关系——我会一直在你身边。""",Amiya|阿米娅|アーミヤ,棕发|兔耳|罗德岛|领袖|感染者|特蕾西亚,Tomoyo Kurosawa
175675,犬王,犬王,https://s4.anilist.co/file/anilistcdn/character/large/b175675-lsqrA2TUd2hk.png,,Inu-Oh|犬王,,Avu-chan
175676,友鱼,犬王,https://s4.anilist.co/file/anilistcdn/character/large/b175676-hJ6V1P3wU2Tj.png,,Tomona|友魚,,Mirai Moriyama
176754,芙莉莲,葬送的芙莉莲,https://s4.anilist.co/file/anilistcdn/character/large/b176754-PCnpqIOkjhFk.png,"芙莉莲是精灵族的魔法使，曾与勇者辛美尔等人一起打败魔王。由于精灵寿命极长，她在勇者去世后才真正开始理解人类的情感。踏上了""了解人类""的旅程。",Frieren|芙莉莲|精灵|千年魔法使,银发|绿色眼瞳|精灵耳|长寿|淡然|温柔|精灵|魔法使|千年旅途|了解人心|勇者小队|强大魔力,种崎敦美
180692,日比野卡夫卡,怪兽8号,https://s4.anilist.co/file/anilistcdn/character/large/b180692-rPGXuxhcKw5N.png,"32岁的怪兽清扫员——梦想加入日本防卫队却屡考不中。在濒死时被一只小型怪兽寄生变成了能变身怪兽的人类——代号""怪兽8号""。以中年人的身体出发却获得了最强的力量。即使被防卫队当作威胁追杀也不愿放弃自己的梦想和对同伴的承诺。",Kafka Hibino|日比野卡夫卡|Kafka|卡夫卡,黑发|32岁|怪兽清扫员|怪兽8号|变身|执着|中年人|梦想不灭,暂未收录
180694,市川莱诺,怪兽8号,https://s4.anilist.co/file/anilistcdn/character/large/b180694-Q0Ocr4aqBu4k.png,"卡夫卡的年轻后辈——实现了两人共同的梦想成功加入防卫队。第一个发现卡夫卡变成怪兽并选择为他保密的人。在卡夫卡被追杀时不离不弃。""我永远站在卡夫卡前辈这一边。""",Reno Ichikawa|市川莱诺|Reno,黑发|防卫队|卡夫卡后辈|忠诚|不离不弃|少年,暂未收录
182729,博士,明日方舟,https://s4.anilist.co/file/anilistcdn/character/large/b182729-1uJe1ghqllBs.png,"罗德岛的战术指挥官——失去了所有记忆但战术头脑完好无损。从切尔诺伯格的石棺中被阿米娅救出后重新执掌罗德岛的指挥权。每天的工作就是吃饭睡觉和打源石虫。但博士的每一个决策都决定了无数干员的生死。""不要怕——我会带你们回家的。""",Doctor|博士|ドクター,兜帽|失忆|指挥官|罗德岛|战术|博士,Yuki Kaida
183884,星野瑠美衣,我推的孩子,https://s4.anilist.co/file/anilistcdn/character/large/b183884-iyo3BmTuhJ0l.jpg,"星野瑠美衣(露比)是阿库亚的双胞胎妹妹，前世是病人天童寺纱利奈。梦想成为像母亲一样的偶像，加入了新生""B小町""组合。性格活泼开朗。",Ruby Hoshino|露比|Ruby|B小町|瑠美衣,金发|蓝色眼瞳|活泼|开朗|偶像|B小町|双子|星野爱女儿|转生者|身患绝症前世|元气|单纯,伊驹百合绘
183885,星野爱久爱海,我推的孩子,https://s4.anilist.co/file/anilistcdn/character/large/b183885-HOmw8CqcJdv3.jpg,星野爱久爱海(阿库亚)是偶像星野爱的儿子，前世是医生雨宫吾郎。母亲被杀害后，他立志向幕后黑手复仇，踏入了演艺圈。拥有出色的演技和外貌。,Aquamarine Hoshino|阿库亚|Aqua|天才演员,金发|蓝色眼瞳|帅气|冷静|腹黑|复仇心|演员|天才演技|双子|星野爱儿子|转生者|医生前世,大冢刚央
183889,四之宫奇可露,怪兽8号,https://s4.anilist.co/file/anilistcdn/character/large/b183889-2Ar6AHPx2mre.png,"防卫队最年轻的王牌队员——16岁的天才少女。解放战力46%的顶尖战士。最初极度敌视卡夫卡但逐渐认可了他的实力和人格。对待任务冷酷无情其实性格傲娇。""卡夫卡前辈——你还真是让人放心不下呢。""",Kikoru Shinomiya|四之宫奇可露|Kikoru,金发|16岁|防卫队|解放战力46%|天才|傲娇|双马尾,暂未收录
183965,菲伦,葬送的芙莉莲,https://s4.anilist.co/file/anilistcdn/character/large/b183965-uGFohBjlFoTp.png,芙莉莲的人类徒弟，一名天赋卓越的年轻女魔法使。性格沉稳认真，擅长高速施法和精确的魔力控制。平时表情平淡但在意的事会毫不留情地指出。旅途中是队伍中最靠谱的同伴。,Fern|菲伦|天才魔法使,棕发|紫色眼瞳|沉稳|认真|毒舌|魔法使|高速施法|精确制御|天才|少女,市之濑加那
184310,海塔,葬送的芙莉莲,https://s4.anilist.co/file/anilistcdn/character/large/b184310-tiXvrq4FINXP.jpg,勇者小队中的僧侣，使用女神魔法。嗜酒如命的好色大叔，但作为僧侣极为优秀。是勇者小队中最年长的成员，在芙莉莲面前自称大哥哥。勇者死后收养了战灾孤儿菲伦并培养她成为魔法使。,Heiter|海塔|僧侣海塔|酒鬼僧侣,绿发|好酒|好色|僧侣|女神魔法|勇者小队|年长者|菲伦养父|可靠|大叔,东地宏树
184311,辛美尔,葬送的芙莉莲,https://s4.anilist.co/file/anilistcdn/character/large/b184311-wQFySqYXEqf1.png,十年前击败魔王的勇者小队中的勇者。性格温柔正直、自恋但不讨人厌，喜欢在每个城镇留下自己的雕像。虽然已经去世十年，但芙莉莲踏上旅程后才真正开始了解他的心意和对自己的深情。是芙莉莲心中永远的勇者。,Himmel|辛美尔|勇者辛美尔,蓝发|蓝色眼瞳|高挑|温柔|正直|自恋|勇者|勇者小队|已故|喜欢芙莉莲|雕像|传奇,冈本信彦
184313,修塔尔克,葬送的芙莉莲,https://s4.anilist.co/file/anilistcdn/character/large/b184313-CQl6GSt4RSny.jpg,修塔尔克是艾泽的徒弟，使用巨斧的年轻战士。外表强壮但内心胆小，总觉得自己不够勇敢。实际上实力强大，是队伍中可靠的物理输出。,Stark|修塔尔克|战士|战斧,红棕发|蓝色眼瞳|高大强壮|胆小|温柔|战士|巨斧|缺乏自信|实则强大|可靠肉盾,小林千晃
185046,拉塞尔·费罗,Re:从零开始的异世界生活,https://s4.anilist.co/file/anilistcdn/character/large/b185046-chJWaKEwVlZs.jpg,商业都市普利斯特拉的富商之子，为人狡猾精明的商人。在王选篇中与昴打过交道，展现了卢格尼卡经济圈商人们的复杂生态。,Russell Fellow|拉塞尔·费罗|Russell,商人|精明|富家子弟|普利斯特拉|谈判|经济,暂未收录
188783,有马加奈,我推的孩子,https://s4.anilist.co/file/anilistcdn/character/large/b188783-77orwP7vNuNg.png,"有马加奈是天才童星出身的女演员，被称为""能在十秒内哭出来的天才""。对阿库亚有好感，加入了B小町成为偶像。演技精湛但个性傲娇。",Kana Arima|加奈|有马加奈|Kana|天才童星|重曹酱,棕发|红色眼瞳|萝莉|傲娇|天才|童星|十秒落泪|演员|B小町|自卑|演技派,潘惠美
193215,安达知香,安达与岛村,https://s4.anilist.co/file/anilistcdn/character/large/b193215-kOcfXvY1dGKv.png,安达樱的母亲，理解女儿的性格并默默支持她的成长。偶尔给出恰到好处的建议。,Atsuka Adachi|安达敦香,母亲|理解|支持,暂未收录
194201,桑名真纪,蓝色时期,https://s4.anilist.co/file/anilistcdn/character/large/b194201-yxhQI3TDOt46.png,在补习班认识的美术生，拥有独特的艺术才华。她沉默寡言，作品却充满强烈的个人色彩。她在艺术创作中不断探索自我，敢于表达内心真实的想法。那份不被理解的孤独与坚持，让她的作品格外动人。她与主角之间的交流，是彼此成长的重要契机。,Maki Kuwana|桑名真纪|真纪,黑发|黑瞳|美术|独特|沉默|才华|自我探索|个性,Yume Miyamoto
194203,桥田悠,蓝色时期,https://s4.anilist.co/file/anilistcdn/character/large/b194203-CDlUmFQLqHyi.png,在补习班认识的美术生，性格勤奋努力。他没有过人的天赋，却靠着日复一日的努力不断提升自己。他善良真诚，是主角在艺术道路上互相扶持的伙伴。他对艺术的热爱朴素而坚定。那份脚踏实地的努力，是故事中温暖而励志的存在。,Haruka Hashida|桥田悠|悠,黑发|黑瞳|美术|勤奋|努力|朋友|善良|坚持,Kengo Kawanishi
201323,大叶真由,蓝色时期,https://s4.anilist.co/file/anilistcdn/character/large/b201323-VrAN263s4Vcl.jpg,在补习班认识的美术生，性格认真努力。她在艺术的道路上踏实前行，不断探索自己的可能性。她与主角和其他伙伴们一起，在备考的岁月里互相鼓励、共同成长。那份认真与坚持，让她在艺术的世界里找到了属于自己的方向。,Mayu Ooba|大叶真由|真由,黑发|黑瞳|美术|认真|努力|朋友|成长|坚持,Yuuki Kazu
203384,黑川茜,我推的孩子,https://s4.anilist.co/file/anilistcdn/character/large/b203384-YuSppFDMw2wn.png,天才舞台剧女演员，拥有惊人的角色理解和模仿能力——能通过心理学分析完全还原甚至超越角色的表演。与阿库亚在恋爱真人秀中相识后成为其重要伙伴。性格谦逊一旦进入表演状态便判若两人。,Akane Kurokawa|黑川茜|Akane|天才女优|AKANE,黑发|蓝色眼瞳|聪慧|谦逊|天才女优|心理学分析|演技模仿|恋爱真人秀|舞台剧|推理能力,石见舞菜香
207937,乾心寿,更衣人偶坠入爱河,https://s4.anilist.co/file/anilistcdn/character/large/b207937-ytYjcNtNX77K.png,纱寿叶的妹妹——外表反差极大的少女。看起来比姐姐成熟许多但实际是初中生。姐姐的专属摄影师，两人是最佳搭档。对姐姐的Cos事业有着无比的支持和热爱。性格比姐姐温顺很多。,Shinju Inui|乾心寿|Shinju,黑发|摄影师|妹妹|反差|温顺|Cosplay支援,暂未收录
212199,蓝原翔,柑橘味香气,https://s4.anilist.co/file/anilistcdn/character/large/b212199-6MchfpLTKQ10.png,柚子的父亲，再婚后成为了新家庭的连接者。工作忙碌但对女儿们充满关爱。,Shou Aihara|蓝原翔,中年|父亲|再婚|关爱,暂未收录
212201,蓝原梅,柑橘味香气,https://s4.anilist.co/file/anilistcdn/character/large/b212201-RQkOC4hspR7M.png,芽衣的母亲，柚子的继母。与柚子的父亲再婚后为两个家庭搭建了新的关系。是促成柚子和芽衣成为姐妹的关键人物。,Ume Aihara|蓝原梅,棕发|母亲|再婚|温柔,暂未收录
239687,小黑,迷宫饭,https://s4.anilist.co/file/anilistcdn/character/large/b239687-R4URaC2y1cfL.png,迷宫中遇到的神秘黑猫魔兽——被莱欧斯一行人救助后成为了队伍的宠物和吉祥物。虽然外表可爱但战斗力不容小觑。特别喜欢先西做的料理。,Kuro|小黑|クロ,黑猫|魔兽|宠物|吉祥物|可爱,暂未收录
244317,高顺,药屋少女的呢喃,https://s4.anilist.co/file/anilistcdn/character/large/b244317-zm6LeJmLN9kZ.png,壬氏的亲信和护卫，沉稳可靠的武官。在壬氏和猫猫的每次冒险中负责提供武力保障。虽然话不多但每次的评价都一针见血。是少有的几个知道壬氏秘密的人之一。,Gaoshun|高顺|ガオシュン,黑发|武官|护卫|沉稳|可靠|知情者,暂未收录
245521,齐藤一护,我推的孩子,https://s4.anilist.co/file/anilistcdn/character/large/b245521-Kc8y3UYQ4JXs.jpg,草莓娱乐经纪公司的社长，星野爱生前的经纪人。在星野爱去世后继续照顾她的双胞胎儿女并协助他们进入演艺圈。为人精明但内心善良。,Ichigo Saitou|斋藤一护|一护|草莓娱乐,黑发|中年|精明|善良|经纪公司社长|守护者,暂未收录
257562,后藤独,孤独摇滚,https://s4.anilist.co/file/anilistcdn/character/large/b257562-Ru35NYPfsqhY.png,"极度社恐的吉他少女——网名""吉他英雄""。三年前开始自学吉他梦想在文化祭上表演，但三年间一个朋友都没交到。直到被伊地知虹夏拉入结束乐队后才第一次站上舞台。每次演出前都会躲进垃圾桶或者芒果纸箱里。但拿起吉他那一刻就变成了真正的摇滚明星。",Hitori Gotou|后藤独|Bocchi|波奇|ひとりちゃん,粉发|社恐|吉他|吉他英雄|垃圾桶|芒果箱|结束乐队|反差,青山吉能
259510,岩户铃芽,铃芽之旅,https://s4.anilist.co/file/anilistcdn/character/large/b259510-59wuAsKvY2wW.png,"住在九州宫崎的17岁少女——在去学校的坡道上遇到了一个寻找""门""的青年。追随他走向废墟拉开了一扇古老的门——从此打开了通往日本各地灾难之门的旅途。用一把小小的儿童椅当武器封印灾难。从九州到东京再到故乡东北——这条路线是12年前那场地震中无数人走过的路。""我是铃芽——我回来了。""",Suzume Iwato|岩户铃芽|Suzume|鈴芽,黑发|17岁|闭门师|椅子|地震|旅程|回家,暂未收录
260328,井之上泷奈,莉可丽丝,https://s4.anilist.co/file/anilistcdn/character/large/b260328-GVvi4r6RKivm.png,从DA总部被调派到LycoReco的Lycoris，性格严肃冷酷。在千束的影响下逐渐学会了享受生活和微笑。虽然一开始对千束的方式充满质疑但后来成为她最信任的伙伴。,Takina Inoue|井之上泷奈|Takina|泷奈,黑发|Lycoris|冷酷|严肃|被千束感染|忠诚|成长|搭档,若山诗音
260329,锦木千束,莉可丽丝,https://s4.anilist.co/file/anilistcdn/character/large/b260329-1Z5n1QgViEBI.png,"和风咖啡厅""LycoReco""的招牌店员（Lycoris），以非致命子弹为信条的另类杀手。性格极度乐观开朗，享受每一天的生活。拥有超强的动态视力和躲避能力，任何攻击都无法击中她。与泷奈是最佳搭档。",Chisato Nishikigi|锦木千束|Chisato|千束,金发|红色眼瞳|Lycoris|非致命弹|乐观|最强闪避|咖啡厅|开朗|元气,安济知佳
261674,伊地知虹夏,孤独摇滚,https://s4.anilist.co/file/anilistcdn/character/large/b261674-a8tJYvtzqWgC.png,结束乐队的鼓手和队长——全队最阳光的存在。第一个发现波奇吉他才能并将她拉入乐队的人。用开朗的笑容维持着乐队的运转。姐姐星歌是Livehouse的店主。她也是结束乐队最强的凝聚力。,Nijika Ijichi|伊地知虹夏|Nijika|虹夏,金发|鼓手|队长|阳光|凝聚力|Livehouse|把波奇拉出壳,铃代纱弓
262535,玉田俊二,BLUE GIANT,https://s4.anilist.co/file/anilistcdn/character/large/b262535-cpHvSGIQtnIv.jpg,"被大的萨克斯震撼后从零开始学鼓的青年。最初连节奏都打不稳但在大的感染下把全部生命投入了爵士乐。是大最初的伙伴和鼓手。""我的人生从遇到大那一刻才真正开始。""",Shunji Tamada|玉田俊二|Tamada,黑发|鼓手|自学|被大感染|伙伴|热血,暂未收录
262536,泽边雪祈,BLUE GIANT,https://s4.anilist.co/file/anilistcdn/character/large/b262536-KrTw9Doavh10.png,出身音乐世家的天才钢琴手——从小在古典音乐中长大。第一次听到大的萨克斯后毅然决然转投爵士。古典的精准遇上爵士的自由——他的转变是三人乐队完整的关键。,Yukinori Sawabe|泽边雪祈|Sawabe,黑发|钢琴|古典出身|转投爵士|天才|精准,暂未收录
264355,凯尔文,黑之召唤师,https://s4.anilist.co/file/anilistcdn/character/large/b264355-vlje2vtFOM0B.png,[],Kelvin Celsius|Kelvin,,Kouki Uchiyama
264356,艾菲尔,黑之召唤师,https://s4.anilist.co/file/anilistcdn/character/large/b264356-ZZo7OqbQbUv4.png,[],Efil|エフィル,,Manaka Iwami
264529,山田凉,孤独摇滚,https://s4.anilist.co/file/anilistcdn/character/large/b264529-BvEusZnJLD2Y.png,结束乐队的贝斯手——冷面酷女。外貌帅气的中性美少女，全校女生为之疯狂。但她的全部存款都拿去买贝斯和弦了以至于穷到吃草。面无表情地做出最离谱的事——是结束乐队隐藏的搞笑担当。,Ryou Yamada|山田凉|Ryou|凉,蓝发|贝斯手|中性|酷|贫穷|吃草|面瘫|帅气,水野朔
266041,喜多郁代,孤独摇滚,https://s4.anilist.co/file/anilistcdn/character/large/b266041-1HKgjJGP2MmM.png,结束乐队的主唱兼吉他手——全校最受欢迎的阳角。最初想加入乐队是假装会吉他但在波奇的帮助下真正爱上了音乐。逃跑后又被波奇拉回来成为乐队不可或缺的主唱。她的歌声是结束乐队最亮的光芒。,Ikuyo Kita|喜多郁代|Kita|喜多,红发|主唱|吉他|阳角|万人迷|逃跑|被波奇拉回来,长谷川育美
269129,关真昼,彻夜之歌,https://s4.anilist.co/file/anilistcdn/character/large/b269129-nHJXFp7HDZBg.png,"另一个吸血鬼眷属——与光和荠在夜晚的城市中相遇的神秘少年。已经死过一次的他比光更了解""成为吸血鬼""的真正含义。是光在夜晚世界中的引导者也是警告者。",Mahiru Seki|关真昼|Mahiru,黑发|吸血鬼眷属|神秘|已死|引导者,暂未收录
271367,阳务乐郎,香格里拉·弗陇提亚,https://s4.anilist.co/file/anilistcdn/character/large/b271367-RM6DwXf1D0gu.png,"通关了所有""垃圾游戏""的超级玩家——游戏ID""桑乐""。对神作VRMMO""香格里拉·弗陇提亚""发起了挑战。但他的玩法是——不穿任何防具、只拿双匕首、把所有技能点都加到速度和运气上。在这个所有人都追求最强装备的世界里他用最荒谬的方式打赢每一场Boss战。",Rakurou Hizutome|阳务乐郎|Sunraku|桑乐,白发|双匕首|垃圾游戏爱好者|速通|裸装|搞笑|战斗天才,暂未收录
272642,WISE长官,间谍过家家,https://s4.anilist.co/file/anilistcdn/character/large/b272642-S4V3jLcHwzFx.jpg,西国情报局WISE的长官，洛伊德的直属上司。白发苍苍但精明老练的情报界传奇人物。表面严厉实则为下属着想的可靠上级。,WISE Kyokuchou|WISE长官|情报局长,白发|老者|精明|老练|情报局长官|WISE|传奇情报员,暂未收录
274195,李白,药屋少女的呢喃,https://s4.anilist.co/file/anilistcdn/character/large/b274195-TyGcY0uiMpx4.png,宫廷中的下级武官，性格豪爽直率的青年。对猫猫的推理能力极为佩服经常协助她调查。虽然在权谋诡计中显得有些笨拙但他的真诚赢得了猫猫的信任。,Lihaku|李白|リハク,棕发|武官|豪爽|直率|猫猫协助者|真诚,暂未收录
283404,真岛,莉可丽丝,https://s4.anilist.co/file/anilistcdn/character/large/b283404-VNfIXSv6HTe4.png,与Lycoris对立的神秘势力成员，千束的宿敌。拥有超乎常人的战斗力和意志力。虽然立场对立但有着自己的信念和美学。,Majima|真岛,白发|反派|千束宿敌|战斗力|信念,暂未收录
283680,楠木,莉可丽丝,https://s4.anilist.co/file/anilistcdn/character/large/b283680-beia7O4YaKLE.png,DA组织的上级指挥官，泷奈的直属上司。对Lycoris们有着严格的要求但出发点是为了她们的安全。,Kusunoki|楠木,黑发|指挥官|DA|严格|上司,暂未收录
284157,露西,赛博朋克边缘行者,https://s4.anilist.co/file/anilistcdn/character/large/b284157-cqYawN7XCNJx.jpg,"从荒坂逃出来的黑客——白发的沉默少女。在大卫最崩溃的时候对他伸出了手。她的梦想只是去月球——但在她和大卫之间那个梦想从月亮变成了一个更小的东西——""我只想和你在一起。""最后一个人站在月球上看着大卫没能看到的光芒。""大卫——我看到了——月亮——好美。""",Lucy|露西|ルーシー,白发|黑客|荒坂|逃犯|月球|沉默|爱,Aoi Yuuki
284158,大卫·马丁内斯,赛博朋克边缘行者,https://s4.anilist.co/file/anilistcdn/character/large/b284158-z1uGKC3IYVa1.png,"夜之城最年轻的边缘行者——17岁的街头少年。从母亲的医疗费开始一步步踏入义体改造的深渊。在曼恩死后独自撑起整个团队。但每一个义体都在吞噬他的人性——直到最后站在夜之城最高楼上。""Lucy——我终于带你去看月亮了——对不起我不能陪你到那里了。""",David Martinez|大卫|David|デイビッド,棕发|17岁|义体|夜之城|边缘行者|牺牲|月球,KENN
284165,法拉第,赛博朋克边缘行者,https://s4.anilist.co/file/anilistcdn/character/large/b284165-sQpdUhtcWquN.jpg,夜之城的中间人——把大卫拉入边缘行者世界的幕后推手。永远穿着一身西装的面无表情的阴影。他的手伸向了每一个能给他带来利益的边缘行者包括大卫。,Faraday|法拉第|ファラデー,黑发|中间人|西装|夜之城|幕后,Kazuhiko Inoue
284260,宗像草太,铃芽之旅,https://s4.anilist.co/file/anilistcdn/character/large/b284260-lXeBzrA6ZchP.png,"年轻的""闭门师""——寻找废墟中通往灾难的门并将其封印。被神秘的白猫Daijin诅咒变成了一把三条腿的儿童椅。即使变成了椅子他也一刻不停地向着下一个门跑去——""我是闭门师——这是我的使命。""铃芽是唯一一个会认真听他说话的人。",Souta Munakata|宗像草太|Souta|草太,黑发|闭门师|被诅咒|椅子|使命|守护,暂未收录
284261,大臣,铃芽之旅,https://s4.anilist.co/file/anilistcdn/character/large/b284261-2m1iJLNCFjed.jpg,"神秘的白猫——出现在草太被封印的门前。把草太变成了椅子。它看似在制造灾难实际上是在引导铃芽走向一条更重要的道路。它的真身是整个故事最大的谜底。每一声""喵""都藏着无法言说的秘密。",Daijin|大臣|ダイジン,白猫|神秘|封印|引导|喵|谜底,暂未收录
289824,真流,天国大魔境,https://s4.anilist.co/file/anilistcdn/character/large/b289824-7LdKeeZkpEjF.png,"拥有特殊能力的少年——用手触摸物体就能感知其""记忆""。与姐姐桐子一起在崩坏的日本寻找传说中的""天国""。外表冷酷内心温柔，对姐姐的依赖超出他自己意识到的程度。战斗能力极强，但每次使用能力都会消耗大量体力。",Maru|真流|マル,黑发|触摸感知|天国|寻找|战斗|外冷内热,暂未收录
289828,桐子,天国大魔境,https://s4.anilist.co/file/anilistcdn/character/large/b289828-021nDZVsvAP5.png,"真流的姐姐兼护卫——短发帅气的少女。精通枪械和格斗技术。带着弟弟在末日后的日本流浪。看似坚强独立但其实是弟弟的精神支柱。对真流的真实身世和""天国""的秘密有着无法言说的牵连。",Kiruko|桐子|キルコ,短发|枪械|格斗|弟弟护卫|坚强|流浪,暂未收录
297902,杏,天国大魔境,https://s4.anilist.co/file/anilistcdn/character/large/b297902-KEeb7dlu01cV.png,在末日废土中独自生存的少女。遇到真流和桐子后加入了他们的旅途。擅长寻找食物和水源，是三人组中的生存专家。性格开朗乐观在绝望的环境中是最亮的光。,Anzu|杏|アンズ,棕发|生存|少女|乐观|加入同行,暂未收录
301052,轮堂鸦夜,不死少女的谋杀,https://s4.anilist.co/file/anilistcdn/character/large/b301052-dCPTkqyRenCn.png,"被斩首的不死侦探——只剩一颗头装在鸟笼里被真打津轻提着走。19世纪末的欧洲，她用超常的推理和""不死""身份调查着各种离奇的怪物杀人事件。性格毒舌傲娇但推理天才。目标是找到夺走她身体的那个人。",Aya Rindou|轮堂鸦夜|Aya|鴉夜,金发|只剩头|不死|侦探|鸟笼|毒舌|推理天才,暂未收录
301053,真打津轻,不死少女的谋杀,https://s4.anilist.co/file/anilistcdn/character/large/b301053-cBSSf5rlEO5B.jpg,"拎着鸦夜头笼的半人半鬼青年——被称为""鬼杀""。用超人的战斗能力解决鸦夜推理不来的""物理问题""。口头禅是""真是麻烦死了""——但他的拳头从不嫌麻烦。与鸦夜是最佳搭档。",Tsugaru Shinuchi|真打津轻|Tsugaru,黑发|半鬼|战斗|拎鸟笼|搭档|麻烦死了,暂未收录
306847,铁心,地狱乐,https://s4.anilist.co/file/anilistcdn/character/large/b306847-pTOq1RighbhL.png,极乐净土探索队伍的成员，强壮的僧侣战士。以重拳和金刚不坏般的身体战斗。沉默寡言但每次关键战斗都会站在最前面。对同伴有着深厚的信任。,Tesshin|铁心,光头|僧侣|巨拳|金刚|沉默|保护者,暂未收录
308017,塞巴斯,怪兽8号,https://s4.anilist.co/file/anilistcdn/character/large/b308017-654bU7aQfcfg.png,防卫队第三部队的副队长，精锐战士。性格严谨认真，在卡夫卡加入防卫队后成为他的上司和训练者。虽然严格但私下对卡夫卡的潜力有着很高的评价。,Sebas|塞巴斯,黑发|副队长|防卫队|严格|认真|训练者,暂未收录
312746,亚妮玛丽亚,香格里拉·弗陇提亚,https://s4.anilist.co/file/anilistcdn/character/large/b312746-0oPN8PHs7FQM.png,"香格里拉·弗陇提亚中最强的玩家之一——兽人族的猫耳剑士。被桑乐的裸装打法震惊到无法言语——然后成为了他最忠实的""吐槽者""和战友。""你到底有没有常识啊？！""",Animalia|亚妮玛丽亚,猫耳|兽人|剑士|吐槽|最强玩家|战友,暂未收录
313382,阳务瑠美,香格里拉·弗陇提亚,https://s4.anilist.co/file/anilistcdn/character/large/b313382-YtE6gJqqQfNT.png,乐郎的妹妹——现实世界中唯一的亲人。对哥哥整天打游戏的生活方式充满了嫌弃但每天还是做好饭等他。其实是游戏攻略网站上粉丝无数的匿名攻略作者。,Rumi Hizutome|阳务瑠美,棕发|妹妹|料理|攻略作者|嫌弃哥哥|隐藏高手,暂未收录
318148,艾泽,葬送的芙莉莲,https://s4.anilist.co/file/anilistcdn/character/large/b318148-u49X2U8E5jS6.png,勇者小队中的矮人战士，使用巨斧的最强物理输出。外表粗犷豪放但内心细腻温柔。是修塔尔克的师父——教他如何成为一个真正的战士。虽然整天骂徒弟胆小但真正面对强敌时会以自己的方式挡在徒弟前面。,艾泽|Eisen|勇者小队|矮人战士,矮人|战士|巨斧|最强物理输出|勇者小队|修塔尔克师父|粗犷|温柔|师父,暂未收录
323589,姜正浩,我独自升级,https://s4.anilist.co/file/anilistcdn/character/large/b323589-70NC1HRi6BKa.png,韩国A级猎人——使用盾牌的防御型战士。最初看不起秦禹但在看到他的成长后成为了他最坚定的盟友之一。,Jeong-Ho Kang|姜正浩,棕发|A级猎人|盾牌|防御|盟友,暂未收录
327305,赞则,葬送的芙莉莲,https://s4.anilist.co/file/anilistcdn/character/large/b327305-DsvizGfxKnE8.png,一级魔法使考试的考官之一，擅长束缚魔法。是一位沉着冷静的魔法使，在芙莉莲参加一级魔法使考试时与她有过交手。他的战斗方式精密而优雅。,赞则|Zense|一级魔法使,黑发|一级魔法使|考官|束缚魔法|沉着|精密|优雅,暂未收录
339524,岩,天国大魔境,https://s4.anilist.co/file/anilistcdn/character/large/b339524-9sA7ohsVY3wb.png,天国设施的守护者之一，身形巨大的沉默男人。拥有超强的力量和恢复能力。守护着设施中最深处的秘密。,Iwa|岩,巨大|守护者|沉默|力量|秘密,暂未收录